date,DGS2,DGS5,DGS10,butterfly_spread,roll_mean_252,roll_std_252,z_score_252
1976-06-01,7.26,7.71,7.94,0.21999999999999975,,,
1976-06-02,7.23,7.74,7.94,0.3099999999999996,0.265,0.0636,0.708
1976-06-03,7.22,7.75,7.92,0.3600000000000012,0.2967,0.0709,0.893
1976-06-04,7.12,7.67,7.89,0.3299999999999992,0.305,0.0603,0.415
1976-06-07,7.09,7.64,7.88,0.3099999999999996,0.306,0.0522,0.077
1976-06-08,7.11,7.67,7.9,0.33000000000000007,0.31,0.0477,0.419
1976-06-09,7.08,7.66,7.9,0.33999999999999986,0.3143,0.045,0.571
1976-06-10,7.0,7.61,7.86,0.3600000000000003,0.32,0.0447,0.895
1976-06-11,7.03,7.58,7.86,0.2699999999999987,0.3144,0.045,-0.987
1976-06-14,7.01,7.56,7.84,0.2699999999999996,0.31,0.0447,-0.895
1976-06-15,7.02,7.59,7.85,0.3100000000000005,0.31,0.0424,0.0
1976-06-16,7.06,7.62,7.87,0.3099999999999996,0.31,0.0405,-0.0
1976-06-17,7.06,7.6,7.85,0.2900000000000009,0.3085,0.0391,-0.473
1976-06-18,6.99,7.54,7.81,0.28000000000000025,0.3064,0.0384,-0.687
1976-06-21,6.95,7.51,7.8,0.27000000000000046,0.304,0.0381,-0.892
1976-06-22,7.01,7.53,7.81,0.2400000000000011,0.3,0.0402,-1.493
1976-06-23,7.01,7.53,7.81,0.2400000000000011,0.2965,0.0415,-1.361
1976-06-24,6.99,7.53,7.81,0.2600000000000007,0.2944,0.0412,-0.835
1976-06-25,7.02,7.56,7.83,0.2699999999999996,0.2932,0.0404,-0.574
1976-06-28,7.02,7.58,7.86,0.28000000000000025,0.2925,0.0395,-0.316
1976-06-29,7.02,7.59,7.86,0.2999999999999998,0.2929,0.0385,0.184
1976-06-30,7.02,7.58,7.86,0.28000000000000025,0.2923,0.0377,-0.326
1976-07-01,7.02,7.59,7.88,0.28000000000000025,0.2917,0.0369,-0.317
1976-07-02,6.99,7.57,7.84,0.3100000000000005,0.2925,0.0363,0.482
1976-07-06,6.96,7.55,7.82,0.3200000000000003,0.2936,0.0359,0.735
1976-07-07,6.99,7.57,7.84,0.3100000000000005,0.2942,0.0353,0.448
1976-07-08,6.92,7.52,7.82,0.29999999999999893,0.2944,0.0347,0.161
1976-07-09,6.77,7.45,7.78,0.35000000000000053,0.2964,0.0356,1.506
1976-07-12,6.72,7.4,7.76,0.32000000000000206,0.2972,0.0352,0.648
1976-07-13,6.74,7.42,7.77,0.33000000000000007,0.2983,0.0351,0.903
1976-07-14,6.76,7.43,7.79,0.3099999999999996,0.2987,0.0346,0.327
1976-07-15,6.72,7.38,7.77,0.2699999999999996,0.2978,0.0344,-0.808
1976-07-16,6.85,7.47,7.83,0.2599999999999998,0.2967,0.0345,-1.064
1976-07-19,6.89,7.51,7.86,0.2699999999999987,0.2959,0.0343,-0.755
1976-07-20,6.91,7.52,7.87,0.2599999999999989,0.2949,0.0343,-1.017
1976-07-21,6.9,7.51,7.86,0.2599999999999989,0.2939,0.0343,-0.988
1976-07-22,6.91,7.52,7.86,0.2699999999999987,0.2932,0.0341,-0.68
1976-07-23,6.9,7.5,7.84,0.2599999999999998,0.2924,0.034,-0.953
1976-07-26,6.86,7.51,7.87,0.29000000000000004,0.2923,0.0336,-0.068
1976-07-27,6.76,7.44,7.85,0.27000000000000135,0.2918,0.0334,-0.653
1976-07-28,6.79,7.48,7.85,0.32000000000000206,0.2924,0.0332,0.831
1976-07-29,6.75,7.43,7.85,0.2599999999999998,0.2917,0.0332,-0.955
1976-07-30,6.74,7.47,7.86,0.33999999999999897,0.2928,0.0336,1.405
1976-08-02,6.75,7.54,7.85,0.4800000000000004,0.297,0.0436,4.197
1976-08-03,6.72,7.5,7.82,0.46000000000000085,0.3007,0.0495,3.218
1976-08-04,6.73,7.45,7.81,0.3600000000000003,0.302,0.0497,1.167
1976-08-05,6.74,7.4,7.82,0.2400000000000002,0.3006,0.05,-1.212
1976-08-06,6.71,7.37,7.84,0.19000000000000128,0.2983,0.052,-2.083
1976-08-09,6.68,7.38,7.84,0.2400000000000002,0.2971,0.0521,-1.096
1976-08-10,6.68,7.37,7.84,0.22000000000000064,0.2956,0.0527,-1.435
1976-08-11,6.66,7.33,7.82,0.17999999999999972,0.2933,0.0546,-2.075
1976-08-12,6.64,7.33,7.81,0.20999999999999996,0.2917,0.0553,-1.477
1976-08-13,6.6,7.28,7.78,0.1800000000000006,0.2896,0.0569,-1.926
1976-08-16,6.57,7.23,7.74,0.15000000000000036,0.287,0.0595,-2.303
1976-08-17,6.57,7.26,7.75,0.1999999999999993,0.2855,0.0601,-1.423
1976-08-18,6.59,7.26,7.76,0.16999999999999993,0.2834,0.0615,-1.844
1976-08-19,6.61,7.29,7.76,0.20999999999999996,0.2821,0.0617,-1.169
1976-08-20,6.68,7.28,7.76,0.120000000000001,0.2793,0.0647,-2.462
1976-08-23,6.62,7.23,7.73,0.11000000000000032,0.2764,0.0679,-2.451
1976-08-24,6.6,7.22,7.72,0.1200000000000001,0.2738,0.0703,-2.188
1976-08-25,6.53,7.19,7.69,0.16000000000000014,0.272,0.0712,-1.573
1976-08-26,6.54,7.19,7.68,0.16000000000000103,0.2702,0.072,-1.531
1976-08-27,6.6,7.26,7.72,0.20000000000000018,0.269,0.072,-0.958
1976-08-30,6.57,7.23,7.71,0.1800000000000006,0.2677,0.0723,-1.213
1976-08-31,6.5,7.16,7.66,0.16000000000000014,0.266,0.0729,-1.454
1976-09-01,6.5,7.14,7.64,0.13999999999999968,0.2641,0.074,-1.677
1976-09-02,6.54,7.18,7.67,0.14999999999999947,0.2624,0.0748,-1.503
1976-09-03,6.52,7.16,7.65,0.15000000000000036,0.2607,0.0754,-1.468
1976-09-07,6.46,7.15,7.64,0.20000000000000107,0.2599,0.0752,-0.797
1976-09-08,6.44,7.16,7.64,0.2400000000000002,0.2596,0.0747,-0.262
1976-09-09,6.49,7.19,7.66,0.23000000000000043,0.2592,0.0743,-0.393
1976-09-10,6.46,7.17,7.64,0.2400000000000002,0.2589,0.0738,-0.256
1976-09-13,6.47,7.2,7.64,0.2900000000000009,0.2593,0.0734,0.418
1976-09-14,6.49,7.18,7.64,0.22999999999999954,0.2589,0.0729,-0.396
1976-09-15,6.45,7.17,7.62,0.2699999999999996,0.2591,0.0725,0.15
1976-09-16,6.41,7.13,7.6,0.25,0.2589,0.072,-0.124
1976-09-17,6.26,7.04,7.49,0.33000000000000007,0.2599,0.072,0.974
1976-09-20,6.34,7.07,7.52,0.28000000000000114,0.2601,0.0715,0.278
1976-09-21,6.3,7.06,7.51,0.3099999999999996,0.2608,0.0713,0.69
1976-09-22,6.36,7.09,7.53,0.28999999999999915,0.2611,0.0709,0.408
1976-09-23,6.35,7.09,7.54,0.29000000000000004,0.2615,0.0705,0.404
1976-09-24,6.44,7.18,7.58,0.33999999999999897,0.2624,0.0706,1.099
1976-09-27,6.41,7.14,7.6,0.2699999999999996,0.2625,0.0702,0.107
1976-09-28,6.36,7.09,7.56,0.2599999999999998,0.2625,0.0698,-0.036
1976-09-29,6.36,7.08,7.56,0.2400000000000002,0.2622,0.0694,-0.32
1976-09-30,6.33,7.05,7.55,0.21999999999999975,0.2617,0.0691,-0.603
1976-10-01,6.24,6.95,7.49,0.16999999999999993,0.2607,0.0694,-1.307
1976-10-04,6.19,6.94,7.46,0.23000000000000043,0.2603,0.0691,-0.438
1976-10-05,6.19,6.94,7.47,0.22000000000000064,0.2599,0.0689,-0.579
1976-10-06,6.11,6.88,7.44,0.20999999999999908,0.2593,0.0687,-0.718
1976-10-07,6.09,6.86,7.43,0.20000000000000107,0.2587,0.0686,-0.856
1976-10-08,5.87,6.71,7.38,0.16999999999999993,0.2577,0.0688,-1.275
1976-10-12,5.8,6.64,7.35,0.1299999999999999,0.2563,0.0697,-1.812
1976-10-13,5.82,6.66,7.35,0.15000000000000036,0.2552,0.0702,-1.499
1976-10-14,5.81,6.63,7.34,0.11000000000000032,0.2537,0.0714,-2.013
1976-10-15,5.75,6.55,7.31,0.040000000000000036,0.2515,0.0743,-2.847
1976-10-18,5.77,6.55,7.31,0.020000000000000462,0.2491,0.0776,-2.952
1976-10-19,5.85,6.6,7.35,0.0,0.2465,0.0812,-3.036
1976-10-20,5.95,6.64,7.38,-0.05000000000000071,0.2435,0.0861,-3.409
1976-10-21,5.98,6.67,7.39,-0.03000000000000025,0.2408,0.0899,-3.012
1976-10-22,6.07,6.78,7.48,0.009999999999999787,0.2385,0.0923,-2.476
1976-10-25,6.11,6.87,7.53,0.09999999999999964,0.2372,0.0929,-1.477
1976-10-26,6.05,6.83,7.48,0.1299999999999999,0.2361,0.093,-1.141
1976-10-27,6.01,6.8,7.45,0.13999999999999968,0.2352,0.0931,-1.023
1976-10-28,5.99,6.76,7.41,0.11999999999999922,0.2341,0.0933,-1.223
1976-10-29,6.03,6.78,7.42,0.11000000000000032,0.2329,0.0936,-1.313
1976-11-01,6.03,6.7,7.38,-0.009999999999999787,0.2307,0.0961,-2.505
1976-11-03,6.07,6.79,7.44,0.0699999999999994,0.2292,0.0969,-1.643
1976-11-04,5.95,6.72,7.38,0.10999999999999943,0.2281,0.0971,-1.216
1976-11-05,6.01,6.75,7.41,0.08000000000000007,0.2267,0.0977,-1.502
1976-11-08,6.04,6.82,7.46,0.14000000000000057,0.2259,0.0976,-0.88
1976-11-09,6.07,6.82,7.46,0.11000000000000032,0.2249,0.0978,-1.175
1976-11-10,6.03,6.78,7.45,0.08000000000000007,0.2236,0.0983,-1.461
1976-11-12,6.01,6.73,7.43,0.02000000000000135,0.2218,0.0997,-2.024
1976-11-15,6.0,6.7,7.41,-0.009999999999999787,0.2198,0.1016,-2.262
1976-11-16,5.86,6.6,7.33,0.009999999999998899,0.218,0.103,-2.019
1976-11-17,5.82,6.56,7.32,-0.02000000000000135,0.216,0.1049,-2.25
1976-11-18,5.83,6.59,7.33,0.019999999999999574,0.2143,0.106,-1.833
1976-11-19,5.67,6.44,7.24,-0.02999999999999936,0.2123,0.1079,-2.246
1976-11-22,5.56,6.3,7.17,-0.1299999999999999,0.2094,0.1119,-3.033
1976-11-23,5.59,6.28,7.16,-0.1899999999999995,0.2061,0.1172,-3.38
1976-11-24,5.56,6.23,7.14,-0.23999999999999844,0.2025,0.1235,-3.583
1976-11-26,5.41,5.99,6.99,-0.41999999999999993,0.1974,0.1352,-4.567
1976-11-29,5.46,6.02,7.02,-0.4400000000000004,0.1923,0.1463,-4.322
1976-11-30,5.42,6.05,7.01,-0.33000000000000007,0.1881,0.153,-3.386
1976-12-01,5.4,6.02,6.97,-0.33000000000000096,0.184,0.1592,-3.229
1976-12-02,5.34,6.0,6.92,-0.2599999999999998,0.1805,0.1634,-2.696
1976-12-03,5.31,6.03,6.86,-0.10999999999999943,0.1782,0.1648,-1.749
1976-12-06,5.37,6.05,6.87,-0.14000000000000057,0.1757,0.1665,-1.896
1976-12-07,5.41,6.09,6.88,-0.11000000000000032,0.1735,0.1678,-1.69
1976-12-08,5.43,6.13,6.91,-0.08000000000000007,0.1716,0.1686,-1.492
1976-12-09,5.44,6.14,6.92,-0.08000000000000096,0.1697,0.1693,-1.475
1976-12-10,5.31,6.02,6.82,-0.09000000000000075,0.1677,0.1702,-1.514
1976-12-13,5.43,6.16,6.9,-0.009999999999999787,0.1664,0.1703,-1.036
1976-12-14,5.39,6.13,6.89,-0.019999999999999574,0.165,0.1704,-1.086
1976-12-15,5.38,6.14,6.88,0.019999999999999574,0.164,0.1702,-0.846
1976-12-16,5.4,6.14,6.88,-8.881784197001252e-16,0.1628,0.1701,-0.957
1976-12-17,5.4,6.11,6.88,-0.05999999999999961,0.1612,0.1706,-1.297
1976-12-20,5.34,6.08,6.84,-0.019999999999999574,0.1599,0.1707,-1.054
1976-12-21,5.37,6.14,6.85,0.05999999999999961,0.1591,0.1702,-0.582
1976-12-22,5.34,6.12,6.86,0.040000000000000036,0.1583,0.1699,-0.696
1976-12-23,5.36,6.11,6.84,0.020000000000000462,0.1573,0.1697,-0.809
1976-12-27,5.37,6.13,6.84,0.04999999999999982,0.1566,0.1694,-0.629
1976-12-28,5.39,6.15,6.86,0.05000000000000071,0.1558,0.169,-0.626
1976-12-29,5.39,6.16,6.84,0.09000000000000075,0.1554,0.1685,-0.388
1976-12-30,5.38,6.12,6.8,0.0600000000000005,0.1547,0.1681,-0.563
1976-12-31,5.34,6.13,6.81,0.11000000000000032,0.1544,0.1676,-0.265
1977-01-03,5.42,6.16,6.84,0.0600000000000005,0.1538,0.1672,-0.561
1977-01-04,5.5,6.19,6.9,-0.019999999999999574,0.1526,0.1672,-1.032
1977-01-05,5.48,6.18,6.88,-8.881784197001252e-16,0.1516,0.1671,-0.907
1977-01-06,5.57,6.23,6.93,-0.03999999999999915,0.1503,0.1673,-1.137
1977-01-07,5.68,6.42,7.07,0.08999999999999986,0.1499,0.1668,-0.359
1977-01-10,5.79,6.6,7.2,0.20999999999999908,0.1503,0.1663,0.359
1977-01-11,5.87,6.68,7.28,0.20999999999999908,0.1507,0.1659,0.357
1977-01-12,5.84,6.6,7.26,0.09999999999999964,0.1504,0.1654,-0.305
1977-01-13,5.79,6.5,7.18,0.03000000000000025,0.1496,0.1651,-0.724
1977-01-14,5.96,6.59,7.28,-0.0600000000000005,0.1483,0.1654,-1.259
1977-01-17,5.98,6.6,7.28,-0.060000000000001386,0.147,0.1657,-1.249
1977-01-18,6.04,6.7,7.34,0.020000000000000462,0.1462,0.1655,-0.763
1977-01-19,6.02,6.64,7.28,-0.020000000000000462,0.1451,0.1655,-0.998
1977-01-20,6.01,6.64,7.26,0.009999999999999787,0.1443,0.1654,-0.812
1977-01-21,6.02,6.68,7.28,0.05999999999999961,0.1438,0.165,-0.508
1977-01-24,6.09,6.77,7.34,0.10999999999999943,0.1436,0.1645,-0.204
1977-01-25,6.08,6.74,7.32,0.08000000000000007,0.1432,0.1641,-0.385
1977-01-26,6.09,6.76,7.33,0.09999999999999964,0.1429,0.1636,-0.262
1977-01-27,6.26,6.88,7.43,0.07000000000000028,0.1425,0.1632,-0.444
1977-01-28,6.22,6.86,7.4,0.10000000000000053,0.1422,0.1627,-0.259
1977-01-31,6.18,6.83,7.4,0.08000000000000007,0.1418,0.1623,-0.381
1977-02-01,6.2,6.91,7.41,0.20999999999999996,0.1422,0.1619,0.419
1977-02-02,6.28,7.02,7.47,0.28999999999999915,0.1431,0.1618,0.908
1977-02-03,6.2,6.93,7.46,0.1999999999999993,0.1435,0.1614,0.35
1977-02-04,6.03,6.7,7.28,0.08999999999999986,0.1431,0.161,-0.33
1977-02-07,6.04,6.75,7.34,0.1200000000000001,0.143,0.1605,-0.143
1977-02-08,6.06,6.76,7.35,0.11000000000000032,0.1428,0.1601,-0.205
1977-02-09,6.01,6.73,7.34,0.11000000000000121,0.1426,0.1596,-0.204
1977-02-10,6.04,6.76,7.34,0.13999999999999968,0.1426,0.1592,-0.016
1977-02-11,6.02,6.76,7.36,0.13999999999999968,0.1426,0.1587,-0.016
1977-02-14,6.06,6.76,7.38,0.08000000000000007,0.1422,0.1584,-0.393
1977-02-15,6.04,6.72,7.36,0.03999999999999915,0.1417,0.1581,-0.643
1977-02-16,6.02,6.7,7.34,0.040000000000000924,0.1411,0.1578,-0.641
1977-02-17,5.99,6.67,7.26,0.08999999999999986,0.1408,0.1574,-0.323
1977-02-18,6.06,6.82,7.41,0.17000000000000082,0.141,0.157,0.185
1977-02-22,6.09,6.84,7.42,0.16999999999999993,0.1411,0.1566,0.185
1977-02-23,6.12,6.95,7.48,0.2999999999999998,0.142,0.1566,1.009
1977-02-24,6.2,7.02,7.5,0.33999999999999897,0.1431,0.1569,1.255
1977-02-25,6.14,6.99,7.48,0.3600000000000003,0.1442,0.1572,1.373
1977-02-28,6.08,6.98,7.45,0.4300000000000006,0.1458,0.1582,1.796
1977-03-01,6.16,6.99,7.49,0.33000000000000007,0.1468,0.1584,1.157
1977-03-02,6.12,6.93,7.45,0.28999999999999915,0.1475,0.1583,0.9
1977-03-03,6.08,6.9,7.43,0.2900000000000009,0.1483,0.1582,0.896
1977-03-04,6.1,6.98,7.48,0.3800000000000008,0.1495,0.1587,1.452
1977-03-07,6.12,6.99,7.5,0.3600000000000003,0.1506,0.159,1.317
1977-03-08,6.14,6.99,7.52,0.3200000000000012,0.1515,0.159,1.06
1977-03-09,6.12,6.97,7.5,0.3199999999999994,0.1523,0.1591,1.054
1977-03-10,6.11,6.95,7.49,0.2999999999999998,0.1531,0.159,0.924
1977-03-11,6.09,6.9,7.44,0.27000000000000046,0.1537,0.1588,0.732
1977-03-14,6.06,6.89,7.45,0.2699999999999996,0.1543,0.1586,0.73
1977-03-15,6.06,6.87,7.44,0.2400000000000002,0.1547,0.1584,0.539
1977-03-16,6.08,6.9,7.44,0.28000000000000025,0.1553,0.1582,0.788
1977-03-17,6.14,6.94,7.47,0.27000000000000135,0.1559,0.158,0.722
1977-03-18,6.08,6.9,7.44,0.28000000000000025,0.1565,0.1579,0.782
1977-03-21,6.03,6.88,7.43,0.2999999999999998,0.1572,0.1578,0.905
1977-03-22,6.04,6.87,7.43,0.27000000000000046,0.1578,0.1576,0.712
1977-03-23,6.04,6.88,7.44,0.27999999999999936,0.1584,0.1574,0.773
1977-03-24,6.07,6.9,7.46,0.27000000000000046,0.1589,0.1573,0.706
1977-03-25,6.1,6.94,7.48,0.3000000000000007,0.1596,0.1572,0.893
1977-03-28,6.11,6.96,7.47,0.33999999999999986,0.1605,0.1573,1.141
1977-03-29,6.08,6.93,7.47,0.3099999999999996,0.1612,0.1573,0.946
1977-03-30,6.05,6.95,7.44,0.41000000000000014,0.1624,0.1578,1.569
1977-03-31,6.01,6.94,7.42,0.45000000000000107,0.1638,0.1587,1.803
1977-04-01,6.02,6.92,7.43,0.39000000000000057,0.1648,0.1591,1.415
1977-04-04,6.03,6.94,7.44,0.41000000000000014,0.166,0.1596,1.529
1977-04-05,6.01,6.95,7.47,0.4200000000000008,0.1672,0.1602,1.578
1977-04-06,6.04,6.95,7.46,0.40000000000000036,0.1683,0.1606,1.443
1977-04-07,6.02,6.93,7.43,0.41000000000000014,0.1694,0.161,1.494
1977-04-11,5.96,6.84,7.39,0.33000000000000007,0.1701,0.161,0.993
1977-04-12,5.98,6.83,7.39,0.29000000000000004,0.1707,0.1609,0.741
1977-04-13,5.96,6.81,7.36,0.29999999999999893,0.1713,0.1607,0.801
1977-04-14,5.73,6.56,7.22,0.16999999999999904,0.1713,0.1604,-0.008
1977-04-15,5.78,6.6,7.25,0.16999999999999904,0.1713,0.16,-0.008
1977-04-18,5.8,6.61,7.25,0.17000000000000082,0.1713,0.1596,-0.008
1977-04-19,5.87,6.66,7.3,0.15000000000000036,0.1712,0.1593,-0.133
1977-04-20,5.95,6.71,7.32,0.14999999999999947,0.1711,0.1589,-0.133
1977-04-21,5.94,6.72,7.33,0.16999999999999904,0.1711,0.1586,-0.007
1977-04-22,5.99,6.8,7.36,0.2499999999999991,0.1714,0.1583,0.497
1977-04-25,6.01,6.82,7.4,0.23000000000000043,0.1717,0.158,0.369
1977-04-26,6.0,6.76,7.38,0.13999999999999968,0.1715,0.1577,-0.2
1977-04-27,6.01,6.75,7.38,0.11000000000000032,0.1713,0.1574,-0.389
1977-04-28,6.03,6.78,7.4,0.1299999999999999,0.1711,0.1571,-0.262
1977-04-29,6.14,6.9,7.45,0.21000000000000085,0.1713,0.1567,0.247
1977-05-02,6.15,6.94,7.45,0.28000000000000025,0.1717,0.1566,0.692
1977-05-03,6.15,6.9,7.44,0.20999999999999996,0.1719,0.1562,0.244
1977-05-04,6.11,6.89,7.45,0.21999999999999886,0.1721,0.1559,0.307
1977-05-05,6.16,6.94,7.47,0.2500000000000009,0.1724,0.1557,0.498
1977-05-06,6.24,7.0,7.5,0.2599999999999998,0.1728,0.1555,0.561
1977-05-09,6.25,6.97,7.5,0.1899999999999995,0.1729,0.1551,0.11
1977-05-10,6.27,6.99,7.52,0.19000000000000128,0.173,0.1548,0.11
1977-05-11,6.34,7.03,7.52,0.20000000000000107,0.1731,0.1545,0.174
1977-05-12,6.32,6.98,7.5,0.14000000000000057,0.1729,0.1542,-0.213
1977-05-13,6.28,6.94,7.48,0.1200000000000001,0.1727,0.1539,-0.342
1977-05-16,6.26,6.92,7.46,0.1200000000000001,0.1725,0.1536,-0.342
1977-05-17,6.25,6.91,7.45,0.1200000000000001,0.1723,0.1533,-0.341
1977-05-18,6.24,6.89,7.43,0.10999999999999943,0.172,0.1531,-0.405
1977-05-19,6.37,7.0,7.49,0.13999999999999968,0.1719,0.1528,-0.209
1977-05-20,6.43,7.01,7.49,0.09999999999999964,0.1716,0.1525,-0.47
1977-05-23,6.38,6.99,7.46,0.14000000000000057,0.1715,0.1522,-0.207
1977-05-24,6.3,6.93,7.41,0.14999999999999947,0.1714,0.1519,-0.141
1977-05-25,6.23,6.88,7.39,0.13999999999999968,0.1713,0.1516,-0.206
1977-05-26,6.24,6.86,7.42,0.0600000000000005,0.1708,0.1515,-0.731
1977-05-27,6.2,6.88,7.38,0.17999999999999972,0.1708,0.1512,0.061
1977-05-31,6.18,6.87,7.38,0.1800000000000006,0.1709,0.1509,0.06
1977-06-01,6.24,6.87,7.38,0.1200000000000001,0.1707,0.1506,-0.337
1977-06-02,6.2,6.87,7.39,0.15000000000000036,0.1704,0.1506,-0.135
1977-06-03,6.19,6.86,7.36,0.16999999999999993,0.1698,0.1503,0.001
1977-06-06,6.18,6.87,7.37,0.1900000000000004,0.1692,0.1498,0.139
1977-06-07,6.17,6.85,7.36,0.16999999999999904,0.1685,0.1495,0.01
1977-06-08,6.15,6.84,7.36,0.16999999999999904,0.168,0.1492,0.013
1977-06-09,6.16,6.85,7.35,0.1899999999999995,0.1674,0.1489,0.152
1977-06-10,6.15,6.78,7.3,0.11000000000000032,0.1665,0.1485,-0.38
1977-06-13,6.13,6.74,7.27,0.08000000000000096,0.1654,0.1481,-0.577
1977-06-14,6.08,6.68,7.22,0.05999999999999961,0.1646,0.1481,-0.706
1977-06-15,6.11,6.73,7.23,0.1200000000000001,0.164,0.148,-0.297
1977-06-16,6.12,6.74,7.24,0.1200000000000001,0.1632,0.1477,-0.292
1977-06-17,6.1,6.72,7.24,0.09999999999999964,0.1624,0.1475,-0.423
1977-06-20,6.11,6.74,7.27,0.10000000000000053,0.1616,0.1473,-0.418
1977-06-21,6.12,6.74,7.26,0.10000000000000053,0.1609,0.1472,-0.414
1977-06-22,6.12,6.7,7.25,0.03000000000000025,0.16,0.1472,-0.883
1977-06-23,6.12,6.72,7.26,0.05999999999999961,0.1592,0.1473,-0.673
1977-06-24,6.1,6.68,7.2,0.05999999999999961,0.1585,0.1473,-0.669
1977-06-27,6.06,6.65,7.2,0.040000000000000924,0.1577,0.1474,-0.799
1977-06-28,6.06,6.64,7.16,0.05999999999999961,0.1568,0.1473,-0.657
1977-06-29,6.05,6.68,7.19,0.11999999999999922,0.1562,0.1472,-0.246
1977-06-30,6.08,6.7,7.2,0.1200000000000001,0.1555,0.1469,-0.242
1977-07-01,6.12,6.71,7.34,-0.040000000000000036,0.1542,0.1472,-1.319
1977-07-05,6.12,6.75,7.35,0.03000000000000025,0.1532,0.1472,-0.837
1977-07-06,6.14,6.78,7.37,0.05000000000000071,0.1522,0.147,-0.695
1977-07-07,6.15,6.78,7.29,0.1200000000000001,0.1514,0.1466,-0.214
1977-07-08,6.19,6.82,7.31,0.14000000000000057,0.1507,0.1463,-0.073
1977-07-11,6.22,6.83,7.33,0.11000000000000032,0.15,0.146,-0.274
1977-07-12,6.22,6.81,7.32,0.07999999999999918,0.1489,0.1455,-0.474
1977-07-13,6.19,6.75,7.28,0.02999999999999936,0.1477,0.1453,-0.81
1977-07-15,6.26,6.82,7.31,0.07000000000000117,0.1467,0.1449,-0.529
1977-07-18,6.3,6.84,7.34,0.040000000000000036,0.1456,0.1447,-0.73
1977-07-19,6.31,6.83,7.33,0.020000000000000462,0.1446,0.1447,-0.861
1977-07-20,6.35,6.85,7.32,0.02999999999999936,0.1437,0.1447,-0.786
1977-07-21,6.38,6.89,7.32,0.07999999999999918,0.143,0.1445,-0.436
1977-07-22,6.35,6.88,7.31,0.10000000000000053,0.1423,0.1444,-0.293
1977-07-25,6.29,6.86,7.28,0.15000000000000036,0.1419,0.1442,0.056
1977-07-26,6.28,6.86,7.28,0.16000000000000014,0.1415,0.144,0.128
1977-07-27,6.37,6.94,7.36,0.15000000000000036,0.141,0.1438,0.063
1977-07-28,6.48,7.01,7.41,0.129999999999999,0.1404,0.1435,-0.072
1977-07-29,6.5,7.03,7.42,0.14000000000000057,0.1399,0.1432,0.001
1977-08-01,6.49,7.02,7.43,0.11999999999999922,0.1391,0.1428,-0.134
1977-08-02,6.54,7.05,7.44,0.11999999999999922,0.1385,0.1426,-0.13
1977-08-03,6.53,7.02,7.42,0.08999999999999897,0.1375,0.142,-0.335
1977-08-04,6.52,7.05,7.43,0.15000000000000036,0.1362,0.1404,0.098
1977-08-05,6.53,7.02,7.42,0.08999999999999897,0.1348,0.1389,-0.323
1977-08-08,6.52,7.01,7.41,0.08999999999999986,0.1337,0.1382,-0.316
1977-08-09,6.58,7.06,7.45,0.08999999999999897,0.1331,0.1381,-0.312
1977-08-10,6.59,7.07,7.46,0.09000000000000075,0.1327,0.138,-0.309
1977-08-11,6.64,7.08,7.47,0.05000000000000071,0.1319,0.138,-0.593
1977-08-12,6.68,7.1,7.48,0.03999999999999915,0.1312,0.138,-0.661
1977-08-15,6.71,7.11,7.48,0.03000000000000025,0.1306,0.1381,-0.728
1977-08-16,6.74,7.12,7.48,0.019999999999999574,0.1299,0.1382,-0.795
1977-08-17,6.72,7.08,7.44,0.0,0.1292,0.1384,-0.934
1977-08-18,6.68,7.06,7.42,0.019999999999999574,0.1287,0.1385,-0.785
1977-08-19,6.67,7.04,7.4,0.009999999999999787,0.1279,0.1387,-0.85
1977-08-22,6.66,7.05,7.39,0.04999999999999982,0.1274,0.1387,-0.558
1977-08-23,6.64,7.02,7.36,0.03999999999999915,0.1267,0.1387,-0.625
1977-08-24,6.67,7.01,7.35,0.0,0.1263,0.139,-0.909
1977-08-25,6.62,6.98,7.32,0.020000000000000462,0.1259,0.1391,-0.761
1977-08-26,6.62,6.93,7.27,-0.03000000000000025,0.1253,0.1395,-1.113
1977-08-29,6.56,6.9,7.25,-0.009999999999998899,0.1246,0.1397,-0.963
1977-08-30,6.56,6.93,7.27,0.03000000000000025,0.1241,0.1398,-0.673
1977-08-31,6.59,6.94,7.28,0.010000000000000675,0.1234,0.1399,-0.811
1977-09-01,6.57,6.97,7.3,0.0699999999999994,0.1229,0.1399,-0.378
1977-09-02,6.53,6.93,7.24,0.08999999999999897,0.1227,0.1399,-0.234
1977-09-06,6.52,6.9,7.24,0.040000000000000924,0.1223,0.14,-0.588
1977-09-07,6.54,6.95,7.26,0.10000000000000053,0.1221,0.14,-0.158
1977-09-08,6.54,6.96,7.28,0.09999999999999964,0.1219,0.14,-0.156
1977-09-09,6.76,7.09,7.36,0.05999999999999961,0.1213,0.14,-0.438
1977-09-12,6.78,7.1,7.38,0.03999999999999915,0.1205,0.1399,-0.575
1977-09-13,6.75,7.06,7.37,-8.881784197001252e-16,0.1196,0.1399,-0.855
1977-09-14,6.74,7.05,7.34,0.019999999999999574,0.1187,0.1398,-0.706
1977-09-15,6.7,7.04,7.33,0.04999999999999982,0.1178,0.1395,-0.486
1977-09-16,6.68,7.02,7.32,0.03999999999999915,0.117,0.1394,-0.552
1977-09-19,6.66,7.02,7.32,0.05999999999999872,0.1162,0.1391,-0.404
1977-09-20,6.7,7.04,7.36,0.019999999999999574,0.1153,0.139,-0.686
1977-09-21,6.71,7.05,7.36,0.02999999999999936,0.1141,0.1384,-0.608
1977-09-22,6.85,7.08,7.39,-0.07999999999999918,0.1127,0.1385,-1.391
1977-09-23,6.86,7.09,7.39,-0.07000000000000028,0.1112,0.1384,-1.309
1977-09-26,6.89,7.14,7.42,-0.03000000000000025,0.1099,0.1383,-1.012
1977-09-27,6.8,7.07,7.38,-0.03999999999999915,0.1086,0.1381,-1.076
1977-09-28,6.81,7.08,7.38,-0.02999999999999936,0.1071,0.1376,-0.996
1977-09-29,6.79,7.1,7.39,0.019999999999999574,0.1061,0.1373,-0.627
1977-09-30,6.82,7.11,7.41,-0.009999999999999787,0.105,0.1372,-0.838
1977-10-03,6.84,7.13,7.41,0.009999999999999787,0.1041,0.137,-0.687
1977-10-04,6.84,7.15,7.4,0.0600000000000005,0.1035,0.1369,-0.318
1977-10-05,6.86,7.16,7.4,0.05999999999999961,0.1031,0.1368,-0.315
1977-10-06,6.89,7.23,7.44,0.13000000000000078,0.1027,0.1366,0.2
1977-10-07,6.96,7.25,7.48,0.05999999999999961,0.102,0.1364,-0.308
1977-10-11,7.06,7.3,7.54,0.0,0.1012,0.1364,-0.742
1977-10-12,7.14,7.34,7.54,0.0,0.1004,0.1364,-0.736
1977-10-13,7.19,7.34,7.54,-0.05000000000000071,0.0995,0.1367,-1.094
1977-10-14,7.17,7.31,7.54,-0.09000000000000075,0.0987,0.1372,-1.375
1977-10-17,7.22,7.33,7.55,-0.10999999999999943,0.0976,0.1378,-1.507
1977-10-18,7.23,7.36,7.55,-0.05999999999999961,0.0969,0.1381,-1.136
1977-10-19,7.22,7.35,7.54,-0.0600000000000005,0.0965,0.1384,-1.131
1977-10-20,7.2,7.36,7.54,-0.019999999999999574,0.0964,0.1385,-0.84
1977-10-21,7.22,7.39,7.55,0.009999999999999787,0.0964,0.1385,-0.624
1977-10-24,7.2,7.39,7.56,0.019999999999999574,0.0967,0.1383,-0.555
1977-10-25,7.2,7.41,7.58,0.040000000000000036,0.097,0.1381,-0.413
1977-10-26,7.17,7.4,7.57,0.0600000000000005,0.0972,0.138,-0.27
1977-10-27,7.14,7.38,7.56,0.0600000000000005,0.097,0.138,-0.268
1977-10-28,7.14,7.38,7.56,0.0600000000000005,0.0967,0.138,-0.266
1977-10-31,7.23,7.44,7.62,0.03000000000000025,0.0963,0.1381,-0.48
1977-11-01,7.23,7.47,7.63,0.07999999999999918,0.0962,0.1381,-0.117
1977-11-02,7.24,7.47,7.69,0.009999999999998899,0.0958,0.1382,-0.621
1977-11-03,7.22,7.45,7.68,8.881784197001252e-16,0.0958,0.1382,-0.693
1977-11-04,7.2,7.42,7.64,0.0,0.0955,0.1383,-0.691
1977-11-07,7.17,7.4,7.62,0.010000000000000675,0.0951,0.1384,-0.615
1977-11-09,7.16,7.35,7.6,-0.0600000000000005,0.0946,0.1387,-1.115
1977-11-10,7.15,7.34,7.59,-0.0600000000000005,0.0938,0.139,-1.106
1977-11-14,7.1,7.24,7.56,-0.17999999999999883,0.0926,0.1401,-1.946
1977-11-15,7.11,7.26,7.56,-0.15000000000000036,0.0917,0.1409,-1.715
1977-11-16,7.12,7.28,7.55,-0.10999999999999943,0.0912,0.1414,-1.423
1977-11-17,7.1,7.28,7.54,-0.07999999999999918,0.0909,0.1417,-1.206
1977-11-18,7.11,7.28,7.54,-0.08999999999999986,0.0905,0.1421,-1.27
1977-11-21,7.12,7.3,7.56,-0.08000000000000007,0.0903,0.1423,-1.197
1977-11-22,7.14,7.3,7.54,-0.08000000000000007,0.0899,0.1426,-1.191
1977-11-23,7.11,7.3,7.52,-0.03000000000000025,0.0899,0.1426,-0.841
1977-11-25,7.1,7.31,7.52,0.0,0.0904,0.1421,-0.636
1977-11-28,7.11,7.31,7.53,-0.02000000000000135,0.0911,0.1411,-0.787
1977-11-29,7.11,7.32,7.55,-0.019999999999999574,0.0919,0.1397,-0.801
1977-11-30,7.11,7.36,7.55,0.0600000000000005,0.0938,0.136,-0.249
1977-12-01,7.13,7.38,7.58,0.04999999999999982,0.0958,0.1317,-0.348
1977-12-02,7.15,7.4,7.59,0.0600000000000005,0.0973,0.129,-0.289
1977-12-05,7.15,7.4,7.6,0.05000000000000071,0.0988,0.1261,-0.387
1977-12-06,7.15,7.44,7.63,0.10000000000000053,0.1003,0.1241,-0.002
1977-12-07,7.16,7.45,7.63,0.11000000000000032,0.1012,0.1234,0.071
1977-12-08,7.16,7.46,7.64,0.1200000000000001,0.1022,0.1224,0.145
1977-12-09,7.15,7.45,7.63,0.1200000000000001,0.1031,0.1217,0.139
1977-12-12,7.16,7.46,7.64,0.1200000000000001,0.1039,0.1211,0.133
1977-12-13,7.16,7.46,7.65,0.10999999999999943,0.1046,0.1206,0.045
1977-12-14,7.16,7.46,7.66,0.09999999999999964,0.1054,0.12,-0.045
1977-12-15,7.14,7.46,7.67,0.11000000000000032,0.1059,0.1197,0.034
1977-12-16,7.13,7.44,7.67,0.08000000000000096,0.1063,0.1195,-0.22
1977-12-19,7.13,7.48,7.69,0.14000000000000057,0.1067,0.1194,0.279
1977-12-20,7.14,7.5,7.74,0.1200000000000001,0.1072,0.1192,0.107
1977-12-21,7.16,7.48,7.72,0.08000000000000096,0.1078,0.1187,-0.234
1977-12-22,7.26,7.52,7.75,0.02999999999999936,0.108,0.1186,-0.658
1977-12-23,7.24,7.55,7.75,0.10999999999999943,0.1082,0.1185,0.015
1977-12-27,7.25,7.57,7.77,0.120000000000001,0.1085,0.1184,0.097
1977-12-28,7.25,7.57,7.78,0.11000000000000032,0.1088,0.1183,0.01
1977-12-29,7.26,7.58,7.82,0.08000000000000007,0.109,0.1183,-0.245
1977-12-30,7.22,7.54,7.78,0.08000000000000007,0.1091,0.1182,-0.246
1978-01-03,7.24,7.58,7.83,0.08999999999999986,0.1091,0.1182,-0.162
1978-01-04,7.24,7.58,7.82,0.09999999999999964,0.1092,0.1182,-0.078
1978-01-05,7.26,7.58,7.83,0.07000000000000028,0.1091,0.1182,-0.331
1978-01-06,7.28,7.6,7.85,0.0699999999999994,0.1091,0.1182,-0.331
1978-01-09,7.58,7.86,8.01,0.13000000000000078,0.1097,0.1179,0.172
1978-01-10,7.58,7.85,8.02,0.09999999999999964,0.1101,0.1177,-0.086
1978-01-11,7.6,7.87,8.03,0.11000000000000121,0.1107,0.1173,-0.006
1978-01-12,7.6,7.87,8.02,0.120000000000001,0.1108,0.1173,0.078
1978-01-13,7.57,7.82,7.98,0.08999999999999986,0.1104,0.1172,-0.174
1978-01-16,7.55,7.82,7.98,0.10999999999999943,0.11,0.117,-0.0
1978-01-17,7.54,7.81,7.98,0.09999999999999787,0.11,0.117,-0.085
1978-01-18,7.54,7.81,7.98,0.09999999999999787,0.1102,0.1169,-0.087
1978-01-19,7.55,7.81,7.97,0.10000000000000053,0.1109,0.1164,-0.094
1978-01-20,7.55,7.81,7.97,0.10000000000000053,0.1115,0.1159,-0.099
1978-01-23,7.53,7.78,7.97,0.060000000000001386,0.1117,0.1158,-0.446
1978-01-24,7.53,7.8,7.99,0.08000000000000007,0.1121,0.1155,-0.278
1978-01-25,7.53,7.82,8.0,0.10999999999999943,0.1125,0.1153,-0.022
1978-01-26,7.51,7.78,7.98,0.07000000000000028,0.1125,0.1153,-0.369
1978-01-27,7.48,7.77,7.97,0.08999999999999897,0.1124,0.1153,-0.194
1978-01-30,7.47,7.75,7.96,0.07000000000000117,0.1124,0.1153,-0.368
1978-01-31,7.47,7.72,7.94,0.02999999999999936,0.1121,0.1155,-0.711
1978-02-01,7.47,7.74,7.96,0.0500000000000016,0.112,0.1155,-0.537
1978-02-02,7.48,7.75,7.96,0.05999999999999961,0.1119,0.1155,-0.449
1978-02-03,7.48,7.75,7.97,0.04999999999999982,0.1117,0.1156,-0.534
1978-02-06,7.5,7.78,7.99,0.07000000000000028,0.1112,0.1154,-0.357
1978-02-07,7.52,7.77,7.99,0.02999999999999936,0.1102,0.115,-0.697
1978-02-08,7.52,7.79,8.0,0.0600000000000005,0.1096,0.1149,-0.432
1978-02-09,7.52,7.8,8.01,0.07000000000000028,0.1095,0.1149,-0.344
1978-02-10,7.53,7.81,8.02,0.07000000000000028,0.1093,0.1149,-0.342
1978-02-14,7.57,7.84,8.05,0.05999999999999872,0.1091,0.115,-0.427
1978-02-15,7.59,7.87,8.08,0.07000000000000028,0.109,0.115,-0.339
1978-02-16,7.64,7.9,8.1,0.0600000000000005,0.1087,0.115,-0.423
1978-02-17,7.63,7.88,8.09,0.03999999999999915,0.1083,0.1151,-0.593
1978-02-21,7.65,7.89,8.1,0.02999999999999936,0.1081,0.1152,-0.678
1978-02-22,7.65,7.91,8.1,0.07000000000000028,0.1082,0.1151,-0.332
1978-02-23,7.65,7.9,8.08,0.07000000000000028,0.1083,0.1151,-0.333
1978-02-24,7.61,7.88,8.04,0.10999999999999943,0.1084,0.1151,0.014
1978-02-27,7.59,7.86,8.02,0.11000000000000121,0.1081,0.115,0.017
1978-02-28,7.57,7.86,8.04,0.11000000000000121,0.1079,0.1149,0.018
1978-03-01,7.59,7.87,8.05,0.09999999999999964,0.1071,0.1143,-0.062
1978-03-02,7.59,7.87,8.04,0.11000000000000121,0.1062,0.1134,0.034
1978-03-03,7.59,7.87,8.04,0.11000000000000121,0.1052,0.1122,0.043
1978-03-06,7.58,7.87,8.05,0.10999999999999943,0.1039,0.1103,0.055
1978-03-07,7.56,7.85,8.03,0.11000000000000121,0.1031,0.1094,0.063
1978-03-08,7.54,7.85,8.03,0.13000000000000078,0.1024,0.1088,0.254
1978-03-09,7.56,7.85,8.02,0.120000000000001,0.1017,0.1081,0.169
1978-03-10,7.54,7.82,8.0,0.10000000000000142,0.1006,0.1067,-0.006
1978-03-13,7.54,7.82,7.99,0.11000000000000121,0.0996,0.1054,0.099
1978-03-14,7.54,7.81,7.99,0.08999999999999808,0.0987,0.1045,-0.083
1978-03-15,7.54,7.81,8.0,0.0799999999999983,0.0978,0.1035,-0.172
1978-03-16,7.54,7.82,8.0,0.10000000000000142,0.097,0.1028,0.029
1978-03-17,7.55,7.81,8.0,0.07000000000000028,0.0962,0.1022,-0.256
1978-03-20,7.53,7.78,7.97,0.060000000000001386,0.0954,0.1016,-0.348
1978-03-21,7.53,7.79,7.97,0.08000000000000096,0.0947,0.1012,-0.145
1978-03-22,7.54,7.81,7.98,0.09999999999999787,0.094,0.1005,0.06
1978-03-23,7.56,7.86,8.01,0.15000000000000036,0.0935,0.1,0.565
1978-03-27,7.61,7.91,8.12,0.09000000000000163,0.0928,0.0993,-0.028
1978-03-28,7.64,7.94,8.12,0.12000000000000277,0.0921,0.0984,0.284
1978-03-29,7.64,7.94,8.11,0.13000000000000256,0.0915,0.0978,0.394
1978-03-30,7.64,7.95,8.12,0.14000000000000234,0.091,0.0971,0.505
1978-03-31,7.7,7.97,8.15,0.08999999999999808,0.0902,0.0965,-0.002
1978-04-03,7.69,7.96,8.13,0.09999999999999964,0.0894,0.0956,0.111
1978-04-04,7.69,7.95,8.12,0.09000000000000163,0.0885,0.0942,0.016
1978-04-05,7.72,7.97,8.14,0.0799999999999983,0.0875,0.0932,-0.08
1978-04-06,7.73,7.98,8.16,0.07000000000000028,0.0862,0.0909,-0.178
1978-04-07,7.72,7.97,8.14,0.0799999999999983,0.0847,0.088,-0.053
1978-04-10,7.72,7.98,8.15,0.09000000000000163,0.0835,0.0858,0.076
1978-04-11,7.71,7.97,8.16,0.07000000000000028,0.0822,0.0833,-0.146
1978-04-12,7.69,7.97,8.16,0.08999999999999986,0.0809,0.0805,0.113
1978-04-13,7.67,7.95,8.15,0.08000000000000007,0.0796,0.078,0.005
1978-04-14,7.61,7.9,8.12,0.07000000000000206,0.0783,0.0751,-0.111
1978-04-17,7.6,7.88,8.08,0.08000000000000007,0.0773,0.0734,0.037
1978-04-18,7.62,7.89,8.08,0.08000000000000007,0.0764,0.0722,0.05
1978-04-19,7.77,7.99,8.13,0.08000000000000007,0.0756,0.0708,0.062
1978-04-20,7.79,8.01,8.14,0.08999999999999986,0.0752,0.0705,0.21
1978-04-21,7.81,8.02,8.16,0.07000000000000028,0.0748,0.0703,-0.068
1978-04-24,7.82,8.03,8.18,0.05999999999999872,0.0744,0.07,-0.206
1978-04-25,7.8,8.02,8.18,0.05999999999999872,0.074,0.0698,-0.201
1978-04-26,7.85,8.05,8.22,0.030000000000001137,0.0736,0.0697,-0.626
1978-04-27,7.89,8.07,8.24,0.009999999999999787,0.0729,0.0696,-0.904
1978-04-28,7.97,8.09,8.24,-0.02999999999999936,0.0718,0.069,-1.475
1978-05-01,7.91,8.08,8.24,0.009999999999999787,0.071,0.0684,-0.892
1978-05-02,7.91,8.09,8.25,0.019999999999999574,0.0705,0.0683,-0.739
1978-05-03,7.91,8.08,8.28,-0.02999999999999936,0.0699,0.0685,-1.458
1978-05-04,7.9,8.07,8.27,-0.02999999999999936,0.0693,0.0687,-1.445
1978-05-05,7.96,8.15,8.34,0.0,0.0685,0.0683,-1.003
1978-05-08,7.98,8.17,8.35,0.009999999999999787,0.0674,0.0671,-0.855
1978-05-09,7.98,8.16,8.34,0.0,0.0665,0.0666,-0.998
1978-05-10,7.98,8.16,8.34,0.0,0.0657,0.066,-0.995
1978-05-11,8.0,8.17,8.34,0.0,0.0647,0.0651,-0.994
1978-05-12,8.0,8.2,8.36,0.03999999999999915,0.0638,0.0639,-0.372
1978-05-15,7.98,8.17,8.35,0.009999999999999787,0.0631,0.0635,-0.836
1978-05-16,7.97,8.15,8.34,-0.00999999999999801,0.0623,0.0632,-1.144
1978-05-17,7.98,8.14,8.33,-0.02999999999999936,0.0614,0.0628,-1.455
1978-05-18,8.04,8.19,8.37,-0.02999999999999936,0.0607,0.0629,-1.442
1978-05-19,8.07,8.22,8.38,-0.009999999999999787,0.0602,0.0629,-1.116
1978-05-22,8.07,8.22,8.38,-0.009999999999999787,0.0597,0.063,-1.106
1978-05-23,8.07,8.22,8.37,1.7763568394002505e-15,0.0592,0.063,-0.94
1978-05-24,8.1,8.24,8.39,-0.009999999999999787,0.0587,0.063,-1.09
1978-05-25,8.1,8.26,8.4,0.019999999999999574,0.0583,0.0629,-0.609
1978-05-26,8.1,8.27,8.42,0.019999999999999574,0.0579,0.0629,-0.603
1978-05-31,8.12,8.28,8.42,0.019999999999999574,0.0575,0.0627,-0.598
1978-06-01,8.12,8.27,8.41,0.009999999999999787,0.0569,0.0625,-0.75
1978-06-02,8.09,8.27,8.39,0.05999999999999872,0.0566,0.0623,0.055
1978-06-05,8.07,8.25,8.38,0.049999999999998934,0.0565,0.0623,-0.104
1978-06-06,8.07,8.24,8.37,0.040000000000000924,0.056,0.0618,-0.259
1978-06-07,8.07,8.24,8.37,0.040000000000000924,0.0554,0.0613,-0.251
1978-06-08,8.07,8.25,8.38,0.049999999999998934,0.0552,0.0612,-0.085
1978-06-09,8.09,8.27,8.41,0.03999999999999915,0.0547,0.0609,-0.241
1978-06-12,8.11,8.28,8.4,0.049999999999998934,0.0542,0.0604,-0.07
1978-06-13,8.11,8.28,8.41,0.03999999999999915,0.0537,0.0598,-0.229
1978-06-14,8.12,8.28,8.41,0.02999999999999936,0.0531,0.0594,-0.389
1978-06-15,8.12,8.28,8.41,0.02999999999999936,0.0525,0.059,-0.381
1978-06-16,8.19,8.32,8.43,0.02000000000000135,0.0519,0.0583,-0.547
1978-06-19,8.25,8.34,8.45,-0.019999999999999574,0.0513,0.0584,-1.221
1978-06-20,8.27,8.42,8.47,0.09999999999999964,0.0514,0.0585,0.831
1978-06-21,8.41,8.46,8.5,0.010000000000001563,0.0512,0.0585,-0.704
1978-06-22,8.41,8.45,8.5,-0.010000000000001563,0.0507,0.0585,-1.038
1978-06-23,8.44,8.47,8.55,-0.049999999999998934,0.05,0.0587,-1.704
1978-06-26,8.48,8.5,8.59,-0.07000000000000028,0.0494,0.0591,-2.02
1978-06-27,8.44,8.5,8.58,-0.019999999999999574,0.0489,0.0591,-1.166
1978-06-28,8.44,8.48,8.57,-0.049999999999998934,0.0483,0.0594,-1.655
1978-06-29,8.42,8.46,8.57,-0.06999999999999851,0.0479,0.0598,-1.972
1978-06-30,8.48,8.5,8.62,-0.09999999999999964,0.0473,0.0605,-2.435
1978-07-03,8.44,8.48,8.59,-0.06999999999999851,0.0467,0.061,-1.913
1978-07-05,8.44,8.5,8.62,-0.05999999999999872,0.0463,0.0613,-1.734
1978-07-06,8.44,8.5,8.62,-0.05999999999999872,0.0459,0.0617,-1.716
1978-07-07,8.48,8.52,8.66,-0.10000000000000142,0.045,0.0622,-2.331
1978-07-10,8.5,8.56,8.68,-0.05999999999999872,0.0443,0.0624,-1.671
1978-07-11,8.48,8.56,8.68,-0.03999999999999915,0.0443,0.0624,-1.351
1978-07-12,8.48,8.56,8.67,-0.02999999999999936,0.044,0.0625,-1.184
1978-07-13,8.5,8.57,8.68,-0.03999999999999915,0.0437,0.0628,-1.333
1978-07-14,8.51,8.57,8.68,-0.049999999999998934,0.043,0.0629,-1.479
1978-07-17,8.48,8.55,8.65,-0.02999999999999936,0.0423,0.0627,-1.153
1978-07-18,8.46,8.54,8.63,-0.01000000000000334,0.0419,0.0627,-0.828
1978-07-19,8.46,8.54,8.62,-1.7763568394002505e-15,0.0415,0.0627,-0.662
1978-07-20,8.5,8.57,8.66,-0.019999999999999574,0.0413,0.0628,-0.976
1978-07-21,8.59,8.58,8.67,-0.09999999999999964,0.0407,0.0634,-2.219
1978-07-24,8.57,8.59,8.67,-0.0600000000000005,0.0403,0.0637,-1.575
1978-07-25,8.55,8.59,8.67,-0.040000000000000924,0.04,0.0639,-1.252
1978-07-26,8.52,8.56,8.66,-0.05999999999999872,0.0397,0.0642,-1.553
1978-07-27,8.47,8.48,8.58,-0.08999999999999986,0.039,0.0647,-1.994
1978-07-28,8.45,8.45,8.55,-0.10000000000000142,0.0382,0.0651,-2.123
1978-07-31,8.47,8.46,8.56,-0.10999999999999943,0.0372,0.0654,-2.251
1978-08-01,8.45,8.44,8.54,-0.10999999999999943,0.0361,0.0656,-2.227
1978-08-02,8.4,8.35,8.44,-0.14000000000000057,0.035,0.0661,-2.648
1978-08-03,8.26,8.3,8.39,-0.049999999999998934,0.0342,0.0661,-1.274
1978-08-04,8.26,8.26,8.38,-0.120000000000001,0.0332,0.0665,-2.304
1978-08-07,8.18,8.24,8.36,-0.05999999999999872,0.0325,0.0665,-1.391
1978-08-08,8.19,8.24,8.35,-0.05999999999999872,0.0318,0.0665,-1.38
1978-08-09,8.17,8.2,8.34,-0.11000000000000121,0.031,0.067,-2.104
1978-08-10,8.24,8.3,8.45,-0.08999999999999808,0.03,0.067,-1.791
1978-08-11,8.25,8.28,8.44,-0.13000000000000078,0.0292,0.0677,-2.352
1978-08-14,8.29,8.29,8.45,-0.16000000000000014,0.0282,0.0686,-2.743
1978-08-15,8.29,8.3,8.46,-0.14999999999999858,0.0272,0.0694,-2.553
1978-08-16,8.5,8.44,8.55,-0.1700000000000017,0.0262,0.0704,-2.787
1978-08-17,8.48,8.4,8.48,-0.16000000000000014,0.0254,0.0713,-2.6
1978-08-18,8.5,8.4,8.46,-0.16000000000000014,0.0246,0.0723,-2.553
1978-08-21,8.47,8.39,8.41,-0.09999999999999964,0.024,0.0727,-1.706
1978-08-22,8.47,8.38,8.41,-0.11999999999999922,0.0235,0.0733,-1.958
1978-08-23,8.42,8.31,8.32,-0.11999999999999922,0.023,0.0738,-1.938
1978-08-24,8.41,8.33,8.35,-0.09999999999999964,0.0225,0.0742,-1.651
1978-08-25,8.41,8.32,8.34,-0.10999999999999943,0.0221,0.0747,-1.768
1978-08-28,8.41,8.3,8.35,-0.15999999999999837,0.0212,0.0755,-2.4
1978-08-29,8.44,8.37,8.37,-0.07000000000000028,0.0208,0.0757,-1.199
1978-08-30,8.48,8.42,8.42,-0.0600000000000005,0.0206,0.0759,-1.062
1978-08-31,8.46,8.42,8.39,-0.010000000000001563,0.0204,0.0759,-0.401
1978-09-01,8.5,8.42,8.38,-0.040000000000000924,0.0204,0.076,-0.795
1978-09-05,8.46,8.38,8.34,-0.03999999999999915,0.0203,0.076,-0.793
1978-09-06,8.44,8.38,8.35,-0.029999999999997584,0.02,0.0761,-0.657
1978-09-07,8.44,8.36,8.34,-0.0600000000000005,0.0198,0.0763,-1.046
1978-09-08,8.46,8.37,8.34,-0.060000000000002274,0.0192,0.0763,-1.038
1978-09-11,8.43,8.33,8.31,-0.08000000000000007,0.0186,0.0765,-1.289
1978-09-12,8.45,8.35,8.29,-0.03999999999999915,0.0183,0.0765,-0.762
1978-09-13,8.45,8.34,8.3,-0.07000000000000028,0.0176,0.0766,-1.144
1978-09-14,8.45,8.36,8.32,-0.05000000000000071,0.017,0.0765,-0.876
1978-09-15,8.49,8.39,8.35,-0.05999999999999872,0.0165,0.0766,-0.999
1978-09-18,8.52,8.41,8.37,-0.06999999999999851,0.0161,0.0768,-1.121
1978-09-19,8.54,8.44,8.38,-0.040000000000000924,0.0159,0.0769,-0.727
1978-09-20,8.6,8.46,8.46,-0.1399999999999988,0.0153,0.0775,-2.004
1978-09-21,8.69,8.48,8.51,-0.23999999999999844,0.0141,0.0791,-3.212
1978-09-22,8.73,8.5,8.56,-0.2900000000000009,0.0128,0.0814,-3.72
1978-09-25,8.75,8.54,8.56,-0.2300000000000022,0.0117,0.0828,-2.919
1978-09-26,8.75,8.51,8.53,-0.2599999999999998,0.0106,0.0845,-3.202
1978-09-27,8.74,8.52,8.54,-0.2400000000000002,0.0095,0.086,-2.901
1978-09-28,8.72,8.51,8.54,-0.2400000000000002,0.0088,0.0872,-2.853
1978-09-29,8.7,8.5,8.56,-0.2599999999999998,0.0081,0.0887,-3.023
1978-10-02,8.71,8.53,8.58,-0.2300000000000022,0.0073,0.0899,-2.64
1978-10-03,8.69,8.52,8.57,-0.22000000000000064,0.0066,0.091,-2.49
1978-10-04,8.69,8.53,8.59,-0.22000000000000064,0.0058,0.0921,-2.452
1978-10-05,8.69,8.53,8.6,-0.23000000000000043,0.0048,0.0933,-2.517
1978-10-06,8.69,8.51,8.58,-0.25,0.0039,0.0946,-2.684
1978-10-10,8.7,8.5,8.58,-0.27999999999999936,0.0027,0.0963,-2.936
1978-10-11,8.7,8.51,8.56,-0.2400000000000002,0.0015,0.0975,-2.477
1978-10-12,8.69,8.47,8.51,-0.259999999999998,0.0003,0.0988,-2.635
1978-10-13,8.69,8.47,8.52,-0.2699999999999978,-0.0013,0.0999,-2.69
1978-10-16,8.73,8.57,8.59,-0.17999999999999972,-0.0023,0.1004,-1.77
1978-10-17,8.77,8.57,8.6,-0.22999999999999865,-0.0032,0.1015,-2.234
1978-10-18,8.83,8.58,8.62,-0.28999999999999915,-0.0043,0.1031,-2.771
1978-10-19,8.84,8.6,8.64,-0.28000000000000114,-0.0052,0.1045,-2.63
1978-10-20,8.85,8.62,8.66,-0.27000000000000135,-0.006,0.1057,-2.498
1978-10-23,8.84,8.62,8.66,-0.26000000000000156,-0.0065,0.1067,-2.376
1978-10-24,8.85,8.6,8.64,-0.2900000000000009,-0.0075,0.1081,-2.613
1978-10-25,8.96,8.62,8.65,-0.37000000000000277,-0.0087,0.1104,-3.273
1978-10-26,9.05,8.69,8.72,-0.39000000000000234,-0.0102,0.113,-3.361
1978-10-27,9.12,8.78,8.78,-0.33999999999999986,-0.0115,0.1149,-2.859
1978-10-30,9.35,8.93,8.88,-0.370000000000001,-0.0131,0.1171,-3.048
1978-10-31,9.49,9.16,8.96,-0.13000000000000078,-0.0138,0.1173,-0.991
1978-11-01,9.44,8.77,8.66,-0.5600000000000005,-0.0162,0.1221,-4.454
1978-11-02,9.42,8.78,8.73,-0.5900000000000016,-0.0188,0.1273,-4.487
1978-11-03,9.49,8.8,8.86,-0.7499999999999982,-0.022,0.1352,-5.385
1978-11-06,9.45,8.85,8.85,-0.5999999999999996,-0.0245,0.14,-4.111
1978-11-08,9.49,8.87,8.86,-0.6100000000000012,-0.0273,0.1446,-4.03
1978-11-09,9.5,8.88,8.87,-0.6099999999999977,-0.0297,0.1492,-3.889
1978-11-10,9.46,8.85,8.86,-0.620000000000001,-0.0322,0.1537,-3.824
1978-11-13,9.4,8.86,8.83,-0.5100000000000016,-0.0342,0.1566,-3.038
1978-11-14,9.41,8.84,8.82,-0.5500000000000007,-0.0364,0.16,-3.21
1978-11-15,9.34,8.76,8.76,-0.5800000000000001,-0.0385,0.1636,-3.31
1978-11-16,9.21,8.71,8.72,-0.5099999999999998,-0.0403,0.1662,-2.826
1978-11-17,9.19,8.72,8.72,-0.46999999999999886,-0.0414,0.1682,-2.548
1978-11-20,9.19,8.74,8.72,-0.4299999999999997,-0.0425,0.1698,-2.282
1978-11-21,9.23,8.77,8.77,-0.46000000000000085,-0.0439,0.1718,-2.422
1978-11-22,9.37,8.77,8.77,-0.5999999999999996,-0.046,0.1753,-3.16
1978-11-24,9.6,8.94,8.86,-0.5800000000000001,-0.0479,0.1785,-2.981
1978-11-27,9.6,8.96,8.86,-0.5399999999999974,-0.0498,0.1812,-2.705
1978-11-28,9.6,8.96,8.86,-0.5399999999999974,-0.0516,0.1838,-2.657
1978-11-29,9.55,8.93,8.86,-0.5500000000000007,-0.0537,0.1864,-2.663
1978-11-30,9.55,8.94,8.86,-0.5300000000000011,-0.0558,0.1888,-2.512
1978-12-01,9.5,8.81,8.8,-0.6799999999999997,-0.0584,0.1928,-3.224
1978-12-04,9.51,8.85,8.82,-0.6300000000000008,-0.0608,0.1962,-2.901
1978-12-05,9.5,8.87,8.85,-0.6100000000000012,-0.0635,0.199,-2.746
1978-12-06,9.5,8.88,8.85,-0.5899999999999981,-0.066,0.2016,-2.599
1978-12-07,9.5,8.92,8.89,-0.5500000000000007,-0.0684,0.2038,-2.363
1978-12-08,9.51,8.93,8.9,-0.5500000000000007,-0.0708,0.2059,-2.327
1978-12-11,9.52,8.93,8.9,-0.5600000000000005,-0.0734,0.2079,-2.341
1978-12-12,9.52,8.92,8.92,-0.5999999999999996,-0.0762,0.2102,-2.492
1978-12-13,9.54,8.98,8.98,-0.5599999999999987,-0.0789,0.212,-2.269
1978-12-14,9.54,8.98,8.96,-0.5399999999999991,-0.0815,0.2136,-2.147
1978-12-15,9.58,9.05,9.0,-0.47999999999999865,-0.0839,0.2147,-1.845
1978-12-18,9.86,9.17,9.13,-0.6500000000000004,-0.0869,0.2173,-2.591
1978-12-19,9.91,9.17,9.14,-0.7100000000000009,-0.0902,0.2205,-2.811
1978-12-20,9.96,9.26,9.16,-0.6000000000000014,-0.093,0.2224,-2.28
1978-12-21,9.98,9.35,9.16,-0.4400000000000013,-0.095,0.2232,-1.546
1978-12-22,9.96,9.32,9.11,-0.4299999999999997,-0.0973,0.2237,-1.487
1978-12-26,9.98,9.32,9.13,-0.47000000000000064,-0.0996,0.2245,-1.65
1978-12-27,9.98,9.31,9.12,-0.47999999999999865,-0.1019,0.2255,-1.677
1978-12-28,9.98,9.34,9.16,-0.46000000000000085,-0.1038,0.2265,-1.573
1978-12-29,9.98,9.32,9.15,-0.4900000000000002,-0.1062,0.2274,-1.688
1979-01-02,10.0,9.33,9.18,-0.5199999999999996,-0.1087,0.2284,-1.801
1979-01-03,9.98,9.33,9.16,-0.4800000000000004,-0.1111,0.2292,-1.61
1979-01-04,9.88,9.27,9.11,-0.45000000000000107,-0.1132,0.2299,-1.465
1979-01-05,9.87,9.28,9.1,-0.41000000000000014,-0.1151,0.2303,-1.281
1979-01-08,9.92,9.31,9.14,-0.4399999999999995,-0.1172,0.2308,-1.399
1979-01-09,9.92,9.3,9.16,-0.47999999999999865,-0.1195,0.2316,-1.557
1979-01-10,9.94,9.3,9.16,-0.4999999999999982,-0.1218,0.2325,-1.627
1979-01-11,9.92,9.3,9.15,-0.46999999999999886,-0.1239,0.2332,-1.484
1979-01-12,9.92,9.28,9.14,-0.5000000000000018,-0.1264,0.2338,-1.598
1979-01-15,9.91,9.27,9.15,-0.5200000000000014,-0.1289,0.2347,-1.666
1979-01-16,9.92,9.26,9.16,-0.5600000000000005,-0.1315,0.2358,-1.817
1979-01-17,9.91,9.28,9.18,-0.5300000000000011,-0.1341,0.2366,-1.673
1979-01-18,9.92,9.27,9.18,-0.5600000000000005,-0.1367,0.2377,-1.781
1979-01-19,9.91,9.24,9.15,-0.5800000000000001,-0.1394,0.2388,-1.845
1979-01-22,9.86,9.2,9.12,-0.5800000000000001,-0.1421,0.2399,-1.825
1979-01-23,9.85,9.16,9.1,-0.629999999999999,-0.145,0.2414,-2.009
1979-01-24,9.85,9.16,9.08,-0.6099999999999994,-0.1479,0.2426,-1.905
1979-01-25,9.78,9.01,8.98,-0.7400000000000002,-0.1512,0.245,-2.403
1979-01-26,9.67,8.98,8.93,-0.6399999999999988,-0.154,0.2465,-1.972
1979-01-29,9.67,9.0,8.96,-0.6300000000000008,-0.1568,0.2479,-1.909
1979-01-30,9.68,8.98,8.95,-0.6699999999999982,-0.1599,0.2494,-2.045
1979-01-31,9.64,8.95,8.95,-0.6900000000000013,-0.1629,0.2512,-2.098
1979-02-01,9.61,8.95,8.94,-0.6500000000000004,-0.1658,0.2526,-1.917
1979-02-02,9.48,8.84,8.89,-0.6900000000000013,-0.1688,0.2543,-2.05
1979-02-05,9.53,8.92,8.95,-0.6399999999999988,-0.1715,0.2557,-1.832
1979-02-06,9.58,9.0,9.0,-0.5800000000000001,-0.174,0.2566,-1.582
1979-02-07,9.67,9.11,9.09,-0.5400000000000009,-0.1764,0.2572,-1.414
1979-02-08,9.7,9.11,9.09,-0.5700000000000003,-0.1788,0.258,-1.516
1979-02-09,9.7,9.12,9.11,-0.5700000000000003,-0.1814,0.2587,-1.502
1979-02-13,9.69,9.12,9.11,-0.5600000000000005,-0.1837,0.2594,-1.451
1979-02-14,9.67,9.13,9.12,-0.5299999999999976,-0.1861,0.2599,-1.323
1979-02-15,9.68,9.13,9.12,-0.5399999999999974,-0.1885,0.2603,-1.35
1979-02-16,9.68,9.14,9.11,-0.509999999999998,-0.1908,0.2606,-1.225
1979-02-20,9.69,9.17,9.12,-0.46999999999999886,-0.1929,0.2607,-1.063
1979-02-21,9.71,9.2,9.15,-0.46000000000000263,-0.195,0.2607,-1.016
1979-02-22,9.9,9.29,9.2,-0.5200000000000014,-0.1973,0.261,-1.236
1979-02-23,9.92,9.31,9.21,-0.5099999999999998,-0.1995,0.2613,-1.188
1979-02-26,9.91,9.28,9.2,-0.5500000000000007,-0.2018,0.2618,-1.33
1979-02-27,9.89,9.3,9.19,-0.47999999999999865,-0.204,0.2619,-1.054
1979-02-28,9.89,9.29,9.17,-0.4800000000000022,-0.2062,0.2619,-1.045
1979-03-01,9.87,9.28,9.17,-0.4800000000000004,-0.2085,0.2617,-1.037
1979-03-02,9.87,9.26,9.16,-0.5099999999999998,-0.211,0.2616,-1.143
1979-03-05,9.83,9.22,9.11,-0.4999999999999982,-0.2134,0.2614,-1.096
1979-03-06,9.83,9.2,9.14,-0.5700000000000021,-0.216,0.2616,-1.353
1979-03-07,9.81,9.18,9.1,-0.5500000000000007,-0.2187,0.2616,-1.266
1979-03-08,9.76,9.18,9.1,-0.5,-0.2211,0.2614,-1.067
1979-03-09,9.79,9.2,9.11,-0.5,-0.2235,0.2612,-1.059
1979-03-12,9.81,9.18,9.11,-0.5600000000000005,-0.2262,0.2612,-1.278
1979-03-13,9.8,9.2,9.11,-0.5100000000000016,-0.2287,0.2608,-1.079
1979-03-14,9.82,9.21,9.12,-0.5199999999999978,-0.2312,0.2605,-1.109
1979-03-15,9.82,9.21,9.14,-0.5399999999999991,-0.2338,0.2604,-1.176
1979-03-16,9.84,9.22,9.12,-0.5199999999999978,-0.2363,0.2601,-1.091
1979-03-19,9.81,9.21,9.12,-0.509999999999998,-0.2387,0.2598,-1.044
1979-03-20,9.79,9.21,9.13,-0.4999999999999982,-0.241,0.2596,-0.998
1979-03-21,9.79,9.21,9.13,-0.4999999999999982,-0.2433,0.2592,-0.99
1979-03-22,9.77,9.2,9.12,-0.4900000000000002,-0.2456,0.2589,-0.944
1979-03-23,9.77,9.2,9.12,-0.4900000000000002,-0.2477,0.2586,-0.937
1979-03-26,9.76,9.2,9.12,-0.4800000000000004,-0.25,0.2582,-0.891
1979-03-27,9.73,9.18,9.11,-0.4800000000000004,-0.2523,0.2576,-0.884
1979-03-28,9.71,9.16,9.07,-0.46000000000000085,-0.2547,0.2567,-0.8
1979-03-29,9.67,9.15,9.06,-0.4299999999999997,-0.2567,0.256,-0.677
1979-03-30,9.72,9.19,9.11,-0.45000000000000107,-0.259,0.2552,-0.748
1979-04-02,9.74,9.2,9.11,-0.45000000000000107,-0.2613,0.2543,-0.742
1979-04-03,9.73,9.19,9.1,-0.45000000000000107,-0.2637,0.2533,-0.735
1979-04-04,9.71,9.18,9.09,-0.4400000000000013,-0.2658,0.2525,-0.69
1979-04-05,9.68,9.15,9.07,-0.4499999999999993,-0.2679,0.2517,-0.723
1979-04-06,9.75,9.19,9.1,-0.47000000000000064,-0.2702,0.251,-0.796
1979-04-09,9.81,9.23,9.14,-0.4900000000000002,-0.2724,0.2504,-0.869
1979-04-10,9.81,9.27,9.17,-0.4400000000000013,-0.2744,0.2497,-0.663
1979-04-11,9.85,9.3,9.2,-0.4499999999999975,-0.2765,0.249,-0.697
1979-04-12,9.85,9.3,9.2,-0.4499999999999975,-0.2787,0.2481,-0.69
1979-04-16,9.86,9.29,9.19,-0.47000000000000064,-0.2808,0.2474,-0.765
1979-04-17,9.77,9.24,9.16,-0.4499999999999993,-0.283,0.2465,-0.677
1979-04-18,9.71,9.22,9.15,-0.41999999999999993,-0.285,0.2456,-0.55
1979-04-19,9.68,9.2,9.15,-0.4300000000000015,-0.2869,0.2448,-0.585
1979-04-20,9.73,9.26,9.19,-0.40000000000000036,-0.2888,0.2438,-0.456
1979-04-23,9.73,9.26,9.21,-0.4200000000000017,-0.2908,0.2428,-0.532
1979-04-24,9.75,9.29,9.24,-0.4100000000000019,-0.2928,0.2417,-0.485
1979-04-25,9.77,9.26,9.23,-0.4800000000000004,-0.295,0.2408,-0.768
1979-04-26,9.8,9.28,9.27,-0.5100000000000016,-0.2973,0.2401,-0.886
1979-04-27,9.93,9.33,9.32,-0.5899999999999999,-0.2999,0.2397,-1.21
1979-04-30,9.91,9.35,9.35,-0.5600000000000005,-0.3024,0.2392,-1.077
1979-05-01,9.91,9.35,9.36,-0.5700000000000003,-0.3048,0.2389,-1.11
1979-05-02,9.91,9.34,9.34,-0.5700000000000003,-0.3071,0.2386,-1.102
1979-05-03,9.93,9.36,9.38,-0.5900000000000016,-0.3093,0.2386,-1.176
1979-05-04,9.93,9.38,9.39,-0.5599999999999987,-0.3115,0.2383,-1.043
1979-05-07,9.91,9.36,9.39,-0.5800000000000018,-0.3139,0.238,-1.118
1979-05-08,9.91,9.36,9.38,-0.5700000000000021,-0.3161,0.2378,-1.068
1979-05-09,9.9,9.35,9.36,-0.5600000000000005,-0.3182,0.2376,-1.018
1979-05-10,9.92,9.37,9.36,-0.5400000000000009,-0.3203,0.2372,-0.926
1979-05-11,9.9,9.33,9.34,-0.5800000000000001,-0.3227,0.2368,-1.087
1979-05-14,9.87,9.3,9.3,-0.5699999999999985,-0.3249,0.2364,-1.037
1979-05-15,9.87,9.32,9.32,-0.5499999999999989,-0.3271,0.236,-0.944
1979-05-16,9.84,9.3,9.31,-0.5499999999999989,-0.3293,0.2355,-0.937
1979-05-17,9.72,9.22,9.24,-0.5199999999999996,-0.3315,0.2346,-0.803
1979-05-18,9.71,9.2,9.23,-0.5400000000000027,-0.3337,0.234,-0.882
1979-05-21,9.75,9.22,9.24,-0.5499999999999989,-0.3358,0.2335,-0.917
1979-05-22,9.69,9.14,9.15,-0.5599999999999987,-0.3379,0.2331,-0.953
1979-05-23,9.65,9.05,9.07,-0.6199999999999992,-0.3403,0.233,-1.2
1979-05-24,9.58,9.02,9.06,-0.6000000000000014,-0.3426,0.2326,-1.107
1979-05-25,9.5,8.98,9.01,-0.5499999999999989,-0.3448,0.232,-0.884
1979-05-29,9.5,8.99,9.01,-0.5299999999999994,-0.3469,0.2313,-0.792
1979-05-31,9.56,9.04,9.06,-0.5400000000000027,-0.349,0.2306,-0.828
1979-06-01,9.56,9.01,9.05,-0.5900000000000016,-0.3514,0.2299,-1.038
1979-06-04,9.56,9.01,9.06,-0.6000000000000014,-0.3538,0.2292,-1.074
1979-06-05,9.5,8.97,9.02,-0.5799999999999983,-0.3562,0.2285,-0.979
1979-06-06,9.43,8.91,8.97,-0.5800000000000001,-0.3586,0.2277,-0.972
1979-06-07,9.29,8.82,8.89,-0.5399999999999991,-0.361,0.2264,-0.791
1979-06-08,9.25,8.84,8.9,-0.47000000000000064,-0.363,0.2251,-0.475
1979-06-11,9.27,8.87,8.94,-0.47000000000000064,-0.365,0.2237,-0.469
1979-06-12,9.05,8.71,8.79,-0.41999999999999815,-0.3669,0.2223,-0.239
1979-06-13,9.08,8.75,8.83,-0.41000000000000014,-0.3687,0.2207,-0.187
1979-06-14,9.12,8.79,8.87,-0.41000000000000014,-0.3705,0.2192,-0.18
1979-06-15,9.24,8.9,8.96,-0.40000000000000036,-0.3723,0.2176,-0.127
1979-06-18,9.26,8.86,8.95,-0.4900000000000002,-0.3744,0.2161,-0.535
1979-06-19,9.24,8.88,8.95,-0.42999999999999794,-0.3762,0.2147,-0.251
1979-06-20,9.25,8.87,8.94,-0.45000000000000107,-0.3781,0.2132,-0.337
1979-06-21,9.25,8.88,8.93,-0.41999999999999815,-0.3798,0.2117,-0.19
1979-06-22,9.27,8.94,8.98,-0.370000000000001,-0.3812,0.2105,0.053
1979-06-25,9.2,8.89,8.93,-0.34999999999999787,-0.383,0.2083,0.158
1979-06-26,8.97,8.76,8.82,-0.27000000000000135,-0.3841,0.2069,0.551
1979-06-27,8.92,8.72,8.8,-0.27999999999999936,-0.3852,0.2056,0.512
1979-06-28,8.95,8.71,8.8,-0.3299999999999983,-0.3863,0.2046,0.275
1979-06-29,8.97,8.74,8.81,-0.3000000000000007,-0.3872,0.2037,0.428
1979-07-02,8.93,8.7,8.76,-0.2900000000000009,-0.3883,0.2024,0.486
1979-07-03,8.95,8.71,8.77,-0.29999999999999716,-0.3893,0.2014,0.443
1979-07-05,8.98,8.73,8.8,-0.3200000000000003,-0.3903,0.2004,0.351
1979-07-06,9.0,8.78,8.82,-0.26000000000000156,-0.3909,0.1997,0.655
1979-07-09,9.04,8.82,8.86,-0.259999999999998,-0.3917,0.1989,0.662
1979-07-10,9.04,8.85,8.92,-0.2599999999999998,-0.3925,0.198,0.669
1979-07-11,9.04,8.88,8.97,-0.24999999999999822,-0.3932,0.197,0.727
1979-07-12,9.01,8.88,8.95,-0.1999999999999975,-0.3936,0.1966,0.985
1979-07-13,9.01,8.88,8.94,-0.18999999999999773,-0.3941,0.1958,1.042
1979-07-16,9.08,8.92,8.99,-0.23000000000000043,-0.3949,0.1948,0.847
1979-07-17,9.1,8.93,9.01,-0.25,-0.3958,0.1937,0.753
1979-07-18,9.1,8.93,9.03,-0.2699999999999996,-0.3967,0.1925,0.658
1979-07-19,9.14,8.96,9.04,-0.259999999999998,-0.3975,0.1915,0.718
1979-07-20,9.24,8.96,8.98,-0.29999999999999893,-0.3986,0.1902,0.518
1979-07-23,9.28,8.98,9.03,-0.34999999999999787,-0.3999,0.1886,0.265
1979-07-24,9.33,9.01,9.06,-0.370000000000001,-0.4014,0.1869,0.168
1979-07-25,9.36,8.98,8.99,-0.3899999999999988,-0.4029,0.1853,0.07
1979-07-26,9.25,8.94,8.97,-0.34000000000000163,-0.4038,0.1844,0.346
1979-07-27,9.38,9.01,9.02,-0.3800000000000008,-0.4051,0.1831,0.137
1979-07-30,9.32,9.01,9.03,-0.33000000000000007,-0.4062,0.1817,0.419
1979-07-31,9.31,8.99,9.01,-0.33999999999999986,-0.4073,0.1805,0.373
1979-08-01,9.23,8.96,8.99,-0.29999999999999893,-0.4082,0.1795,0.603
1979-08-02,9.2,8.9,8.91,-0.3099999999999987,-0.409,0.1785,0.555
1979-08-03,9.27,8.92,8.92,-0.34999999999999964,-0.41,0.1775,0.338
1979-08-06,9.27,8.9,8.91,-0.379999999999999,-0.411,0.1765,0.176
1979-08-07,9.22,8.9,8.91,-0.33000000000000007,-0.4118,0.1758,0.465
1979-08-08,9.25,8.92,8.93,-0.33999999999999986,-0.4129,0.1743,0.418
1979-08-09,9.27,8.96,8.97,-0.3199999999999985,-0.4137,0.1735,0.54
1979-08-10,9.33,8.99,9.0,-0.34999999999999964,-0.4149,0.1721,0.377
1979-08-13,9.34,9.0,9.0,-0.33999999999999986,-0.416,0.1707,0.445
1979-08-14,9.32,8.98,8.98,-0.33999999999999986,-0.4169,0.1696,0.453
1979-08-15,9.41,9.02,9.0,-0.370000000000001,-0.418,0.1684,0.285
1979-08-16,9.39,9.02,9.0,-0.3500000000000014,-0.4189,0.1675,0.411
1979-08-17,9.44,9.03,9.01,-0.39000000000000057,-0.4198,0.1667,0.179
1979-08-20,9.45,9.05,9.02,-0.36999999999999744,-0.4207,0.1658,0.306
1979-08-21,9.51,9.09,9.04,-0.3699999999999992,-0.4215,0.1651,0.312
1979-08-22,9.55,9.11,9.04,-0.370000000000001,-0.4223,0.1643,0.318
1979-08-23,9.63,9.11,9.05,-0.46000000000000263,-0.4235,0.1635,-0.223
1979-08-24,9.72,9.19,9.14,-0.4800000000000022,-0.425,0.1622,-0.339
1979-08-27,9.68,9.18,9.12,-0.4399999999999995,-0.4263,0.1611,-0.085
1979-08-28,9.73,9.23,9.15,-0.41999999999999993,-0.4275,0.1599,0.047
1979-08-29,9.73,9.25,9.14,-0.370000000000001,-0.4285,0.1586,0.369
1979-08-30,9.77,9.32,9.21,-0.33999999999999986,-0.4294,0.1574,0.568
1979-08-31,9.84,9.36,9.24,-0.3600000000000012,-0.4302,0.1566,0.448
1979-09-04,10.0,9.42,9.32,-0.4800000000000004,-0.4319,0.1549,-0.311
1979-09-05,10.02,9.42,9.32,-0.5,-0.4336,0.1532,-0.433
1979-09-06,10.03,9.42,9.35,-0.5399999999999991,-0.4357,0.151,-0.691
1979-09-07,10.1,9.41,9.34,-0.6199999999999992,-0.438,0.1493,-1.219
1979-09-10,10.13,9.42,9.36,-0.6500000000000004,-0.4404,0.1478,-1.418
1979-09-11,10.0,9.27,9.25,-0.7100000000000009,-0.4431,0.1465,-1.822
1979-09-12,10.04,9.36,9.3,-0.620000000000001,-0.4454,0.1449,-1.205
1979-09-13,10.1,9.41,9.34,-0.6199999999999992,-0.4476,0.1432,-1.204
1979-09-14,10.02,9.36,9.29,-0.5899999999999999,-0.4496,0.1416,-0.992
1979-09-17,10.13,9.44,9.37,-0.620000000000001,-0.4519,0.1396,-1.204
1979-09-18,10.14,9.45,9.36,-0.6000000000000014,-0.454,0.1378,-1.06
1979-09-19,10.08,9.38,9.31,-0.629999999999999,-0.4563,0.1359,-1.278
1979-09-20,10.03,9.38,9.29,-0.559999999999997,-0.4583,0.1337,-0.761
1979-09-21,10.0,9.38,9.26,-0.4999999999999982,-0.46,0.1314,-0.304
1979-09-24,10.01,9.41,9.34,-0.5299999999999994,-0.4619,0.1288,-0.529
1979-09-25,10.01,9.4,9.32,-0.5299999999999994,-0.4635,0.1273,-0.522
1979-09-26,10.02,9.45,9.36,-0.4800000000000004,-0.4644,0.1265,-0.123
1979-09-27,10.11,9.5,9.44,-0.5499999999999989,-0.4655,0.1261,-0.67
1979-09-28,10.1,9.48,9.44,-0.5799999999999983,-0.4669,0.1254,-0.902
1979-10-01,10.14,9.55,9.51,-0.5499999999999989,-0.468,0.1248,-0.657
1979-10-02,10.14,9.54,9.47,-0.5300000000000029,-0.4692,0.1241,-0.49
1979-10-03,10.14,9.55,9.5,-0.5399999999999991,-0.4704,0.1233,-0.564
1979-10-04,10.34,9.67,9.58,-0.5800000000000001,-0.4716,0.1228,-0.883
1979-10-05,10.39,9.74,9.6,-0.5099999999999998,-0.4727,0.1218,-0.306
1979-10-09,11.12,10.29,9.93,-0.47000000000000064,-0.4737,0.1208,0.031
1979-10-10,11.4,10.48,10.09,-0.5299999999999994,-0.475,0.1198,-0.459
1979-10-11,11.26,10.45,10.17,-0.5300000000000011,-0.4762,0.1188,-0.453
1979-10-12,11.17,10.45,10.15,-0.4200000000000017,-0.4768,0.118,0.481
1979-10-15,11.39,10.6,10.31,-0.5000000000000018,-0.4777,0.1173,-0.19
1979-10-16,11.39,10.56,10.27,-0.5399999999999991,-0.4789,0.1164,-0.525
1979-10-17,11.4,10.51,10.2,-0.5800000000000001,-0.4802,0.1158,-0.862
1979-10-18,11.75,10.74,10.41,-0.6799999999999997,-0.4818,0.1157,-1.713
1979-10-19,12.15,11.09,10.68,-0.6500000000000004,-0.4837,0.1146,-1.451
1979-10-22,12.43,11.4,10.96,-0.5899999999999999,-0.4851,0.1137,-0.923
1979-10-23,12.63,11.48,11.02,-0.6899999999999995,-0.4867,0.1137,-1.788
1979-10-24,12.52,11.36,10.83,-0.6300000000000008,-0.4881,0.1133,-1.252
1979-10-25,12.59,11.5,10.98,-0.5700000000000003,-0.4892,0.1126,-0.718
1979-10-26,12.05,11.11,10.67,-0.5000000000000018,-0.4902,0.1117,-0.088
1979-10-29,12.19,11.27,10.78,-0.4299999999999997,-0.4908,0.111,0.548
1979-10-30,12.12,11.27,10.75,-0.33000000000000007,-0.4906,0.1112,1.444
1979-10-31,12.06,11.2,10.72,-0.38000000000000256,-0.4906,0.1113,0.994
1979-11-01,12.08,11.26,10.79,-0.34999999999999964,-0.4906,0.1112,1.264
1979-11-02,12.19,11.24,10.84,-0.5499999999999989,-0.4913,0.111,-0.529
1979-11-05,12.15,11.25,10.85,-0.5,-0.4928,0.1086,-0.066
1979-11-07,12.36,11.35,11.0,-0.6600000000000001,-0.4932,0.1091,-1.529
1979-11-08,12.29,11.28,10.96,-0.6900000000000013,-0.4936,0.1096,-1.792
1979-11-09,11.78,10.96,10.68,-0.5399999999999974,-0.4927,0.1084,-0.436
1979-11-13,11.64,10.86,10.63,-0.5500000000000025,-0.4925,0.1083,-0.531
1979-11-14,11.82,10.98,10.75,-0.6099999999999994,-0.4925,0.1083,-1.085
1979-11-15,11.68,10.86,10.62,-0.5800000000000001,-0.4924,0.1082,-0.81
1979-11-16,11.97,11.08,10.77,-0.5800000000000001,-0.4923,0.108,-0.812
1979-11-19,12.08,11.19,10.8,-0.5000000000000018,-0.4922,0.108,-0.072
1979-11-20,12.12,11.22,10.78,-0.4599999999999973,-0.4919,0.108,0.295
1979-11-21,12.17,11.17,10.73,-0.5600000000000005,-0.4918,0.1079,-0.632
1979-11-23,11.69,10.76,10.51,-0.6799999999999997,-0.4925,0.1085,-1.728
1979-11-26,11.44,10.52,10.37,-0.7699999999999996,-0.4937,0.1099,-2.514
1979-11-27,11.11,10.28,10.24,-0.7900000000000009,-0.4951,0.1114,-2.647
1979-11-28,11.23,10.46,10.37,-0.6799999999999979,-0.496,0.112,-1.643
1979-11-29,11.23,10.42,10.34,-0.7300000000000004,-0.4965,0.1128,-2.07
1979-11-30,11.33,10.44,10.38,-0.8300000000000018,-0.4975,0.1146,-2.901
1979-12-03,11.42,10.48,10.44,-0.8999999999999986,-0.4989,0.1174,-3.417
1979-12-04,11.3,10.4,10.32,-0.8200000000000003,-0.5,0.1191,-2.687
1979-12-05,11.21,10.31,10.27,-0.8599999999999994,-0.5012,0.1212,-2.96
1979-12-06,11.08,10.2,10.13,-0.8100000000000023,-0.5023,0.1227,-2.508
1979-12-07,11.21,10.29,10.3,-0.9300000000000033,-0.5033,0.1251,-3.411
1979-12-10,11.25,10.29,10.27,-0.9400000000000013,-0.5046,0.1279,-3.404
1979-12-11,11.6,10.47,10.46,-1.1199999999999992,-0.5066,0.1335,-4.595
1979-12-12,11.85,10.6,10.58,-1.2300000000000004,-0.5091,0.1409,-5.116
1979-12-13,11.67,10.51,10.51,-1.1600000000000001,-0.5115,0.1468,-4.418
1979-12-14,11.47,10.4,10.45,-1.1199999999999992,-0.5138,0.1517,-3.996
1979-12-17,11.45,10.39,10.42,-1.089999999999998,-0.5159,0.1559,-3.682
1979-12-18,11.31,10.33,10.34,-0.9900000000000002,-0.5175,0.1587,-2.977
1979-12-19,11.38,10.33,10.33,-1.0500000000000007,-0.5194,0.1622,-3.271
1979-12-20,11.4,10.4,10.38,-0.9800000000000004,-0.5212,0.1647,-2.786
1979-12-21,11.42,10.48,10.39,-0.8499999999999996,-0.5226,0.166,-1.972
1979-12-24,11.44,10.49,10.45,-0.9099999999999984,-0.5237,0.1676,-2.305
1979-12-26,11.43,10.52,10.48,-0.870000000000001,-0.5243,0.1686,-2.05
1979-12-27,11.39,10.54,10.46,-0.7700000000000031,-0.525,0.1693,-1.447
1979-12-28,11.3,10.5,10.41,-0.7100000000000009,-0.526,0.1696,-1.085
1979-12-31,11.23,10.38,10.33,-0.7999999999999989,-0.5275,0.1703,-1.6
1980-01-02,11.39,10.52,10.5,-0.8500000000000014,-0.529,0.1715,-1.872
1980-01-03,11.45,10.54,10.6,-0.9700000000000006,-0.531,0.1737,-2.527
1980-01-04,11.47,10.62,10.66,-0.8900000000000023,-0.5327,0.1751,-2.041
1980-01-07,11.35,10.56,10.63,-0.8599999999999994,-0.5341,0.1763,-1.849
1980-01-08,11.26,10.52,10.57,-0.7900000000000009,-0.5352,0.177,-1.44
1980-01-09,11.24,10.53,10.58,-0.7600000000000016,-0.5363,0.1776,-1.26
1980-01-10,11.18,10.47,10.51,-0.7499999999999982,-0.5375,0.178,-1.194
1980-01-11,11.33,10.61,10.68,-0.7900000000000009,-0.539,0.1785,-1.406
1980-01-14,11.35,10.61,10.7,-0.8300000000000001,-0.5406,0.1793,-1.614
1980-01-15,11.32,10.61,10.65,-0.7500000000000018,-0.5416,0.1798,-1.159
1980-01-16,11.3,10.6,10.65,-0.7500000000000018,-0.5426,0.1802,-1.151
1980-01-17,11.37,10.62,10.71,-0.8400000000000016,-0.5441,0.1812,-1.633
1980-01-18,11.52,10.74,10.82,-0.8599999999999994,-0.5455,0.1822,-1.726
1980-01-21,11.58,10.86,10.96,-0.8200000000000021,-0.5467,0.183,-1.493
1980-01-22,11.56,10.8,10.85,-0.8099999999999987,-0.5477,0.1838,-1.427
1980-01-23,11.53,10.76,10.82,-0.8300000000000001,-0.5489,0.1846,-1.523
1980-01-24,11.68,10.9,11.01,-0.8899999999999988,-0.5502,0.1859,-1.828
1980-01-25,11.82,11.04,11.1,-0.8400000000000016,-0.5512,0.1868,-1.546
1980-01-28,11.79,11.08,11.15,-0.7799999999999994,-0.552,0.1873,-1.217
1980-01-29,11.88,11.14,11.21,-0.8100000000000005,-0.5527,0.1879,-1.369
1980-01-30,11.84,11.12,11.16,-0.7600000000000016,-0.5533,0.1884,-1.097
1980-01-31,11.75,11.11,11.13,-0.6600000000000019,-0.553,0.1881,-0.569
1980-02-01,12.04,11.3,11.29,-0.7299999999999969,-0.5534,0.1884,-0.937
1980-02-04,12.12,11.38,11.4,-0.759999999999998,-0.5539,0.1888,-1.092
1980-02-05,12.49,11.8,11.73,-0.6199999999999992,-0.5537,0.1887,-0.351
1980-02-06,12.42,11.86,11.92,-0.620000000000001,-0.5534,0.1885,-0.353
1980-02-07,12.21,11.61,11.71,-0.7000000000000028,-0.5536,0.1886,-0.776
1980-02-08,12.31,11.76,11.8,-0.5900000000000016,-0.5532,0.1885,-0.195
1980-02-11,12.6,11.91,12.01,-0.7899999999999991,-0.5538,0.189,-1.25
1980-02-13,12.52,11.86,11.86,-0.6600000000000001,-0.5541,0.1891,-0.56
1980-02-14,12.6,11.93,11.97,-0.7100000000000009,-0.5548,0.1893,-0.82
1980-02-15,13.13,12.26,12.2,-0.8100000000000005,-0.5558,0.19,-1.338
1980-02-19,13.96,12.88,12.85,-1.049999999999999,-0.5577,0.1925,-2.557
1980-02-20,14.03,13.1,12.84,-0.6699999999999999,-0.5581,0.1927,-0.581
1980-02-21,14.51,13.5,13.22,-0.7300000000000004,-0.5589,0.193,-0.887
1980-02-22,14.52,13.38,13.06,-0.8199999999999985,-0.56,0.1937,-1.342
1980-02-25,14.62,13.7,13.27,-0.4900000000000002,-0.5599,0.1937,0.361
1980-02-26,14.91,14.12,13.65,-0.32000000000000206,-0.5593,0.1942,1.232
1980-02-27,14.82,14.08,13.46,-0.120000000000001,-0.558,0.1961,2.234
1980-02-28,14.41,13.42,12.92,-0.4900000000000002,-0.5579,0.1961,0.346
1980-02-29,14.73,13.48,12.72,-0.4900000000000002,-0.5578,0.1961,0.346
1980-03-03,14.83,13.53,12.79,-0.5600000000000005,-0.5578,0.1961,-0.011
1980-03-04,14.86,13.61,12.91,-0.5500000000000007,-0.5581,0.1961,0.041
1980-03-05,14.99,13.68,13.03,-0.6600000000000001,-0.5588,0.1961,-0.516
1980-03-06,15.27,13.8,13.13,-0.7999999999999989,-0.5601,0.1966,-1.22
1980-03-07,15.2,13.64,12.86,-0.7799999999999976,-0.5612,0.1971,-1.11
1980-03-10,14.71,13.37,12.63,-0.6000000000000032,-0.5615,0.1971,-0.195
1980-03-11,14.43,13.03,12.41,-0.7800000000000011,-0.5624,0.1975,-1.102
1980-03-12,14.74,13.27,12.62,-0.8200000000000003,-0.5635,0.1982,-1.294
1980-03-13,14.69,13.2,12.5,-0.7900000000000009,-0.5646,0.1987,-1.134
1980-03-14,14.8,13.21,12.52,-0.8999999999999986,-0.5662,0.1998,-1.671
1980-03-17,14.82,13.22,12.58,-0.9599999999999991,-0.5678,0.2013,-1.948
1980-03-18,14.42,13.01,12.4,-0.8000000000000007,-0.5689,0.2018,-1.145
1980-03-19,14.33,13.0,12.35,-0.6799999999999997,-0.5696,0.2019,-0.547
1980-03-20,15.03,13.32,12.62,-1.009999999999998,-0.5714,0.2038,-2.152
1980-03-21,15.02,13.51,12.75,-0.75,-0.5723,0.2041,-0.871
1980-03-24,15.36,14.03,13.17,-0.47000000000000064,-0.5722,0.2041,0.501
1980-03-25,15.19,14.0,13.1,-0.28999999999999915,-0.5713,0.2048,1.374
1980-03-26,15.26,13.87,13.03,-0.5500000000000007,-0.5715,0.2048,0.105
1980-03-27,15.11,13.75,12.97,-0.5800000000000001,-0.5719,0.2047,-0.04
1980-03-28,14.89,13.5,12.72,-0.6100000000000012,-0.5724,0.2047,-0.184
1980-03-31,14.63,13.31,12.64,-0.6500000000000004,-0.5731,0.2047,-0.376
1980-04-01,14.59,13.39,12.69,-0.4999999999999982,-0.5731,0.2046,0.357
1980-04-02,14.52,13.27,12.63,-0.6100000000000012,-0.5737,0.2045,-0.178
1980-04-03,14.51,13.19,12.52,-0.6500000000000004,-0.5746,0.2044,-0.369
1980-04-07,13.85,12.7,12.13,-0.5800000000000018,-0.5751,0.2042,-0.024
1980-04-08,13.89,12.64,12.21,-0.8200000000000003,-0.5766,0.2046,-1.19
1980-04-09,13.54,12.59,12.06,-0.41999999999999993,-0.5765,0.2047,0.765
1980-04-10,13.57,12.61,12.06,-0.4100000000000019,-0.5763,0.2048,0.812
1980-04-11,13.22,12.3,11.79,-0.40999999999999837,-0.5762,0.2049,0.811
1980-04-14,12.96,12.15,11.62,-0.27999999999999936,-0.5754,0.2057,1.436
1980-04-15,12.72,12.02,11.57,-0.2500000000000018,-0.5745,0.2066,1.571
1980-04-16,11.97,11.43,10.9,-0.010000000000001563,-0.5728,0.2095,2.686
1980-04-17,11.97,11.52,11.13,-0.060000000000002274,-0.5712,0.2118,2.414
1980-04-18,11.76,11.24,11.05,-0.33000000000000007,-0.5708,0.2122,1.135
1980-04-21,11.56,11.1,10.9,-0.26000000000000156,-0.5699,0.213,1.455
1980-04-22,11.43,10.97,10.82,-0.3099999999999987,-0.5694,0.2135,1.215
1980-04-23,11.38,11.03,10.89,-0.21000000000000263,-0.5685,0.2145,1.671
1980-04-24,11.42,11.15,10.96,-0.08000000000000007,-0.5671,0.2165,2.25
1980-04-25,11.39,11.14,10.95,-0.05999999999999872,-0.5658,0.2186,2.314
1980-04-28,10.74,10.73,10.63,0.08999999999999986,-0.5638,0.2223,2.941
1980-04-29,10.74,10.73,10.67,0.05000000000000071,-0.5619,0.2255,2.714
1980-04-30,10.81,10.82,10.76,0.07000000000000028,-0.5598,0.2289,2.751
1980-05-01,10.7,10.72,10.57,0.1700000000000017,-0.5571,0.2334,3.115
1980-05-02,10.04,10.17,10.24,0.0600000000000005,-0.5545,0.2367,2.596
1980-05-05,9.85,10.08,10.18,0.13000000000000078,-0.5517,0.2405,2.835
1980-05-06,9.4,9.71,9.8,0.22000000000000064,-0.5486,0.2454,3.132
1980-05-07,9.41,9.85,9.96,0.3299999999999983,-0.545,0.2516,3.478
1980-05-08,9.48,9.97,10.18,0.28000000000000114,-0.5416,0.2569,3.198
1980-05-09,9.85,10.08,10.3,0.009999999999999787,-0.5393,0.2592,2.119
1980-05-12,9.52,9.99,10.3,0.16000000000000014,-0.5364,0.2629,2.649
1980-05-13,9.38,9.79,10.13,0.06999999999999673,-0.5338,0.2656,2.273
1980-05-14,9.27,9.84,10.14,0.2699999999999996,-0.5306,0.2704,2.961
1980-05-15,9.48,9.97,10.31,0.15000000000000036,-0.5278,0.2738,2.476
1980-05-16,9.76,10.09,10.37,0.05000000000000071,-0.5253,0.2762,2.083
1980-05-19,9.78,10.2,10.53,0.08999999999999986,-0.5227,0.2789,2.197
1980-05-20,9.26,9.89,10.22,0.3000000000000007,-0.5193,0.2836,2.889
1980-05-21,9.14,9.85,10.08,0.47999999999999865,-0.5152,0.2905,3.426
1980-05-22,9.13,9.89,10.1,0.5500000000000007,-0.511,0.2982,3.558
1980-05-23,8.73,9.61,9.85,0.6399999999999988,-0.5063,0.3069,3.735
1980-05-27,8.82,9.63,9.96,0.4800000000000004,-0.5022,0.3131,3.137
1980-05-28,9.04,9.78,10.1,0.41999999999999993,-0.4983,0.3184,2.884
1980-05-29,9.16,9.88,10.24,0.3600000000000012,-0.4944,0.3229,2.646
1980-05-30,9.25,9.87,10.25,0.23999999999999844,-0.4911,0.3261,2.242
1980-06-02,9.34,9.97,10.31,0.2900000000000009,-0.4878,0.3298,2.358
1980-06-03,9.2,9.66,10.16,-0.03999999999999915,-0.4858,0.331,1.347
1980-06-04,9.06,9.55,10.07,-0.02999999999999936,-0.4838,0.3322,1.366
1980-06-05,8.97,9.46,10.02,-0.06999999999999851,-0.4817,0.3331,1.236
1980-06-06,8.72,9.25,9.81,-0.030000000000001137,-0.4795,0.3343,1.345
1980-06-09,8.61,9.17,9.73,0.0,-0.4772,0.3356,1.422
1980-06-10,8.79,9.27,9.83,-0.08000000000000007,-0.4752,0.3364,1.175
1980-06-11,8.65,9.17,9.7,-0.009999999999999787,-0.4731,0.3377,1.371
1980-06-12,8.46,8.93,9.53,-0.13000000000000078,-0.4717,0.3384,1.01
1980-06-13,8.39,8.86,9.51,-0.1800000000000015,-0.4706,0.3389,0.857
1980-06-16,8.38,8.87,9.47,-0.11000000000000298,-0.4694,0.3396,1.058
1980-06-17,8.36,8.86,9.49,-0.13000000000000078,-0.4683,0.3403,0.994
1980-06-18,8.58,8.96,9.56,-0.21999999999999886,-0.4675,0.3406,0.727
1980-06-19,8.68,8.96,9.56,-0.3199999999999985,-0.4672,0.3407,0.432
1980-06-20,8.43,8.86,9.49,-0.20000000000000107,-0.466,0.3411,0.78
1980-06-23,8.59,9.02,9.63,-0.1800000000000015,-0.465,0.3416,0.834
1980-06-24,8.64,9.13,9.68,-0.05999999999999872,-0.4635,0.3425,1.178
1980-06-25,8.73,9.23,9.79,-0.05999999999999872,-0.4621,0.3435,1.171
1980-06-26,8.8,9.33,9.87,-0.009999999999999787,-0.4606,0.3446,1.308
1980-06-27,8.94,9.45,10.04,-0.08000000000000007,-0.4596,0.3454,1.099
1980-06-30,8.97,9.48,10.09,-0.09999999999999964,-0.4589,0.3459,1.038
1980-07-01,9.01,9.55,10.13,-0.03999999999999915,-0.4579,0.3467,1.205
1980-07-02,9.01,9.49,10.19,-0.21999999999999886,-0.4575,0.3469,0.685
1980-07-03,8.77,9.36,10.01,-0.0600000000000005,-0.4565,0.3477,1.14
1980-07-07,8.94,9.49,10.2,-0.15999999999999837,-0.456,0.3481,0.85
1980-07-08,8.8,9.37,10.09,-0.15000000000000213,-0.4554,0.3485,0.876
1980-07-09,8.83,9.41,10.14,-0.15000000000000036,-0.4548,0.3489,0.874
1980-07-10,8.9,9.47,10.21,-0.16999999999999993,-0.4544,0.3491,0.815
1980-07-11,8.97,9.56,10.28,-0.129999999999999,-0.4539,0.3495,0.927
1980-07-14,9.16,9.56,10.33,-0.3699999999999992,-0.4543,0.3493,0.241
1980-07-15,8.98,9.45,10.17,-0.2500000000000018,-0.4543,0.3493,0.585
1980-07-16,8.79,9.34,10.07,-0.17999999999999972,-0.4542,0.3494,0.785
1980-07-17,8.89,9.43,10.21,-0.240000000000002,-0.4544,0.3493,0.614
1980-07-18,8.93,9.42,10.2,-0.28999999999999915,-0.4547,0.3491,0.472
1980-07-21,8.93,9.38,10.13,-0.29999999999999893,-0.4549,0.349,0.444
1980-07-22,9.02,9.41,10.18,-0.379999999999999,-0.4553,0.3489,0.216
1980-07-23,8.95,9.4,10.12,-0.2699999999999978,-0.4554,0.3488,0.532
1980-07-24,9.05,9.51,10.24,-0.27000000000000135,-0.4552,0.3489,0.531
1980-07-25,9.15,9.59,10.35,-0.3200000000000003,-0.4551,0.3489,0.387
1980-07-28,9.24,9.77,10.46,-0.16000000000000192,-0.4543,0.3494,0.842
1980-07-29,9.28,9.77,10.45,-0.1899999999999995,-0.4535,0.3498,0.753
1980-07-30,9.33,9.81,10.53,-0.23999999999999844,-0.4531,0.35,0.609
1980-07-31,9.72,10.09,10.76,-0.3000000000000007,-0.4528,0.3501,0.436
1980-08-01,9.78,10.16,10.76,-0.21999999999999886,-0.4523,0.3503,0.663
1980-08-04,9.66,10.04,10.69,-0.27000000000000135,-0.4521,0.3504,0.52
1980-08-05,9.67,10.06,10.7,-0.24999999999999822,-0.4519,0.3505,0.576
1980-08-06,9.69,10.19,10.8,-0.11000000000000121,-0.4511,0.351,0.972
1980-08-07,9.67,10.1,10.71,-0.1800000000000015,-0.4504,0.3514,0.769
1980-08-08,9.81,10.22,10.87,-0.23999999999999844,-0.4498,0.3516,0.597
1980-08-11,10.07,10.47,11.03,-0.15999999999999837,-0.4492,0.352,0.822
1980-08-12,10.03,10.48,10.98,-0.049999999999998934,-0.448,0.3528,1.128
1980-08-13,10.03,10.46,10.89,1.7763568394002505e-15,-0.4467,0.3539,1.262
1980-08-14,10.07,10.48,10.9,-0.009999999999999787,-0.4454,0.3549,1.227
1980-08-15,10.12,10.48,10.86,-0.019999999999997797,-0.4441,0.3559,1.192
1980-08-18,10.77,10.99,11.13,0.08000000000000007,-0.4425,0.3573,1.462
1980-08-19,10.91,11.11,11.24,0.06999999999999851,-0.4407,0.3587,1.424
1980-08-20,11.11,11.29,11.22,0.24999999999999822,-0.4383,0.3613,1.905
1980-08-21,11.27,11.39,11.3,0.21000000000000085,-0.436,0.3636,1.777
1980-08-22,11.09,11.26,11.13,0.29999999999999893,-0.4333,0.3665,2.001
1980-08-25,11.34,11.55,11.4,0.3600000000000012,-0.4304,0.3699,2.137
1980-08-26,11.34,11.55,11.42,0.34000000000000163,-0.4276,0.3731,2.057
1980-08-27,11.52,11.76,11.67,0.33000000000000007,-0.4244,0.3761,2.006
1980-08-28,11.77,11.92,11.89,0.17999999999999972,-0.4218,0.378,1.592
1980-08-29,11.36,11.66,11.55,0.41000000000000014,-0.4185,0.3816,2.171
1980-09-02,11.05,11.45,11.32,0.5299999999999976,-0.4147,0.3863,2.446
1980-09-03,10.73,11.13,11.08,0.45000000000000107,-0.4114,0.3901,2.208
1980-09-04,10.77,11.15,11.16,0.370000000000001,-0.4086,0.3932,1.98
1980-09-05,10.89,11.19,11.21,0.2799999999999976,-0.4061,0.3955,1.735
1980-09-08,11.11,11.3,11.29,0.20000000000000284,-0.4034,0.3973,1.519
1980-09-09,11.13,11.27,11.19,0.21999999999999886,-0.4005,0.3992,1.554
1980-09-10,11.03,11.19,11.14,0.20999999999999908,-0.3975,0.401,1.515
1980-09-11,11.27,11.37,11.32,0.14999999999999858,-0.3945,0.4022,1.354
1980-09-12,11.4,11.41,11.37,0.05000000000000071,-0.3917,0.4028,1.097
1980-09-15,11.79,11.75,11.62,0.09000000000000163,-0.3885,0.4035,1.186
1980-09-16,11.68,11.63,11.52,0.060000000000002274,-0.3858,0.4042,1.103
1980-09-17,11.79,11.73,11.57,0.10000000000000142,-0.383,0.4051,1.192
1980-09-18,11.84,11.75,11.53,0.13000000000000078,-0.3801,0.4062,1.256
1980-09-19,11.59,11.53,11.33,0.1399999999999988,-0.3771,0.4072,1.27
1980-09-22,12.0,11.92,11.69,0.15000000000000036,-0.3741,0.4083,1.284
1980-09-23,12.0,11.97,11.76,0.1800000000000015,-0.3709,0.4095,1.345
1980-09-24,11.98,11.96,11.75,0.19000000000000128,-0.3679,0.4108,1.358
1980-09-25,12.11,12.04,11.91,0.05999999999999872,-0.3657,0.4116,1.034
1980-09-26,12.4,12.17,11.99,-0.05000000000000071,-0.3638,0.4119,0.762
1980-09-29,12.38,12.19,12.07,-0.07000000000000206,-0.362,0.4122,0.708
1980-09-30,12.13,11.88,11.86,-0.22999999999999865,-0.361,0.4122,0.318
1980-10-01,12.02,11.77,11.78,-0.2599999999999998,-0.3598,0.4121,0.242
1980-10-02,12.06,11.83,11.83,-0.23000000000000043,-0.3585,0.412,0.312
1980-10-03,11.51,11.35,11.4,-0.21000000000000085,-0.3571,0.4119,0.357
1980-10-06,11.41,11.35,11.35,-0.0600000000000005,-0.3552,0.4122,0.716
1980-10-07,11.44,11.4,11.43,-0.06999999999999851,-0.3534,0.4124,0.687
1980-10-08,11.69,11.55,11.51,-0.09999999999999787,-0.3515,0.4124,0.61
1980-10-09,11.6,11.45,11.39,-0.09000000000000163,-0.3498,0.4126,0.63
1980-10-10,11.64,11.55,11.44,0.02000000000000135,-0.3479,0.4132,0.89
1980-10-14,11.67,11.5,11.37,-0.03999999999999915,-0.3459,0.4135,0.74
1980-10-15,11.58,11.44,11.29,0.009999999999999787,-0.3438,0.414,0.855
1980-10-16,11.69,11.55,11.47,-0.05999999999999872,-0.3423,0.4143,0.681
1980-10-17,11.91,11.69,11.62,-0.15000000000000036,-0.341,0.4144,0.461
1980-10-20,12.0,11.72,11.64,-0.1999999999999993,-0.3396,0.4143,0.337
1980-10-21,12.11,11.81,11.7,-0.18999999999999773,-0.3381,0.4141,0.358
1980-10-22,12.31,12.07,11.88,-0.05000000000000071,-0.3356,0.4139,0.69
1980-10-23,12.31,11.95,11.82,-0.2300000000000022,-0.3339,0.4135,0.251
1980-10-24,12.25,11.89,11.74,-0.20999999999999908,-0.3324,0.4133,0.296
1980-10-27,12.73,12.32,12.13,-0.22000000000000064,-0.3305,0.4127,0.268
1980-10-28,12.91,12.56,12.32,-0.10999999999999943,-0.3285,0.4125,0.53
1980-10-29,12.98,12.75,12.48,0.03999999999999915,-0.326,0.4129,0.886
1980-10-30,13.04,12.71,12.48,-0.09999999999999787,-0.3244,0.413,0.543
1980-10-31,13.08,12.74,12.46,-0.0600000000000005,-0.323,0.4132,0.636
1980-11-03,13.23,12.74,12.46,-0.21000000000000085,-0.3225,0.4133,0.272
1980-11-05,13.38,12.95,12.61,-0.09000000000000163,-0.3213,0.4136,0.559
1980-11-06,13.57,13.19,13.04,-0.23000000000000043,-0.3209,0.4136,0.22
1980-11-07,13.36,12.87,12.66,-0.28000000000000114,-0.3198,0.4133,0.096
1980-11-10,13.29,12.88,12.78,-0.30999999999999694,-0.319,0.4132,0.022
1980-11-12,12.86,12.39,12.47,-0.5499999999999989,-0.3186,0.4129,-0.56
1980-11-13,12.89,12.38,12.49,-0.6199999999999992,-0.3183,0.4127,-0.731
1980-11-14,13.25,12.7,12.79,-0.6400000000000006,-0.3187,0.4129,-0.778
1980-11-17,13.71,12.95,12.95,-0.7600000000000016,-0.3196,0.4136,-1.065
1980-11-18,13.47,12.67,12.62,-0.75,-0.3201,0.4141,-1.038
1980-11-19,13.37,12.6,12.51,-0.6799999999999997,-0.3205,0.4144,-0.868
1980-11-20,13.53,12.68,12.59,-0.7599999999999998,-0.3212,0.415,-1.057
1980-11-21,13.83,12.97,12.8,-0.6899999999999995,-0.322,0.4155,-0.886
1980-11-24,13.88,13.0,12.76,-0.6400000000000006,-0.3227,0.4159,-0.763
1980-11-25,13.99,13.07,12.74,-0.5899999999999999,-0.3228,0.4159,-0.642
1980-11-26,14.0,13.01,12.65,-0.6300000000000008,-0.3226,0.4158,-0.739
1980-11-28,14.13,13.14,12.72,-0.5700000000000003,-0.3218,0.4151,-0.598
1980-12-01,14.25,13.35,12.92,-0.47000000000000064,-0.3206,0.4142,-0.361
1980-12-02,14.25,13.37,12.95,-0.46000000000000085,-0.3197,0.4136,-0.339
1980-12-03,14.04,13.42,12.92,-0.11999999999999922,-0.3173,0.413,0.478
1980-12-04,14.15,13.43,12.91,-0.20000000000000107,-0.3148,0.4118,0.279
1980-12-05,14.34,13.45,12.85,-0.2900000000000009,-0.3123,0.4101,0.054
1980-12-08,14.45,13.51,12.91,-0.33999999999999986,-0.3104,0.4089,-0.072
1980-12-09,14.54,13.61,13.1,-0.41999999999999993,-0.3087,0.4075,-0.273
1980-12-10,14.59,13.63,13.15,-0.47999999999999865,-0.3074,0.4064,-0.425
1980-12-11,14.97,14.04,13.57,-0.46000000000000263,-0.3055,0.4046,-0.382
1980-12-12,14.74,13.63,13.21,-0.6899999999999995,-0.3045,0.4033,-0.956
1980-12-15,14.83,13.75,13.25,-0.5800000000000001,-0.3024,0.4004,-0.693
1980-12-16,15.12,14.04,13.51,-0.5500000000000007,-0.2997,0.3964,-0.631
1980-12-17,14.98,13.87,13.28,-0.5200000000000014,-0.2971,0.3929,-0.567
1980-12-18,14.89,13.79,13.22,-0.5300000000000029,-0.2948,0.3897,-0.604
1980-12-19,14.05,13.02,12.64,-0.6500000000000021,-0.2931,0.3871,-0.922
1980-12-22,13.24,12.34,12.14,-0.7000000000000011,-0.2919,0.3855,-1.059
1980-12-23,13.04,12.5,12.35,-0.3899999999999988,-0.2893,0.3825,-0.263
1980-12-24,13.37,12.61,12.42,-0.5700000000000003,-0.2877,0.3804,-0.742
1980-12-26,12.95,12.53,12.25,-0.14000000000000057,-0.2848,0.3789,0.382
1980-12-29,12.87,12.41,12.2,-0.24999999999999822,-0.2822,0.3768,0.085
1980-12-30,12.97,12.55,12.39,-0.2599999999999998,-0.2798,0.375,0.053
1980-12-31,13.06,12.59,12.43,-0.3100000000000005,-0.278,0.3737,-0.086
1981-01-02,13.1,12.61,12.42,-0.3000000000000007,-0.2763,0.3727,-0.064
1981-01-05,12.28,12.29,12.15,0.14999999999999858,-0.2726,0.3722,1.135
1981-01-06,12.42,12.21,12.11,-0.10999999999999766,-0.2696,0.3705,0.431
1981-01-07,12.92,12.61,12.38,-0.08000000000000185,-0.2661,0.3681,0.506
1981-01-08,13.09,12.68,12.35,-0.08000000000000007,-0.2629,0.3661,0.5
1981-01-09,13.53,12.88,12.57,-0.3399999999999981,-0.2608,0.3642,-0.217
1981-01-12,13.17,12.71,12.45,-0.1999999999999975,-0.2585,0.3627,0.161
1981-01-13,13.3,12.68,12.53,-0.47000000000000064,-0.2573,0.3616,-0.588
1981-01-14,12.95,12.61,12.53,-0.2599999999999998,-0.2554,0.3602,-0.013
1981-01-15,13.25,12.77,12.62,-0.33000000000000007,-0.2536,0.3587,-0.213
1981-01-16,13.08,12.66,12.53,-0.28999999999999915,-0.2514,0.3568,-0.108
1981-01-19,13.62,12.92,12.64,-0.41999999999999993,-0.2501,0.3556,-0.478
1981-01-20,13.48,12.77,12.5,-0.4400000000000013,-0.2489,0.3544,-0.539
1981-01-21,13.79,13.08,12.77,-0.3999999999999986,-0.2471,0.3525,-0.434
1981-01-22,13.83,13.16,12.87,-0.379999999999999,-0.2452,0.3505,-0.385
1981-01-23,13.74,13.1,12.84,-0.3800000000000008,-0.2435,0.3487,-0.391
1981-01-26,13.4,12.89,12.7,-0.3199999999999985,-0.2415,0.3469,-0.226
1981-01-27,13.4,12.92,12.73,-0.2900000000000009,-0.2394,0.3449,-0.147
1981-01-28,13.48,12.94,12.77,-0.370000000000001,-0.2373,0.3425,-0.387
1981-01-29,13.42,12.89,12.8,-0.4399999999999995,-0.2358,0.3407,-0.599
1981-01-30,13.26,12.8,12.68,-0.3399999999999981,-0.234,0.339,-0.313
1981-02-02,13.51,13.02,12.86,-0.33000000000000007,-0.2321,0.3371,-0.29
1981-02-03,13.7,13.2,12.98,-0.28000000000000114,-0.2302,0.3354,-0.148
1981-02-04,13.63,13.09,12.86,-0.3100000000000005,-0.2288,0.3344,-0.243
1981-02-05,13.63,13.1,12.95,-0.3800000000000008,-0.2274,0.333,-0.458
1981-02-06,13.89,13.23,13.09,-0.5199999999999996,-0.2265,0.3318,-0.885
1981-02-09,13.97,13.35,13.21,-0.4800000000000022,-0.2259,0.3313,-0.767
1981-02-10,14.1,13.5,13.27,-0.3699999999999992,-0.2249,0.3305,-0.439
1981-02-11,14.34,13.66,13.42,-0.4399999999999995,-0.2239,0.3294,-0.656
1981-02-13,14.45,13.84,13.65,-0.41999999999999993,-0.2232,0.3288,-0.599
1981-02-17,13.97,13.46,13.33,-0.379999999999999,-0.2216,0.327,-0.484
1981-02-18,13.98,13.45,13.3,-0.38000000000000256,-0.2205,0.326,-0.489
1981-02-19,13.72,13.25,13.09,-0.3100000000000005,-0.2189,0.3245,-0.281
1981-02-20,13.55,13.1,12.9,-0.2500000000000018,-0.2167,0.3224,-0.103
1981-02-23,13.92,13.49,13.19,-0.129999999999999,-0.213,0.3181,0.261
1981-02-24,14.0,13.51,13.21,-0.19000000000000128,-0.2111,0.3168,0.067
1981-02-25,14.0,13.61,13.29,-0.07000000000000028,-0.2085,0.3152,0.439
1981-02-26,14.1,13.8,13.47,0.030000000000001137,-0.2051,0.3132,0.751
1981-02-27,14.08,13.76,13.43,0.009999999999999787,-0.2031,0.3129,0.681
1981-03-02,14.4,13.92,13.62,-0.17999999999999972,-0.2026,0.3129,0.072
1981-03-03,14.13,13.78,13.43,-1.7763568394002505e-15,-0.2021,0.3131,0.645
1981-03-04,14.21,13.82,13.45,-0.019999999999999574,-0.2002,0.3128,0.576
1981-03-05,14.17,13.78,13.43,-0.040000000000000924,-0.1985,0.3124,0.507
1981-03-06,13.91,13.49,13.2,-0.129999999999999,-0.1967,0.3116,0.214
1981-03-09,13.84,13.39,13.09,-0.14999999999999858,-0.1952,0.3108,0.145
1981-03-10,13.74,13.37,13.08,-0.08000000000000185,-0.1929,0.3095,0.365
1981-03-11,13.79,13.4,13.12,-0.10999999999999766,-0.1901,0.3071,0.261
1981-03-12,13.7,13.33,13.03,-0.06999999999999851,-0.1873,0.3049,0.385
1981-03-13,13.45,13.18,12.86,0.05000000000000071,-0.1847,0.3042,0.772
1981-03-16,13.3,13.15,12.85,0.15000000000000036,-0.181,0.3026,1.094
1981-03-17,13.2,12.97,12.68,0.060000000000002274,-0.1775,0.3002,0.791
1981-03-18,12.75,12.8,12.58,0.27000000000000135,-0.1733,0.299,1.483
1981-03-19,12.84,12.95,12.67,0.3899999999999988,-0.1682,0.2976,1.876
1981-03-20,12.88,13.01,12.77,0.3699999999999992,-0.1629,0.2953,1.805
1981-03-23,13.36,13.38,13.13,0.27000000000000135,-0.1587,0.2938,1.459
1981-03-24,13.55,13.57,13.3,0.28999999999999915,-0.1548,0.2933,1.517
1981-03-25,13.51,13.51,13.21,0.29999999999999893,-0.1496,0.2896,1.552
1981-03-26,13.62,13.63,13.34,0.3000000000000025,-0.1455,0.2885,1.544
1981-03-27,13.67,13.68,13.36,0.33000000000000007,-0.1423,0.2893,1.633
1981-03-30,13.32,13.48,13.22,0.41999999999999993,-0.1395,0.2913,1.921
1981-03-31,13.17,13.39,13.13,0.4800000000000004,-0.1354,0.2928,2.102
1981-04-01,13.19,13.36,13.14,0.3899999999999988,-0.1315,0.2933,1.778
1981-04-02,13.4,13.46,13.25,0.27000000000000135,-0.1281,0.2928,1.36
1981-04-03,13.57,13.62,13.4,0.2699999999999978,-0.1244,0.292,1.351
1981-04-06,14.13,14.01,13.74,0.14999999999999858,-0.1218,0.2915,0.932
1981-04-07,13.7,13.74,13.41,0.370000000000001,-0.1179,0.2915,1.674
1981-04-08,13.89,13.85,13.61,0.1999999999999993,-0.1146,0.2903,1.084
1981-04-09,13.87,13.77,13.45,0.22000000000000064,-0.1114,0.2895,1.145
1981-04-10,13.9,13.84,13.59,0.1899999999999995,-0.1074,0.2867,1.037
1981-04-13,14.05,14.01,13.68,0.28999999999999915,-0.1046,0.2871,1.374
1981-04-14,13.92,13.89,13.58,0.28000000000000114,-0.1018,0.2874,1.328
1981-04-15,14.19,14.05,13.74,0.1700000000000017,-0.0995,0.2873,0.938
1981-04-16,14.23,14.08,13.79,0.14000000000000057,-0.0979,0.2874,0.828
1981-04-20,14.33,14.1,13.69,0.17999999999999972,-0.0962,0.2878,0.96
1981-04-21,14.34,14.07,13.73,0.07000000000000028,-0.0958,0.288,0.576
1981-04-22,14.41,14.13,13.78,0.07000000000000206,-0.0953,0.2881,0.574
1981-04-23,14.51,14.18,13.8,0.049999999999998934,-0.0938,0.2879,0.499
1981-04-24,14.66,14.24,13.88,-0.0600000000000005,-0.093,0.2877,0.115
1981-04-27,14.73,14.31,13.92,-0.02999999999999936,-0.0919,0.2874,0.215
1981-04-28,14.65,14.28,13.93,-0.02000000000000135,-0.0912,0.2874,0.248
1981-04-29,14.67,14.37,14.05,0.019999999999997797,-0.0908,0.2874,0.386
1981-04-30,14.84,14.45,14.11,-0.05000000000000071,-0.0907,0.2874,0.142
1981-05-01,14.72,14.37,14.05,-0.030000000000002913,-0.0912,0.2872,0.213
1981-05-04,15.37,14.83,14.47,-0.17999999999999972,-0.0921,0.2872,-0.306
1981-05-05,15.94,15.35,14.69,0.07000000000000028,-0.0921,0.2872,0.564
1981-05-06,15.83,15.02,14.56,-0.3500000000000014,-0.0942,0.2871,-0.891
1981-05-07,15.69,14.83,14.33,-0.35999999999999943,-0.0958,0.2875,-0.919
1981-05-08,15.69,14.66,14.23,-0.5999999999999996,-0.0987,0.2888,-1.736
1981-05-11,15.74,14.87,14.34,-0.34000000000000163,-0.101,0.2885,-0.828
1981-05-12,15.93,15.06,14.46,-0.2699999999999996,-0.1033,0.2874,-0.58
1981-05-13,15.94,15.05,14.49,-0.3299999999999983,-0.1058,0.2868,-0.782
1981-05-14,15.8,14.84,14.24,-0.3600000000000012,-0.1072,0.2871,-0.881
1981-05-15,15.55,14.59,14.07,-0.4400000000000013,-0.1096,0.2874,-1.15
1981-05-18,15.19,14.22,13.8,-0.5499999999999989,-0.1121,0.2885,-1.518
1981-05-19,15.47,14.59,13.95,-0.2400000000000002,-0.1141,0.2876,-0.438
1981-05-20,15.63,14.71,14.0,-0.20999999999999908,-0.1155,0.2872,-0.329
1981-05-21,15.75,14.77,14.05,-0.26000000000000156,-0.1167,0.2871,-0.499
1981-05-22,15.48,14.39,13.82,-0.5199999999999996,-0.1192,0.2879,-1.392
1981-05-26,15.09,14.13,13.67,-0.4999999999999982,-0.1223,0.2877,-1.313
1981-05-27,15.14,14.24,13.71,-0.370000000000001,-0.1257,0.2856,-0.855
1981-05-28,14.79,13.99,13.56,-0.3699999999999992,-0.1294,0.2828,-0.851
1981-05-29,14.4,13.99,13.5,0.08000000000000007,-0.1316,0.2789,0.759
1981-06-01,14.47,13.99,13.46,0.049999999999998934,-0.1333,0.2764,0.663
1981-06-02,14.66,14.07,13.58,-0.09999999999999964,-0.1354,0.2742,0.129
1981-06-03,14.65,14.05,13.55,-0.09999999999999964,-0.1372,0.2724,0.137
1981-06-04,14.76,14.1,13.51,-0.07000000000000028,-0.1384,0.2714,0.252
1981-06-05,14.73,14.1,13.56,-0.09000000000000163,-0.1399,0.2701,0.185
1981-06-08,14.31,13.78,13.36,-0.11000000000000121,-0.1402,0.27,0.112
1981-06-09,14.41,13.87,13.37,-0.040000000000000924,-0.1402,0.27,0.371
1981-06-10,14.31,13.78,13.31,-0.060000000000002274,-0.1402,0.27,0.297
1981-06-11,14.4,13.84,13.32,-0.040000000000000924,-0.1402,0.27,0.371
1981-06-12,14.44,13.87,13.35,-0.05000000000000071,-0.1404,0.2699,0.335
1981-06-15,14.03,13.57,13.09,0.02000000000000135,-0.14,0.2701,0.592
1981-06-16,14.11,13.58,13.08,-0.02999999999999936,-0.1401,0.27,0.408
1981-06-17,14.37,13.71,13.23,-0.17999999999999794,-0.1403,0.2701,-0.147
1981-06-18,14.66,14.1,13.57,-0.030000000000001137,-0.1397,0.2701,0.406
1981-06-19,14.65,14.07,13.46,0.02999999999999936,-0.1392,0.2703,0.626
1981-06-22,14.49,13.96,13.44,-0.00999999999999801,-0.1387,0.2705,0.476
1981-06-23,14.59,14.0,13.56,-0.15000000000000036,-0.1384,0.2704,-0.043
1981-06-24,14.71,14.1,13.66,-0.1700000000000017,-0.1378,0.2702,-0.119
1981-06-25,14.65,14.08,13.7,-0.1899999999999995,-0.1378,0.2702,-0.193
1981-06-26,14.59,14.09,13.69,-0.09999999999999964,-0.1375,0.2702,0.139
1981-06-29,14.48,14.01,13.68,-0.14000000000000057,-0.1378,0.2701,-0.008
1981-06-30,14.66,14.25,13.86,-0.019999999999999574,-0.1376,0.2702,0.435
1981-07-01,14.94,14.47,14.04,-0.03999999999999737,-0.1377,0.2701,0.362
1981-07-02,14.87,14.38,13.95,-0.059999999999996945,-0.1377,0.2701,0.288
1981-07-06,14.68,14.27,13.81,0.049999999999998934,-0.1371,0.2704,0.692
1981-07-07,14.92,14.49,14.04,0.02000000000000135,-0.1368,0.2705,0.58
1981-07-08,15.02,14.57,14.11,0.010000000000001563,-0.1359,0.2706,0.539
1981-07-09,15.14,14.6,14.12,-0.0600000000000005,-0.1359,0.2706,0.28
1981-07-10,14.88,14.45,13.94,0.0799999999999983,-0.135,0.2709,0.794
1981-07-13,14.83,14.41,13.99,0.0,-0.1344,0.2711,0.496
1981-07-14,15.07,14.55,14.15,-0.11999999999999922,-0.1342,0.2711,0.052
1981-07-15,15.03,14.55,14.07,1.7763568394002505e-15,-0.1336,0.2712,0.493
1981-07-16,15.11,14.59,14.11,-0.03999999999999915,-0.1332,0.2713,0.344
1981-07-17,15.07,14.53,14.09,-0.10000000000000142,-0.1321,0.2709,0.118
1981-07-20,15.96,15.25,14.59,-0.05000000000000071,-0.1313,0.2708,0.3
1981-07-21,16.0,15.23,14.61,-0.14999999999999858,-0.1312,0.2708,-0.069
1981-07-22,15.95,15.24,14.63,-0.09999999999999964,-0.1307,0.2707,0.113
1981-07-23,15.85,15.17,14.57,-0.08000000000000007,-0.1298,0.2705,0.184
1981-07-24,15.64,14.96,14.41,-0.129999999999999,-0.1292,0.2703,-0.003
1981-07-27,15.57,14.87,14.43,-0.26000000000000156,-0.1287,0.27,-0.486
1981-07-28,15.78,15.04,14.53,-0.23000000000000043,-0.1285,0.2699,-0.376
1981-07-29,15.76,15.21,14.61,0.05000000000000249,-0.1273,0.27,0.657
1981-07-30,15.88,15.31,14.71,0.02999999999999936,-0.1259,0.2699,0.578
1981-07-31,15.84,15.24,14.67,-0.02999999999999936,-0.1254,0.27,0.353
1981-08-03,16.16,15.62,14.95,0.129999999999999,-0.1241,0.2704,0.94
1981-08-04,16.16,15.6,14.95,0.08999999999999986,-0.1228,0.2706,0.786
1981-08-05,16.07,15.4,14.91,-0.17999999999999972,-0.1223,0.2704,-0.213
1981-08-06,16.03,15.31,14.86,-0.2699999999999996,-0.1225,0.2705,-0.545
1981-08-07,16.05,15.34,14.83,-0.20000000000000107,-0.1222,0.2704,-0.288
1981-08-10,15.83,15.08,14.65,-0.3200000000000003,-0.1225,0.2706,-0.73
1981-08-11,15.67,14.87,14.4,-0.33000000000000185,-0.1234,0.2709,-0.763
1981-08-12,16.02,15.12,14.61,-0.39000000000000057,-0.1242,0.2714,-0.979
1981-08-13,16.13,15.26,14.65,-0.2599999999999998,-0.1243,0.2714,-0.5
1981-08-14,16.19,15.34,14.74,-0.2500000000000018,-0.1246,0.2715,-0.462
1981-08-17,16.22,15.39,14.71,-0.14999999999999858,-0.125,0.2715,-0.092
1981-08-18,16.3,15.45,14.79,-0.19000000000000128,-0.1258,0.2714,-0.237
1981-08-19,16.32,15.48,14.77,-0.129999999999999,-0.1263,0.2713,-0.014
1981-08-20,16.25,15.63,14.89,0.120000000000001,-0.1257,0.2717,0.904
1981-08-21,16.31,15.62,14.97,-0.040000000000000924,-0.1262,0.2714,0.318
1981-08-24,16.86,16.0,15.32,-0.17999999999999972,-0.1272,0.2712,-0.195
1981-08-25,16.67,16.07,15.35,0.11999999999999922,-0.1277,0.2706,0.915
1981-08-26,16.69,15.99,15.31,-0.02000000000000135,-0.1286,0.2698,0.403
1981-08-27,16.75,16.15,15.36,0.18999999999999773,-0.129,0.2692,1.185
1981-08-28,16.57,16.01,15.25,0.20000000000000284,-0.1297,0.2682,1.229
1981-08-31,16.73,16.11,15.41,0.0799999999999983,-0.1307,0.2669,0.789
1981-09-01,16.78,16.12,15.41,0.05000000000000071,-0.1318,0.2656,0.684
1981-09-02,16.78,16.09,15.4,-1.7763568394002505e-15,-0.1325,0.265,0.5
1981-09-03,16.9,16.14,15.48,-0.09999999999999787,-0.1346,0.2627,0.132
1981-09-04,16.89,16.17,15.51,-0.059999999999996945,-0.1369,0.2594,0.296
1981-09-08,16.95,16.23,15.59,-0.0799999999999983,-0.139,0.2568,0.23
1981-09-09,16.95,16.22,15.53,-0.040000000000000924,-0.1406,0.2548,0.395
1981-09-10,16.72,16.01,15.3,3.552713678800501e-15,-0.1417,0.2536,0.559
1981-09-11,16.47,15.81,15.05,0.10000000000000142,-0.1421,0.2531,0.957
1981-09-14,16.43,15.93,15.2,0.23000000000000043,-0.1421,0.2532,1.47
1981-09-15,16.13,15.71,15.08,0.21000000000000263,-0.1421,0.2532,1.391
1981-09-16,16.09,15.75,15.11,0.3000000000000007,-0.1415,0.254,1.738
1981-09-17,16.01,15.55,14.95,0.14000000000000057,-0.1412,0.2544,1.105
1981-09-18,16.02,15.55,14.91,0.1700000000000017,-0.1408,0.2547,1.22
1981-09-21,15.79,15.31,14.78,0.05000000000000249,-0.1409,0.2547,0.75
1981-09-22,16.04,15.61,15.03,0.15000000000000036,-0.1407,0.2549,1.14
1981-09-23,16.11,15.79,15.23,0.23999999999999844,-0.1402,0.2554,1.489
1981-09-24,16.17,15.83,15.31,0.17999999999999794,-0.1401,0.2556,1.252
1981-09-25,16.53,16.13,15.68,0.04999999999999716,-0.1405,0.2553,0.746
1981-09-28,16.57,16.13,15.65,0.03999999999999737,-0.141,0.2547,0.711
1981-09-29,16.59,16.18,15.76,0.009999999999999787,-0.1417,0.254,0.597
1981-09-30,16.69,16.27,15.84,0.00999999999999801,-0.1419,0.2539,0.598
1981-10-01,16.57,16.13,15.75,-0.060000000000002274,-0.142,0.2539,0.323
1981-10-02,16.34,15.83,15.41,-0.08999999999999986,-0.1421,0.2539,0.205
1981-10-05,15.87,15.55,15.19,0.0400000000000027,-0.141,0.2541,0.712
1981-10-06,15.85,15.53,15.14,0.06999999999999851,-0.1397,0.2543,0.825
1981-10-07,15.73,15.43,15.04,0.08999999999999986,-0.1384,0.2546,0.897
1981-10-08,15.79,15.41,15.0,0.030000000000001137,-0.1375,0.2548,0.657
1981-10-09,15.2,15.03,14.73,0.129999999999999,-0.1367,0.2553,1.045
1981-10-13,15.25,15.12,14.83,0.15999999999999837,-0.1358,0.256,1.155
1981-10-14,15.35,15.13,14.87,0.0400000000000027,-0.1352,0.2562,0.684
1981-10-15,15.31,15.12,14.88,0.04999999999999716,-0.1347,0.2565,0.72
1981-10-16,15.46,15.2,14.94,-1.7763568394002505e-15,-0.1348,0.2564,0.526
1981-10-19,15.48,15.29,14.95,0.14999999999999858,-0.134,0.257,1.105
1981-10-20,15.48,15.37,15.09,0.16999999999999815,-0.1334,0.2575,1.178
1981-10-21,15.55,15.55,15.34,0.21000000000000085,-0.1323,0.2584,1.325
1981-10-22,15.56,15.57,15.38,0.1999999999999993,-0.1309,0.2592,1.277
1981-10-23,15.41,15.46,15.3,0.21000000000000085,-0.1293,0.2601,1.304
1981-10-26,15.56,15.68,15.6,0.1999999999999993,-0.1277,0.2609,1.256
1981-10-27,15.56,15.62,15.54,0.1399999999999988,-0.127,0.2614,1.021
1981-10-28,15.42,15.54,15.44,0.21999999999999886,-0.1252,0.2622,1.317
1981-10-29,15.07,15.2,15.06,0.2699999999999978,-0.1233,0.2633,1.494
1981-10-30,14.59,14.78,14.63,0.3399999999999981,-0.1211,0.2649,1.741
1981-11-02,14.44,14.61,14.57,0.20999999999999908,-0.1198,0.2657,1.241
1981-11-04,14.11,14.32,14.18,0.3500000000000014,-0.1186,0.2671,1.754
1981-11-05,14.2,14.43,14.19,0.47000000000000064,-0.1163,0.2697,2.174
1981-11-06,13.86,14.07,13.94,0.34000000000000163,-0.1147,0.2712,1.677
1981-11-09,13.17,13.54,13.39,0.5199999999999978,-0.1118,0.2741,2.305
1981-11-10,13.22,13.63,13.4,0.6400000000000006,-0.1089,0.2781,2.693
1981-11-12,12.77,13.23,13.19,0.5000000000000018,-0.106,0.2807,2.159
1981-11-13,12.83,13.31,13.18,0.6100000000000012,-0.1025,0.284,2.509
1981-11-16,12.69,13.21,13.07,0.6600000000000019,-0.0987,0.2878,2.636
1981-11-17,12.71,13.21,13.18,0.5300000000000011,-0.0944,0.2891,2.16
1981-11-18,12.19,13.11,13.0,1.0299999999999994,-0.0878,0.2957,3.78
1981-11-19,12.22,13.04,13.04,0.8199999999999985,-0.082,0.2991,3.016
1981-11-20,12.21,13.01,13.14,0.6699999999999982,-0.0763,0.2998,2.489
1981-11-23,12.5,13.31,13.44,0.6800000000000015,-0.0707,0.3005,2.498
1981-11-24,12.15,12.75,13.13,0.21999999999999886,-0.0671,0.2986,0.961
1981-11-25,12.13,12.61,12.98,0.10999999999999766,-0.0637,0.2956,0.588
1981-11-27,12.11,12.58,12.92,0.13000000000000078,-0.0604,0.2931,0.65
1981-11-30,12.36,12.79,13.13,0.08999999999999808,-0.0575,0.291,0.507
1981-12-01,12.71,13.11,13.37,0.1399999999999988,-0.0546,0.2893,0.673
1981-12-02,12.89,13.25,13.49,0.11999999999999922,-0.0516,0.2872,0.597
1981-12-03,12.88,13.21,13.45,0.09000000000000163,-0.049,0.2855,0.487
1981-12-04,12.23,12.8,13.15,0.22000000000000064,-0.0463,0.2847,0.935
1981-12-07,12.58,13.22,13.5,0.3600000000000012,-0.043,0.2847,1.416
1981-12-08,12.65,13.23,13.5,0.3100000000000005,-0.0413,0.2855,1.23
1981-12-09,12.87,13.4,13.64,0.2900000000000009,-0.0394,0.2861,1.151
1981-12-10,13.16,13.77,13.8,0.5799999999999983,-0.0359,0.2883,2.136
1981-12-11,13.35,13.73,13.84,0.27000000000000135,-0.0335,0.2883,1.053
1981-12-14,13.39,13.55,13.62,0.09000000000000163,-0.0315,0.2873,0.423
1981-12-15,13.1,13.35,13.55,0.049999999999998934,-0.0294,0.286,0.278
1981-12-16,13.04,13.36,13.53,0.15000000000000036,-0.0269,0.2849,0.621
1981-12-17,13.37,13.55,13.71,0.02000000000000135,-0.0241,0.2818,0.156
1981-12-18,13.19,13.4,13.51,0.10000000000000142,-0.0214,0.2797,0.434
1981-12-21,13.61,13.87,13.83,0.29999999999999893,-0.0181,0.2784,1.143
1981-12-22,13.77,14.03,14.02,0.2699999999999996,-0.0149,0.2772,1.028
1981-12-23,14.12,14.2,14.14,0.1399999999999988,-0.0123,0.2754,0.553
1981-12-24,13.95,14.03,14.01,0.09999999999999964,-0.0093,0.2726,0.401
1981-12-28,14.02,14.01,14.01,-0.009999999999999787,-0.0065,0.269,-0.013
1981-12-29,13.98,14.11,14.12,0.11999999999999922,-0.0045,0.2681,0.464
1981-12-30,13.9,14.06,14.17,0.05000000000000071,-0.0021,0.2657,0.196
1981-12-31,13.63,13.97,13.98,0.33000000000000007,-0.0002,0.2664,1.239
1982-01-04,13.87,14.15,14.19,0.240000000000002,0.0017,0.2663,0.895
1982-01-05,14.09,14.41,14.44,0.2900000000000009,0.0039,0.2664,1.074
1982-01-06,14.19,14.6,14.59,0.41999999999999993,0.0068,0.267,1.548
1982-01-07,14.33,14.66,14.63,0.35999999999999943,0.0094,0.2672,1.312
1982-01-08,14.11,14.47,14.48,0.3500000000000014,0.0102,0.2679,1.268
1982-01-11,14.55,14.83,14.81,0.29999999999999893,0.0119,0.2684,1.073
1982-01-12,14.49,14.7,14.62,0.28999999999999915,0.0133,0.2689,1.029
1982-01-13,14.78,14.86,14.83,0.10999999999999943,0.0141,0.2689,0.357
1982-01-14,14.71,14.69,14.7,-0.030000000000001137,0.0153,0.268,-0.169
1982-01-15,14.81,14.86,14.82,0.08999999999999808,0.0165,0.2677,0.275
1982-01-18,14.83,14.77,14.75,-0.040000000000000924,0.0182,0.2659,-0.219
1982-01-19,14.79,14.79,14.8,-0.010000000000001563,0.0192,0.2654,-0.11
1982-01-20,15.02,14.9,14.81,-0.02999999999999936,0.0204,0.2645,-0.191
1982-01-21,14.96,14.75,14.62,-0.08000000000000007,0.0212,0.2638,-0.384
1982-01-22,15.06,14.85,14.69,-0.05000000000000071,0.0227,0.2624,-0.277
1982-01-25,14.93,14.8,14.62,0.05000000000000249,0.0246,0.2607,0.097
1982-01-26,14.7,14.63,14.54,0.020000000000003126,0.0263,0.2593,-0.024
1982-01-27,14.57,14.62,14.51,0.15999999999999837,0.0284,0.2582,0.51
1982-01-28,14.33,14.33,14.29,0.040000000000000924,0.0301,0.2569,0.039
1982-01-29,14.24,14.24,14.14,0.09999999999999964,0.0317,0.256,0.267
1982-02-01,15.04,14.79,14.58,-0.040000000000000924,0.0327,0.2552,-0.285
1982-02-02,14.85,14.61,14.47,-0.10000000000000142,0.0338,0.2541,-0.527
1982-02-03,14.93,14.73,14.69,-0.15999999999999837,0.0349,0.2526,-0.772
1982-02-04,14.96,14.82,14.76,-0.08000000000000007,0.036,0.2516,-0.461
1982-02-05,14.89,14.72,14.65,-0.09999999999999964,0.0369,0.2507,-0.546
1982-02-08,15.09,14.94,14.88,-0.09000000000000163,0.0376,0.25,-0.51
1982-02-09,15.15,15.02,14.95,-0.0600000000000005,0.0386,0.2491,-0.396
1982-02-10,15.08,14.89,14.81,-0.10999999999999943,0.0397,0.2479,-0.604
1982-02-11,15.07,14.8,14.71,-0.17999999999999972,0.041,0.2458,-0.899
1982-02-16,15.04,14.68,14.53,-0.20999999999999908,0.0421,0.2441,-1.033
1982-02-17,15.18,14.73,14.5,-0.21999999999999886,0.0427,0.2432,-1.08
1982-02-18,14.99,14.45,14.28,-0.370000000000001,0.043,0.2427,-1.702
1982-02-19,14.94,14.44,14.24,-0.3000000000000007,0.0435,0.2419,-1.42
1982-02-22,14.35,13.97,13.87,-0.2799999999999976,0.0438,0.2413,-1.342
1982-02-23,14.33,14.03,13.93,-0.20000000000000107,0.0446,0.2403,-1.018
1982-02-24,14.24,13.98,13.87,-0.14999999999999858,0.0452,0.2396,-0.815
1982-02-25,14.25,14.01,13.91,-0.14000000000000057,0.0456,0.2391,-0.776
1982-02-26,14.44,14.12,14.03,-0.23000000000000043,0.0452,0.2395,-1.149
1982-03-01,14.25,13.97,13.85,-0.15999999999999837,0.0454,0.2394,-0.858
1982-03-02,14.14,13.87,13.74,-0.14000000000000234,0.0451,0.2396,-0.773
1982-03-03,14.09,13.77,13.69,-0.2400000000000002,0.044,0.2403,-1.182
1982-03-04,13.9,13.61,13.61,-0.2900000000000009,0.0428,0.2412,-1.38
1982-03-05,13.79,13.57,13.59,-0.23999999999999844,0.0426,0.2414,-1.171
1982-03-08,13.71,13.57,13.67,-0.2400000000000002,0.0416,0.2421,-1.163
1982-03-09,13.93,13.72,13.69,-0.17999999999999794,0.041,0.2424,-0.912
1982-03-10,13.97,13.75,13.73,-0.20000000000000107,0.0404,0.2428,-0.99
1982-03-11,14.25,14.03,13.95,-0.14000000000000057,0.0403,0.2429,-0.742
1982-03-12,14.35,14.04,13.97,-0.240000000000002,0.04,0.2432,-1.151
1982-03-15,14.43,14.11,13.96,-0.1700000000000017,0.0396,0.2435,-0.861
1982-03-16,14.35,14.04,13.91,-0.1800000000000015,0.0393,0.2437,-0.9
1982-03-17,14.15,14.0,13.88,-0.030000000000001137,0.0395,0.2436,-0.285
1982-03-18,14.24,14.01,13.87,-0.08999999999999986,0.0389,0.2438,-0.529
1982-03-19,14.35,14.06,13.89,-0.11999999999999922,0.0379,0.2439,-0.647
1982-03-22,14.09,13.91,13.74,-0.009999999999999787,0.0376,0.2439,-0.195
1982-03-23,14.07,13.89,13.72,-0.009999999999999787,0.0365,0.2434,-0.191
1982-03-24,14.14,14.1,13.91,0.14999999999999858,0.0355,0.2425,0.472
1982-03-25,14.24,14.09,13.9,0.03999999999999915,0.0342,0.2416,0.024
1982-03-26,14.35,14.18,14.01,0.0,0.0331,0.2411,-0.137
1982-03-29,14.53,14.39,14.16,0.09000000000000163,0.0323,0.2406,0.24
1982-03-30,14.63,14.41,14.19,0.0,0.0312,0.24,-0.13
1982-03-31,14.52,14.39,14.18,0.08000000000000185,0.0303,0.2395,0.208
1982-04-01,14.42,14.26,14.1,0.0,0.029,0.2387,-0.121
1982-04-02,14.44,14.26,14.1,-0.019999999999999574,0.0272,0.2374,-0.199
1982-04-05,14.37,14.28,14.16,0.02999999999999936,0.0254,0.2357,0.02
1982-04-06,14.42,14.3,14.18,1.7763568394002505e-15,0.0239,0.2346,-0.102
1982-04-07,14.54,14.3,14.18,-0.11999999999999744,0.0223,0.2342,-0.608
1982-04-08,14.28,14.11,13.98,-0.040000000000000924,0.0211,0.2338,-0.261
1982-04-12,14.22,14.01,13.83,-0.030000000000001137,0.0204,0.2336,-0.216
1982-04-13,14.17,13.99,13.83,-0.019999999999999574,0.0188,0.2326,-0.167
1982-04-14,14.35,14.12,13.95,-0.0600000000000005,0.0178,0.2324,-0.335
1982-04-15,14.39,14.05,13.91,-0.1999999999999993,0.0162,0.2324,-0.93
1982-04-16,14.24,13.83,13.71,-0.2900000000000009,0.0142,0.233,-1.306
1982-04-19,14.18,13.83,13.66,-0.17999999999999972,0.0124,0.2326,-0.827
1982-04-20,14.14,13.89,13.72,-0.08000000000000007,0.011,0.2321,-0.392
1982-04-21,14.04,13.81,13.69,-0.10999999999999766,0.0098,0.232,-0.516
1982-04-22,14.06,13.87,13.71,-0.030000000000002913,0.0092,0.2318,-0.169
1982-04-23,14.02,13.84,13.69,-0.02999999999999936,0.0083,0.2316,-0.165
1982-04-26,14.02,13.81,13.7,-0.09999999999999787,0.0077,0.2317,-0.465
1982-04-27,13.95,13.8,13.7,-0.04999999999999716,0.0072,0.2317,-0.247
1982-04-28,13.99,13.87,13.77,-0.02000000000000135,0.0069,0.2317,-0.116
1982-04-29,14.02,13.95,13.87,0.009999999999999787,0.0072,0.2316,0.012
1982-04-30,13.99,13.9,13.87,-0.05999999999999872,0.0071,0.2316,-0.29
1982-05-03,14.13,14.02,13.95,-0.040000000000000924,0.007,0.2317,-0.203
1982-05-04,14.17,14.02,13.87,0.0,0.0069,0.2317,-0.03
1982-05-05,14.04,13.95,13.8,0.05999999999999872,0.0073,0.2317,0.227
1982-05-06,13.78,13.71,13.54,0.1000000000000032,0.0079,0.2317,0.397
1982-05-07,13.67,13.64,13.48,0.13000000000000078,0.0091,0.2315,0.522
1982-05-10,13.71,13.59,13.49,-0.02000000000000135,0.0087,0.2315,-0.124
1982-05-11,13.73,13.64,13.46,0.08999999999999986,0.0105,0.2305,0.345
1982-05-12,13.8,13.75,13.59,0.10999999999999943,0.0123,0.2293,0.426
1982-05-13,13.95,13.84,13.62,0.11000000000000121,0.0152,0.2261,0.419
1982-05-14,13.86,13.64,13.48,-0.05999999999999872,0.0163,0.2251,-0.339
1982-05-17,13.85,13.71,13.57,1.7763568394002505e-15,0.0173,0.2243,-0.077
1982-05-18,13.85,13.76,13.6,0.07000000000000028,0.0189,0.2233,0.229
1982-05-19,13.78,13.81,13.64,0.20000000000000107,0.0212,0.2223,0.804
1982-05-20,13.48,13.64,13.53,0.27000000000000135,0.024,0.2209,1.114
1982-05-21,13.57,13.66,13.52,0.23000000000000043,0.0271,0.2183,0.929
1982-05-24,13.62,13.68,13.58,0.16000000000000014,0.0287,0.2178,0.603
1982-05-25,13.68,13.73,13.62,0.16000000000000192,0.0301,0.2174,0.598
1982-05-26,13.62,13.74,13.68,0.1800000000000015,0.0319,0.2168,0.683
1982-05-27,13.63,13.79,13.72,0.22999999999999687,0.0348,0.2144,0.91
1982-05-28,13.62,13.76,13.71,0.1899999999999995,0.0376,0.2119,0.719
1982-06-01,13.92,13.98,13.93,0.11000000000000121,0.0395,0.2104,0.335
1982-06-02,13.95,13.96,13.86,0.11000000000000298,0.0414,0.2088,0.329
1982-06-03,13.9,13.94,13.9,0.0799999999999983,0.0414,0.2088,0.185
1982-06-04,14.03,14.03,13.98,0.049999999999998934,0.0414,0.2088,0.041
1982-06-07,13.97,14.0,13.94,0.08999999999999986,0.0421,0.2087,0.23
1982-06-08,14.04,14.04,13.98,0.05999999999999872,0.0428,0.2085,0.082
1982-06-09,14.11,14.06,13.99,0.02000000000000135,0.0431,0.2083,-0.111
1982-06-10,14.12,14.08,14.02,0.02000000000000135,0.0436,0.2082,-0.113
1982-06-11,14.08,14.0,13.93,-0.009999999999999787,0.044,0.208,-0.26
1982-06-14,14.37,14.31,14.21,0.040000000000000924,0.0443,0.2079,-0.021
1982-06-15,14.41,14.31,14.21,0.0,0.0445,0.2078,-0.214
1982-06-16,14.45,14.39,14.26,0.07000000000000206,0.045,0.2078,0.12
1982-06-17,14.79,14.61,14.48,-0.05000000000000071,0.045,0.2078,-0.457
1982-06-18,14.96,14.8,14.62,0.02000000000000135,0.045,0.2078,-0.12
1982-06-21,14.92,14.85,14.63,0.14999999999999858,0.0457,0.2078,0.502
1982-06-22,14.9,14.84,14.66,0.11999999999999922,0.0469,0.2074,0.352
1982-06-23,14.97,14.95,14.74,0.18999999999999773,0.0477,0.2075,0.686
1982-06-24,14.95,14.94,14.71,0.21999999999999886,0.0485,0.2078,0.825
1982-06-25,14.98,14.93,14.76,0.11999999999999922,0.049,0.2078,0.342
1982-06-28,14.93,14.91,14.73,0.16000000000000014,0.0502,0.2075,0.529
1982-06-29,14.83,14.8,14.61,0.16000000000000192,0.0515,0.2072,0.524
1982-06-30,14.66,14.65,14.44,0.20000000000000107,0.0531,0.2068,0.71
1982-07-01,14.6,14.62,14.4,0.23999999999999844,0.0544,0.2069,0.897
1982-07-02,14.71,14.69,14.5,0.16999999999999815,0.0557,0.2067,0.553
1982-07-06,14.72,14.69,14.48,0.17999999999999794,0.0565,0.2068,0.597
1982-07-07,14.68,14.69,14.49,0.20999999999999908,0.0575,0.2069,0.737
1982-07-08,14.26,14.33,14.19,0.21000000000000085,0.0585,0.207,0.732
1982-07-09,14.05,14.19,14.03,0.29999999999999893,0.0595,0.2076,1.158
1982-07-12,13.86,14.01,13.87,0.2900000000000009,0.0606,0.2081,1.102
1982-07-13,14.13,14.19,14.02,0.22999999999999865,0.0615,0.2083,0.809
1982-07-14,14.23,14.27,14.1,0.20999999999999908,0.0625,0.2084,0.708
1982-07-15,14.07,14.16,13.96,0.28999999999999915,0.0634,0.2089,1.085
1982-07-16,13.71,13.86,13.7,0.3099999999999987,0.0646,0.2094,1.172
1982-07-19,13.52,13.8,13.68,0.40000000000000213,0.0667,0.2101,1.586
1982-07-20,13.27,13.65,13.53,0.5000000000000018,0.0687,0.2119,2.035
1982-07-21,13.13,13.7,13.6,0.6699999999999982,0.0715,0.2151,2.782
1982-07-22,13.04,13.55,13.51,0.5500000000000025,0.074,0.2169,2.195
1982-07-23,13.04,13.58,13.56,0.5600000000000005,0.0765,0.2189,2.209
1982-07-26,13.33,13.92,13.91,0.5999999999999996,0.0794,0.2209,2.357
1982-07-27,13.35,13.89,13.86,0.5700000000000021,0.0821,0.2228,2.19
1982-07-28,13.45,14.0,13.97,0.5800000000000001,0.0847,0.2248,2.203
1982-07-29,13.42,13.89,13.83,0.5300000000000011,0.0873,0.2261,1.958
1982-07-30,13.17,13.73,13.68,0.6100000000000012,0.0908,0.2274,2.283
1982-08-02,12.82,13.46,13.41,0.6900000000000013,0.0944,0.2296,2.594
1982-08-03,12.9,13.52,13.51,0.629999999999999,0.0967,0.232,2.299
1982-08-04,12.93,13.6,13.68,0.5899999999999999,0.099,0.2341,2.097
1982-08-05,13.08,13.68,13.7,0.5800000000000001,0.1014,0.2359,2.029
1982-08-06,13.24,13.86,13.85,0.629999999999999,0.1034,0.2382,2.211
1982-08-09,13.08,13.72,13.7,0.6600000000000019,0.1056,0.2408,2.302
1982-08-10,13.15,13.74,13.69,0.6400000000000006,0.1089,0.2424,2.191
1982-08-11,13.15,13.74,13.71,0.6199999999999992,0.1124,0.2434,2.085
1982-08-12,12.93,13.5,13.55,0.5199999999999996,0.1153,0.2439,1.659
1982-08-13,12.75,13.24,13.2,0.5300000000000011,0.1187,0.2438,1.687
1982-08-16,12.36,13.0,13.09,0.5500000000000007,0.1221,0.2436,1.757
1982-08-17,11.83,12.61,12.65,0.7399999999999984,0.1266,0.2445,2.509
1982-08-18,11.76,12.45,12.57,0.5699999999999985,0.1299,0.2449,1.797
1982-08-19,11.61,12.42,12.47,0.7599999999999998,0.1339,0.2469,2.536
1982-08-20,11.2,12.15,12.24,0.8600000000000012,0.1379,0.2505,2.883
1982-08-23,11.57,12.39,12.47,0.7400000000000002,0.1416,0.2525,2.37
1982-08-24,11.5,12.29,12.35,0.7299999999999986,0.145,0.2546,2.298
1982-08-25,11.66,12.26,12.43,0.4299999999999997,0.1463,0.2552,1.112
1982-08-26,11.67,12.32,12.55,0.41999999999999993,0.1481,0.2555,1.064
1982-08-27,11.93,12.65,12.77,0.6000000000000014,0.1512,0.2562,1.752
1982-08-30,12.01,12.71,12.81,0.6000000000000014,0.1531,0.2578,1.734
1982-08-31,11.99,12.65,12.81,0.5,0.1552,0.2585,1.334
1982-09-01,12.0,12.58,12.76,0.40000000000000036,0.156,0.2589,0.942
1982-09-02,11.95,12.52,12.6,0.4900000000000002,0.1571,0.2598,1.281
1982-09-03,11.69,12.26,12.47,0.35999999999999943,0.1583,0.26,0.776
1982-09-07,11.8,12.36,12.53,0.3899999999999988,0.1596,0.2604,0.885
1982-09-08,11.87,12.4,12.51,0.4200000000000017,0.1613,0.2607,0.992
1982-09-09,11.87,12.41,12.53,0.4200000000000017,0.1633,0.2607,0.985
1982-09-10,12.06,12.56,12.73,0.33000000000000007,0.1649,0.2605,0.634
1982-09-13,11.93,12.52,12.63,0.47999999999999865,0.1671,0.2608,1.2
1982-09-14,11.88,12.38,12.56,0.3200000000000003,0.1685,0.2606,0.581
1982-09-15,12.16,12.56,12.6,0.3600000000000012,0.17,0.2607,0.729
1982-09-16,12.14,12.52,12.6,0.29999999999999893,0.1708,0.2608,0.495
1982-09-17,11.96,12.39,12.51,0.3100000000000005,0.1711,0.2609,0.532
1982-09-20,11.98,12.43,12.47,0.40999999999999837,0.1719,0.2613,0.911
1982-09-21,11.68,12.13,12.18,0.40000000000000213,0.1723,0.2616,0.87
1982-09-22,11.61,12.04,12.04,0.4299999999999997,0.1734,0.2621,0.979
1982-09-23,11.5,11.92,11.94,0.40000000000000036,0.1743,0.2625,0.86
1982-09-24,11.65,12.05,12.09,0.3600000000000012,0.1756,0.2626,0.702
1982-09-27,11.69,11.95,11.99,0.21999999999999886,0.1758,0.2626,0.168
1982-09-28,11.42,11.78,11.85,0.28999999999999915,0.176,0.2627,0.434
1982-09-29,11.38,11.76,11.8,0.3399999999999981,0.1767,0.2629,0.621
1982-09-30,11.23,11.69,11.73,0.41999999999999815,0.1781,0.2632,0.919
1982-10-01,11.13,11.5,11.51,0.35999999999999943,0.1794,0.2633,0.686
1982-10-04,11.51,11.73,11.72,0.23000000000000043,0.1803,0.2631,0.189
1982-10-05,11.42,11.7,11.69,0.28999999999999915,0.1814,0.263,0.413
1982-10-06,11.21,11.52,11.5,0.3299999999999983,0.1829,0.2627,0.56
1982-10-07,10.46,10.81,10.91,0.25,0.1843,0.2622,0.251
1982-10-08,10.15,10.71,10.83,0.4400000000000013,0.1859,0.2625,0.968
1982-10-12,9.69,10.4,10.53,0.5800000000000018,0.1879,0.2636,1.487
1982-10-13,9.68,10.28,10.39,0.48999999999999844,0.1895,0.2642,1.137
1982-10-14,9.84,10.52,10.61,0.5899999999999999,0.1917,0.2652,1.502
1982-10-15,10.0,10.64,10.75,0.5300000000000011,0.1933,0.266,1.266
1982-10-18,9.8,10.42,10.58,0.4599999999999991,0.1945,0.2665,0.996
1982-10-19,9.82,10.38,10.56,0.3800000000000008,0.1958,0.2666,0.691
1982-10-20,9.72,10.52,10.69,0.629999999999999,0.1981,0.2678,1.613
1982-10-21,9.79,10.54,10.69,0.5999999999999996,0.2005,0.2687,1.487
1982-10-22,9.87,10.66,10.81,0.6400000000000006,0.2025,0.2701,1.62
1982-10-25,10.09,10.97,11.11,0.740000000000002,0.2047,0.2722,1.967
1982-10-26,9.89,10.74,10.87,0.7200000000000006,0.2067,0.2742,1.872
1982-10-27,9.94,10.76,10.9,0.6799999999999997,0.2087,0.2758,1.709
1982-10-28,9.89,10.61,10.77,0.5599999999999987,0.21,0.2767,1.265
1982-10-29,9.85,10.58,10.71,0.5999999999999996,0.2116,0.2778,1.398
1982-11-01,9.68,10.41,10.56,0.5800000000000001,0.2134,0.2787,1.315
1982-11-03,9.65,10.3,10.46,0.4900000000000002,0.2144,0.2792,0.987
1982-11-04,9.64,10.28,10.42,0.4999999999999982,0.2154,0.2798,1.017
1982-11-05,9.73,10.36,10.48,0.509999999999998,0.216,0.2803,1.049
1982-11-08,9.81,10.46,10.55,0.5600000000000005,0.2174,0.2811,1.219
1982-11-09,9.74,10.41,10.51,0.5700000000000003,0.2183,0.2819,1.248
1982-11-10,9.77,10.38,10.48,0.5100000000000016,0.2185,0.282,1.034
1982-11-12,9.87,10.5,10.58,0.5500000000000007,0.2193,0.2827,1.17
1982-11-15,9.91,10.6,10.65,0.6399999999999988,0.2198,0.2833,1.483
1982-11-16,9.9,10.63,10.67,0.6900000000000013,0.22,0.2836,1.657
1982-11-17,9.9,10.55,10.59,0.6100000000000012,0.2204,0.2842,1.371
1982-11-18,9.81,10.42,10.46,0.5699999999999985,0.2202,0.2839,1.232
1982-11-19,9.79,10.36,10.42,0.5099999999999998,0.2196,0.2832,1.025
1982-11-22,9.73,10.25,10.43,0.33999999999999986,0.2189,0.2826,0.429
1982-11-23,9.73,10.19,10.53,0.11999999999999922,0.2153,0.278,-0.343
1982-11-24,9.8,10.2,10.59,0.00999999999999801,0.2121,0.2756,-0.733
1982-11-26,9.76,10.19,10.51,0.10999999999999943,0.2098,0.2742,-0.364
1982-11-29,9.94,10.39,10.78,0.060000000000002274,0.2074,0.2727,-0.541
1982-11-30,9.96,10.37,10.79,-0.010000000000001563,0.2065,0.2731,-0.793
1982-12-01,9.96,10.34,10.74,-0.02000000000000135,0.206,0.2734,-0.827
1982-12-02,9.89,10.29,10.68,0.00999999999999801,0.2055,0.2736,-0.715
1982-12-03,9.72,10.16,10.47,0.129999999999999,0.2056,0.2735,-0.276
1982-12-06,9.73,10.17,10.46,0.14999999999999858,0.2057,0.2735,-0.204
1982-12-07,9.72,10.21,10.48,0.22000000000000064,0.2061,0.2735,0.051
1982-12-08,9.85,10.25,10.62,0.030000000000001137,0.2058,0.2736,-0.643
1982-12-09,9.83,10.3,10.58,0.19000000000000128,0.2057,0.2736,-0.057
1982-12-10,9.87,10.37,10.66,0.20999999999999908,0.2051,0.2734,0.018
1982-12-13,9.84,10.34,10.61,0.23000000000000043,0.2048,0.2734,0.092
1982-12-14,9.54,10.13,10.46,0.26000000000000156,0.2047,0.2733,0.202
1982-12-15,9.49,10.15,10.5,0.3100000000000005,0.2036,0.2724,0.391
1982-12-16,9.59,10.24,10.59,0.3000000000000007,0.2037,0.2724,0.354
1982-12-17,9.66,10.28,10.64,0.259999999999998,0.2044,0.2723,0.204
1982-12-20,9.67,10.31,10.7,0.2500000000000018,0.2052,0.2722,0.165
1982-12-21,9.54,10.21,10.54,0.3400000000000034,0.206,0.2723,0.492
1982-12-22,9.55,10.22,10.53,0.3600000000000012,0.2073,0.2722,0.561
1982-12-23,9.52,10.15,10.47,0.3100000000000005,0.2081,0.2722,0.374
1982-12-27,9.54,10.15,10.44,0.32000000000000206,0.2082,0.2722,0.411
1982-12-28,9.52,10.15,10.44,0.34000000000000163,0.2085,0.2723,0.483
1982-12-29,9.54,10.19,10.47,0.3699999999999992,0.2094,0.2725,0.589
1982-12-30,9.52,10.19,10.44,0.41999999999999993,0.2107,0.2727,0.768
1982-12-31,9.48,10.09,10.36,0.33999999999999986,0.2121,0.2725,0.469
1983-01-03,9.29,10.02,10.32,0.4299999999999997,0.2133,0.2728,0.794
1983-01-04,9.43,10.07,10.37,0.34000000000000163,0.2144,0.2727,0.461
1983-01-05,9.39,10.06,10.35,0.3800000000000008,0.2146,0.2728,0.606
1983-01-06,9.39,10.05,10.39,0.3200000000000003,0.215,0.2729,0.385
1983-01-07,9.26,9.98,10.36,0.34000000000000163,0.2152,0.2729,0.457
1983-01-10,9.24,9.96,10.38,0.3000000000000007,0.2147,0.2727,0.313
1983-01-11,9.19,9.92,10.34,0.3100000000000005,0.2145,0.2726,0.35
1983-01-12,9.22,9.92,10.32,0.29999999999999893,0.2143,0.2725,0.314
1983-01-13,9.11,9.81,10.27,0.240000000000002,0.214,0.2725,0.095
1983-01-14,9.09,9.78,10.28,0.1899999999999995,0.2137,0.2724,-0.087
1983-01-17,9.17,9.78,10.28,0.10999999999999943,0.2137,0.2724,-0.381
1983-01-18,9.14,9.79,10.3,0.13999999999999702,0.2143,0.272,-0.273
1983-01-19,9.2,9.89,10.41,0.1700000000000017,0.2146,0.2719,-0.164
1983-01-20,9.26,9.94,10.43,0.1899999999999995,0.2156,0.2715,-0.094
1983-01-21,9.46,10.18,10.61,0.28999999999999915,0.2167,0.2711,0.27
1983-01-24,9.54,10.26,10.7,0.28000000000000114,0.218,0.2707,0.229
1983-01-25,9.44,10.18,10.62,0.3000000000000007,0.2195,0.2701,0.298
1983-01-26,9.52,10.23,10.69,0.2500000000000018,0.2207,0.2696,0.109
1983-01-27,9.49,10.2,10.67,0.23999999999999844,0.2214,0.2693,0.069
1983-01-28,9.47,10.21,10.71,0.2400000000000002,0.2223,0.269,0.066
1983-01-31,9.58,10.31,10.8,0.2400000000000002,0.2226,0.269,0.065
1983-02-01,9.6,10.34,10.78,0.3000000000000007,0.2237,0.2688,0.284
1983-02-02,9.71,10.37,10.88,0.1499999999999968,0.2238,0.2687,-0.275
1983-02-03,9.71,10.39,10.93,0.14000000000000057,0.2246,0.2683,-0.315
1983-02-04,9.82,10.51,10.99,0.20999999999999908,0.2258,0.2675,-0.059
1983-02-07,9.8,10.49,10.96,0.21999999999999886,0.2273,0.2664,-0.027
1983-02-08,9.83,10.5,10.99,0.17999999999999972,0.2283,0.2657,-0.182
1983-02-09,9.89,10.58,11.0,0.2699999999999996,0.2298,0.2649,0.152
1983-02-10,9.74,10.38,10.83,0.19000000000000128,0.2309,0.2641,-0.155
1983-02-11,9.7,10.31,10.8,0.120000000000001,0.2316,0.2636,-0.423
1983-02-14,9.78,10.37,10.8,0.15999999999999837,0.2327,0.2627,-0.277
1983-02-15,9.77,10.37,10.84,0.129999999999999,0.2339,0.2615,-0.397
1983-02-16,9.69,10.29,10.81,0.0799999999999983,0.2351,0.2602,-0.596
1983-02-17,9.65,10.24,10.71,0.11999999999999922,0.2364,0.2587,-0.45
1983-02-18,9.56,10.13,10.6,0.10000000000000142,0.2383,0.256,-0.54
1983-02-22,9.41,10.01,10.46,0.14999999999999858,0.2401,0.2538,-0.355
1983-02-23,9.44,10.0,10.44,0.120000000000001,0.2417,0.2518,-0.483
1983-02-24,9.4,9.96,10.42,0.10000000000000142,0.2429,0.2504,-0.571
1983-02-25,9.28,9.82,10.26,0.10000000000000142,0.2438,0.2493,-0.577
1983-02-28,9.31,9.83,10.27,0.08000000000000007,0.2447,0.2483,-0.663
1983-03-01,9.26,9.74,10.22,0.0,0.2456,0.247,-0.994
1983-03-02,9.3,9.76,10.26,-0.040000000000000924,0.2461,0.2463,-1.162
1983-03-03,9.24,9.72,10.23,-0.02999999999999936,0.2465,0.2457,-1.125
1983-03-04,9.25,9.75,10.27,-0.019999999999999574,0.2474,0.2444,-1.094
1983-03-07,9.46,9.92,10.43,-0.05000000000000071,0.2484,0.2427,-1.23
1983-03-08,9.62,10.01,10.52,-0.11999999999999922,0.2488,0.2419,-1.525
1983-03-09,9.62,10.02,10.48,-0.0600000000000005,0.2496,0.2407,-1.286
1983-03-10,9.67,10.08,10.55,-0.0600000000000005,0.25,0.24,-1.292
1983-03-11,9.66,10.12,10.59,-0.010000000000001563,0.2508,0.2389,-1.092
1983-03-14,9.58,10.02,10.48,-0.02000000000000135,0.2513,0.2382,-1.139
1983-03-15,9.57,9.99,10.46,-0.05000000000000071,0.252,0.2369,-1.275
1983-03-16,9.65,10.09,10.53,0.0,0.2527,0.236,-1.071
1983-03-17,9.71,10.14,10.56,0.009999999999999787,0.2535,0.2349,-1.037
1983-03-18,9.78,10.15,10.58,-0.05999999999999872,0.2533,0.235,-1.333
1983-03-21,9.79,10.2,10.6,0.009999999999999787,0.2537,0.2345,-1.039
1983-03-22,9.84,10.29,10.62,0.11999999999999922,0.2547,0.2335,-0.577
1983-03-23,9.81,10.23,10.58,0.07000000000000028,0.255,0.2332,-0.793
1983-03-24,9.82,10.24,10.58,0.08000000000000007,0.2554,0.2328,-0.753
1983-03-25,9.91,10.32,10.64,0.08999999999999986,0.2551,0.233,-0.709
1983-03-28,9.92,10.33,10.66,0.08000000000000007,0.2553,0.2328,-0.753
1983-03-29,9.88,10.28,10.6,0.0799999999999983,0.2556,0.2326,-0.755
1983-03-30,9.88,10.25,10.59,0.02999999999999936,0.2554,0.2328,-0.968
1983-03-31,9.87,10.27,10.62,0.05000000000000071,0.2556,0.2326,-0.884
1983-04-04,9.87,10.25,10.6,0.030000000000001137,0.2554,0.2327,-0.969
1983-04-05,9.72,10.11,10.49,0.00999999999999801,0.2554,0.2327,-1.055
1983-04-06,9.69,10.11,10.49,0.03999999999999915,0.2556,0.2324,-0.928
1983-04-07,9.67,10.09,10.51,0.0,0.2555,0.2326,-1.098
1983-04-08,9.67,10.11,10.51,0.03999999999999915,0.2557,0.2324,-0.928
1983-04-11,9.53,9.99,10.41,0.040000000000000924,0.2563,0.2316,-0.934
1983-04-12,9.58,10.01,10.42,0.019999999999999574,0.2565,0.2313,-1.022
1983-04-13,9.57,10.01,10.39,0.05999999999999872,0.2569,0.2309,-0.853
1983-04-14,9.49,9.93,10.29,0.08000000000000007,0.2573,0.2305,-0.769
1983-04-15,9.53,9.98,10.33,0.10000000000000142,0.2579,0.2299,-0.687
1983-04-18,9.49,9.95,10.29,0.11999999999999922,0.2592,0.2282,-0.61
1983-04-19,9.58,10.04,10.39,0.10999999999999766,0.2608,0.2258,-0.668
1983-04-20,9.58,10.01,10.39,0.049999999999998934,0.2617,0.2244,-0.943
1983-04-21,9.61,10.07,10.43,0.10000000000000142,0.2624,0.2236,-0.726
1983-04-22,9.58,10.03,10.42,0.05999999999999872,0.2631,0.2228,-0.912
1983-04-25,9.52,10.01,10.4,0.09999999999999964,0.2636,0.2222,-0.736
1983-04-26,9.49,10.02,10.37,0.17999999999999972,0.2644,0.2215,-0.381
1983-04-27,9.42,9.92,10.29,0.13000000000000078,0.2654,0.2205,-0.614
1983-04-28,9.42,9.91,10.31,0.08999999999999986,0.2659,0.2198,-0.8
1983-04-29,9.35,9.88,10.27,0.14000000000000234,0.2665,0.2192,-0.577
1983-05-02,9.29,9.82,10.26,0.09000000000000163,0.2669,0.2189,-0.808
1983-05-03,9.27,9.81,10.26,0.09000000000000163,0.2675,0.2182,-0.813
1983-05-04,9.19,9.73,10.12,0.15000000000000213,0.2682,0.2175,-0.543
1983-05-05,9.25,9.76,10.16,0.10999999999999943,0.2687,0.2171,-0.731
1983-05-06,9.17,9.74,10.13,0.17999999999999972,0.2691,0.2167,-0.411
1983-05-09,9.33,9.86,10.25,0.1399999999999988,0.2693,0.2166,-0.597
1983-05-10,9.24,9.81,10.16,0.22000000000000064,0.2696,0.2165,-0.229
1983-05-11,9.22,9.82,10.18,0.2400000000000002,0.2707,0.2157,-0.142
1983-05-12,9.29,9.87,10.23,0.21999999999999886,0.2712,0.2154,-0.238
1983-05-13,9.27,9.86,10.22,0.22999999999999865,0.2717,0.2152,-0.194
1983-05-16,9.47,10.02,10.37,0.1999999999999993,0.272,0.215,-0.335
1983-05-17,9.48,10.03,10.41,0.16999999999999815,0.2729,0.2141,-0.481
1983-05-18,9.49,10.06,10.43,0.20000000000000107,0.2737,0.2134,-0.345
1983-05-19,9.61,10.17,10.49,0.2400000000000002,0.2744,0.2131,-0.161
1983-05-20,9.64,10.2,10.54,0.21999999999999886,0.2745,0.213,-0.256
1983-05-23,9.74,10.27,10.57,0.22999999999999865,0.2743,0.2131,-0.208
1983-05-24,9.75,10.3,10.56,0.2900000000000009,0.2746,0.213,0.072
1983-05-25,9.76,10.29,10.58,0.23999999999999844,0.2749,0.2129,-0.164
1983-05-26,9.89,10.38,10.63,0.2400000000000002,0.2752,0.2128,-0.165
1983-05-27,9.9,10.37,10.62,0.21999999999999886,0.2754,0.2128,-0.26
1983-05-31,10.02,10.55,10.81,0.27000000000000135,0.2755,0.2127,-0.026
1983-06-01,9.97,10.48,10.77,0.22000000000000064,0.2756,0.2127,-0.261
1983-06-02,9.96,10.46,10.78,0.1800000000000015,0.2759,0.2125,-0.451
1983-06-03,10.01,10.53,10.79,0.2599999999999998,0.2765,0.2123,-0.078
1983-06-06,10.09,10.54,10.79,0.1999999999999993,0.277,0.212,-0.363
1983-06-07,10.18,10.61,10.85,0.1899999999999995,0.2775,0.2115,-0.414
1983-06-08,10.2,10.64,10.92,0.16000000000000192,0.2778,0.2113,-0.558
1983-06-09,10.12,10.63,10.88,0.26000000000000156,0.2786,0.2109,-0.088
1983-06-10,10.2,10.64,10.89,0.19000000000000128,0.2793,0.2103,-0.425
1983-06-13,10.11,10.5,10.75,0.14000000000000057,0.2798,0.2099,-0.666
1983-06-14,10.09,10.53,10.77,0.1999999999999993,0.2806,0.2091,-0.385
1983-06-15,10.06,10.48,10.72,0.17999999999999972,0.2812,0.2087,-0.485
1983-06-16,10.05,10.46,10.64,0.23000000000000043,0.2821,0.208,-0.25
1983-06-17,10.07,10.47,10.68,0.19000000000000128,0.2825,0.2076,-0.446
1983-06-20,10.26,10.62,10.8,0.17999999999999794,0.2835,0.2066,-0.501
1983-06-21,10.27,10.64,10.79,0.22000000000000242,0.2842,0.206,-0.312
1983-06-22,10.31,10.71,10.83,0.28000000000000114,0.2848,0.2058,-0.023
1983-06-23,10.33,10.76,10.9,0.28999999999999915,0.2854,0.2056,0.022
1983-06-24,10.43,10.83,11.02,0.21000000000000085,0.2855,0.2055,-0.367
1983-06-27,10.44,10.92,11.11,0.2900000000000009,0.2858,0.2055,0.02
1983-06-28,10.35,10.85,11.04,0.3100000000000005,0.2865,0.2052,0.115
1983-06-29,10.27,10.76,10.99,0.2599999999999998,0.2869,0.2051,-0.131
1983-06-30,10.23,10.76,10.96,0.3299999999999983,0.2876,0.2049,0.207
1983-07-01,10.17,10.72,10.93,0.34000000000000163,0.2882,0.2049,0.253
1983-07-05,10.52,11.03,11.21,0.3299999999999983,0.2885,0.2049,0.203
1983-07-06,10.49,10.98,11.16,0.3100000000000005,0.2891,0.2048,0.102
1983-07-07,10.59,11.12,11.29,0.35999999999999943,0.2898,0.2047,0.343
1983-07-08,10.69,11.16,11.33,0.3000000000000007,0.2902,0.2046,0.048
1983-07-11,10.56,11.09,11.28,0.33999999999999986,0.2907,0.2046,0.241
1983-07-12,10.74,11.24,11.42,0.3200000000000003,0.2908,0.2046,0.143
1983-07-13,10.71,11.21,11.4,0.3100000000000005,0.2908,0.2046,0.094
1983-07-14,10.72,11.21,11.38,0.3200000000000003,0.2912,0.2046,0.141
1983-07-15,10.82,11.36,11.51,0.3899999999999988,0.2919,0.2046,0.479
1983-07-18,10.76,11.3,11.41,0.4300000000000015,0.2925,0.2048,0.671
1983-07-19,10.69,11.23,11.36,0.4100000000000019,0.2929,0.2049,0.571
1983-07-20,10.64,11.14,11.28,0.3600000000000012,0.2927,0.2049,0.328
1983-07-21,10.66,11.16,11.32,0.33999999999999986,0.2921,0.2045,0.234
1983-07-22,10.77,11.26,11.43,0.3200000000000003,0.2907,0.2031,0.144
1983-07-25,10.74,11.26,11.41,0.3699999999999992,0.29,0.2025,0.395
1983-07-26,10.77,11.33,11.49,0.40000000000000036,0.2893,0.2019,0.548
1983-07-27,10.77,11.32,11.51,0.3600000000000012,0.2884,0.201,0.356
1983-07-28,10.86,11.47,11.66,0.4200000000000017,0.2878,0.2003,0.66
1983-07-29,11.03,11.59,11.76,0.39000000000000057,0.287,0.1996,0.516
1983-08-01,11.09,11.63,11.8,0.370000000000001,0.2864,0.1991,0.42
1983-08-02,11.14,11.68,11.82,0.3999999999999986,0.2856,0.1981,0.577
1983-08-03,11.13,11.68,11.92,0.3099999999999987,0.284,0.1965,0.132
1983-08-04,11.27,11.84,12.12,0.2900000000000009,0.2827,0.1953,0.037
1983-08-05,11.27,11.85,12.1,0.33000000000000007,0.2817,0.1943,0.249
1983-08-08,11.37,11.95,12.2,0.33000000000000007,0.2807,0.1934,0.255
1983-08-09,11.33,11.88,12.13,0.3000000000000007,0.2794,0.1922,0.107
1983-08-10,11.41,11.94,12.17,0.29999999999999893,0.2779,0.1907,0.116
1983-08-11,11.32,11.87,12.04,0.379999999999999,0.2769,0.1894,0.544
1983-08-12,11.27,11.82,11.96,0.41000000000000014,0.2761,0.1883,0.711
1983-08-15,11.08,11.58,11.76,0.3200000000000003,0.2753,0.1877,0.238
1983-08-16,10.97,11.52,11.71,0.35999999999999766,0.2746,0.1871,0.456
1983-08-17,10.86,11.41,11.65,0.3100000000000005,0.2737,0.1863,0.195
1983-08-18,10.85,11.44,11.7,0.33000000000000007,0.272,0.184,0.315
1983-08-19,10.9,11.5,11.72,0.379999999999999,0.2713,0.1832,0.593
1983-08-22,10.75,11.3,11.54,0.3100000000000023,0.2695,0.1806,0.224
1983-08-23,10.79,11.37,11.57,0.379999999999999,0.2676,0.1768,0.636
1983-08-24,10.76,11.3,11.54,0.3000000000000025,0.2658,0.1743,0.196
1983-08-25,10.83,11.35,11.62,0.25,0.2639,0.1718,-0.081
1983-08-26,10.88,11.4,11.65,0.2699999999999996,0.2633,0.1715,0.039
1983-08-29,11.09,11.63,11.86,0.3100000000000023,0.2629,0.1712,0.275
1983-08-30,11.08,11.67,11.9,0.35999999999999943,0.2619,0.17,0.577
1983-08-31,11.18,11.79,11.98,0.41999999999999815,0.2612,0.1689,0.94
1983-09-01,11.16,11.76,11.97,0.3899999999999988,0.2608,0.1684,0.767
1983-09-02,11.18,11.81,12.01,0.4300000000000015,0.2609,0.1686,1.003
1983-09-06,11.03,11.63,11.85,0.38000000000000256,0.2604,0.1681,0.711
1983-09-07,10.88,11.52,11.7,0.4599999999999991,0.2608,0.1685,1.182
1983-09-08,10.95,11.57,11.77,0.4200000000000017,0.261,0.1686,0.943
1983-09-09,10.93,11.53,11.73,0.3999999999999986,0.2609,0.1685,0.826
1983-09-12,10.71,11.35,11.56,0.42999999999999794,0.2609,0.1685,1.004
1983-09-13,10.77,11.38,11.63,0.3600000000000012,0.261,0.1686,0.587
1983-09-14,10.88,11.51,11.76,0.379999999999999,0.2606,0.1682,0.71
1983-09-15,10.95,11.61,11.82,0.4499999999999993,0.2612,0.1686,1.12
1983-09-16,10.83,11.43,11.68,0.34999999999999964,0.2611,0.1685,0.528
1983-09-19,10.72,11.42,11.66,0.4599999999999991,0.2617,0.169,1.173
1983-09-20,10.7,11.33,11.57,0.39000000000000057,0.2621,0.1692,0.756
1983-09-21,10.73,11.4,11.64,0.4299999999999997,0.2621,0.1692,0.992
1983-09-22,10.74,11.4,11.6,0.46000000000000085,0.2624,0.1695,1.166
1983-09-23,10.61,11.29,11.49,0.47999999999999865,0.2626,0.1697,1.281
1983-09-26,10.49,11.18,11.41,0.4599999999999991,0.2628,0.1699,1.161
1983-09-27,10.57,11.21,11.45,0.40000000000000213,0.263,0.17,0.806
1983-09-28,10.59,11.24,11.49,0.40000000000000036,0.2637,0.1702,0.801
1983-09-29,10.64,11.26,11.5,0.379999999999999,0.264,0.1704,0.681
1983-09-30,10.53,11.2,11.44,0.4299999999999997,0.2644,0.1706,0.971
1983-10-03,10.55,11.22,11.47,0.41999999999999993,0.2644,0.1706,0.912
1983-10-04,10.56,11.22,11.46,0.41999999999999993,0.2646,0.1708,0.91
1983-10-05,10.45,11.11,11.35,0.41999999999999993,0.2654,0.1711,0.904
1983-10-06,10.42,11.1,11.31,0.46999999999999886,0.2661,0.1716,1.188
1983-10-07,10.45,11.12,11.33,0.4599999999999991,0.2666,0.1719,1.125
1983-10-11,10.68,11.36,11.57,0.46999999999999886,0.2675,0.1724,1.175
1983-10-12,10.65,11.35,11.59,0.4599999999999991,0.2676,0.1725,1.115
1983-10-13,10.71,11.4,11.65,0.4399999999999995,0.267,0.1717,1.008
1983-10-14,10.65,11.31,11.58,0.39000000000000057,0.2666,0.1713,0.72
1983-10-17,10.49,11.21,11.47,0.46000000000000085,0.2661,0.1705,1.137
1983-10-18,10.48,11.2,11.49,0.42999999999999794,0.2657,0.17,0.966
1983-10-19,10.55,11.2,11.49,0.35999999999999766,0.2653,0.1697,0.558
1983-10-20,10.54,11.22,11.47,0.4300000000000015,0.2655,0.1699,0.968
1983-10-21,10.48,11.18,11.43,0.4499999999999993,0.2648,0.1687,1.098
1983-10-24,10.68,11.39,11.66,0.4400000000000013,0.2642,0.1677,1.048
1983-10-25,10.63,11.4,11.7,0.47000000000000064,0.2635,0.1665,1.24
1983-10-26,10.63,11.4,11.72,0.4499999999999993,0.2623,0.1642,1.143
1983-10-27,10.6,11.39,11.66,0.5200000000000014,0.2615,0.1625,1.591
1983-10-28,10.61,11.39,11.68,0.490000000000002,0.2608,0.161,1.424
1983-10-31,10.61,11.39,11.74,0.4300000000000015,0.2603,0.1602,1.059
1983-11-01,10.64,11.38,11.69,0.4300000000000015,0.2596,0.1591,1.071
1983-11-02,10.62,11.39,11.7,0.46000000000000263,0.2591,0.1583,1.269
1983-11-03,10.63,11.41,11.75,0.4399999999999995,0.2589,0.1581,1.145
1983-11-04,10.76,11.53,11.85,0.4499999999999993,0.2587,0.1578,1.212
1983-11-07,10.79,11.56,11.85,0.4800000000000022,0.2586,0.1576,1.405
1983-11-09,10.74,11.54,11.84,0.4999999999999982,0.2584,0.1572,1.537
1983-11-10,10.63,11.4,11.71,0.4599999999999991,0.2579,0.1565,1.291
1983-11-14,10.6,11.38,11.68,0.4800000000000022,0.2578,0.1563,1.422
1983-11-15,10.66,11.4,11.7,0.4400000000000013,0.2574,0.1556,1.174
1983-11-16,10.66,11.4,11.7,0.4400000000000013,0.2566,0.1542,1.189
1983-11-17,10.68,11.44,11.72,0.47999999999999865,0.2558,0.1524,1.471
1983-11-18,10.68,11.46,11.72,0.5200000000000014,0.2554,0.1517,1.744
1983-11-21,10.65,11.38,11.65,0.46000000000000085,0.255,0.1509,1.359
1983-11-22,10.6,11.34,11.57,0.5099999999999998,0.255,0.1509,1.69
1983-11-23,10.64,11.37,11.59,0.509999999999998,0.2556,0.1517,1.677
1983-11-25,10.63,11.31,11.55,0.4399999999999995,0.2569,0.1519,1.205
1983-11-28,10.69,11.41,11.63,0.5,0.2588,0.1518,1.589
1983-11-29,10.65,11.31,11.58,0.39000000000000057,0.26,0.1518,0.856
1983-11-30,10.67,11.36,11.63,0.41999999999999815,0.2614,0.1516,1.046
1983-12-01,10.66,11.37,11.63,0.4499999999999975,0.2632,0.1511,1.236
1983-12-02,10.77,11.47,11.75,0.4200000000000017,0.265,0.1503,1.031
1983-12-05,10.8,11.5,11.78,0.41999999999999993,0.2666,0.1498,1.024
1983-12-06,10.74,11.46,11.76,0.4200000000000017,0.2677,0.1498,1.017
1983-12-07,10.75,11.49,11.79,0.4400000000000013,0.2689,0.15,1.141
1983-12-08,10.83,11.57,11.89,0.41999999999999993,0.2697,0.1503,1.0
1983-12-09,10.85,11.58,11.9,0.41000000000000014,0.2712,0.1498,0.927
1983-12-12,10.82,11.54,11.87,0.3899999999999988,0.272,0.1499,0.787
1983-12-13,10.93,11.65,11.95,0.4200000000000017,0.2728,0.1501,0.981
1983-12-14,10.92,11.68,11.97,0.46999999999999886,0.2738,0.1506,1.303
1983-12-15,10.93,11.66,11.96,0.4299999999999997,0.2744,0.1509,1.031
1983-12-16,10.87,11.59,11.88,0.4299999999999997,0.2749,0.1512,1.026
1983-12-19,10.87,11.59,11.87,0.4400000000000013,0.2755,0.1516,1.085
1983-12-20,10.87,11.56,11.86,0.39000000000000234,0.276,0.1518,0.751
1983-12-21,10.88,11.54,11.83,0.36999999999999744,0.2765,0.1519,0.616
1983-12-22,10.83,11.51,11.77,0.41999999999999993,0.2768,0.1521,0.941
1983-12-23,10.86,11.53,11.79,0.41000000000000014,0.277,0.1522,0.874
1983-12-27,10.85,11.5,11.75,0.40000000000000036,0.2773,0.1524,0.805
1983-12-28,10.85,11.56,11.81,0.46000000000000085,0.2779,0.1528,1.192
1983-12-29,10.84,11.52,11.79,0.41000000000000014,0.2782,0.153,0.861
1983-12-30,10.85,11.57,11.82,0.47000000000000064,0.2786,0.1534,1.248
1984-01-03,10.87,11.59,11.86,0.45000000000000107,0.2787,0.1535,1.116
1984-01-04,10.77,11.5,11.78,0.45000000000000107,0.2791,0.1538,1.111
1984-01-05,10.75,11.47,11.77,0.4200000000000017,0.2791,0.1538,0.916
1984-01-06,10.68,11.43,11.73,0.4499999999999993,0.2795,0.1541,1.106
1984-01-09,10.73,11.47,11.75,0.46000000000000085,0.2798,0.1544,1.167
1984-01-10,10.66,11.44,11.71,0.509999999999998,0.2806,0.155,1.48
1984-01-11,10.72,11.46,11.76,0.4400000000000013,0.281,0.1553,1.024
1984-01-12,10.71,11.48,11.76,0.4900000000000002,0.2817,0.1559,1.336
1984-01-13,10.5,11.26,11.59,0.4299999999999997,0.2822,0.1562,0.946
1984-01-16,10.52,11.25,11.54,0.4400000000000013,0.2828,0.1565,1.004
1984-01-17,10.55,11.28,11.57,0.4399999999999977,0.2836,0.1568,0.997
1984-01-18,10.58,11.3,11.61,0.4100000000000019,0.2844,0.1568,0.801
1984-01-19,10.57,11.29,11.6,0.40999999999999837,0.2856,0.1567,0.794
1984-01-20,10.6,11.32,11.64,0.40000000000000036,0.2867,0.1565,0.724
1984-01-23,10.61,11.31,11.63,0.3800000000000008,0.2875,0.1565,0.591
1984-01-24,10.63,11.31,11.63,0.35999999999999943,0.2882,0.1564,0.459
1984-01-25,10.65,11.31,11.64,0.33000000000000007,0.2883,0.1564,0.267
1984-01-26,10.62,11.31,11.63,0.370000000000001,0.2887,0.1565,0.519
1984-01-27,10.62,11.31,11.63,0.370000000000001,0.289,0.1566,0.517
1984-01-30,10.57,11.31,11.66,0.39000000000000057,0.2895,0.1567,0.641
1984-01-31,10.58,11.34,11.67,0.4299999999999997,0.2903,0.1569,0.89
1984-02-01,10.56,11.31,11.64,0.41999999999999993,0.291,0.1571,0.821
1984-02-02,10.54,11.28,11.6,0.41999999999999993,0.2917,0.1573,0.816
1984-02-03,10.53,11.31,11.6,0.490000000000002,0.2925,0.1578,1.252
1984-02-06,10.67,11.4,11.7,0.4300000000000015,0.2936,0.1578,0.864
1984-02-07,10.66,11.4,11.71,0.4299999999999997,0.2947,0.1577,0.858
1984-02-08,10.65,11.41,11.72,0.4499999999999993,0.2957,0.1579,0.977
1984-02-09,10.66,11.43,11.73,0.46999999999999886,0.2967,0.1582,1.095
1984-02-10,10.73,11.52,11.83,0.47999999999999865,0.2979,0.1585,1.149
1984-02-14,10.78,11.54,11.85,0.4499999999999993,0.2986,0.1587,0.954
1984-02-15,10.73,11.5,11.81,0.4599999999999991,0.2996,0.1589,1.009
1984-02-16,10.75,11.51,11.83,0.4399999999999995,0.3009,0.1588,0.876
1984-02-17,10.87,11.63,11.92,0.4700000000000024,0.3021,0.1589,1.057
1984-02-21,10.85,11.62,11.91,0.47999999999999865,0.3035,0.1589,1.111
1984-02-22,10.92,11.61,11.93,0.3699999999999992,0.3047,0.1583,0.413
1984-02-23,11.03,11.76,12.05,0.4399999999999995,0.306,0.1581,0.848
1984-02-24,10.94,11.69,11.99,0.4499999999999993,0.3073,0.1578,0.904
1984-02-27,11.02,11.77,12.05,0.46999999999999886,0.3086,0.1578,1.023
1984-02-28,11.04,11.8,12.09,0.4700000000000024,0.31,0.1577,1.015
1984-02-29,10.99,11.74,12.04,0.45000000000000107,0.3114,0.1574,0.881
1984-03-01,11.05,11.77,12.07,0.41999999999999815,0.3127,0.157,0.683
1984-03-02,10.92,11.68,11.99,0.4499999999999993,0.3141,0.1565,0.868
1984-03-05,11.01,11.76,12.07,0.4399999999999995,0.3159,0.1555,0.798
1984-03-06,11.01,11.77,12.09,0.4399999999999995,0.3178,0.154,0.794
1984-03-07,11.08,11.87,12.22,0.4399999999999977,0.3196,0.1526,0.789
1984-03-08,11.15,11.9,12.24,0.41000000000000014,0.3213,0.1512,0.587
1984-03-09,11.19,11.95,12.28,0.4299999999999997,0.3233,0.1495,0.714
1984-03-12,11.18,11.94,12.24,0.4599999999999991,0.3256,0.1471,0.914
1984-03-13,11.22,11.97,12.27,0.45000000000000107,0.3276,0.1453,0.842
1984-03-14,11.26,12.0,12.31,0.4299999999999997,0.3295,0.1433,0.701
1984-03-15,11.28,11.99,12.31,0.39000000000000057,0.3311,0.1418,0.415
1984-03-16,11.27,12.01,12.34,0.41000000000000014,0.3328,0.1401,0.551
1984-03-19,11.39,12.11,12.45,0.379999999999999,0.3345,0.138,0.33
1984-03-20,11.45,12.13,12.44,0.37000000000000277,0.336,0.1364,0.249
1984-03-21,11.57,12.17,12.45,0.3200000000000003,0.3372,0.1349,-0.128
1984-03-22,11.59,12.22,12.49,0.3600000000000012,0.3389,0.1325,0.159
1984-03-23,11.59,12.23,12.48,0.39000000000000057,0.3404,0.1309,0.379
1984-03-26,11.56,12.2,12.46,0.37999999999999723,0.3414,0.1302,0.296
1984-03-27,11.58,12.21,12.46,0.3800000000000008,0.3427,0.1291,0.289
1984-03-28,11.48,12.15,12.42,0.40000000000000036,0.3439,0.128,0.438
1984-03-29,11.49,12.16,12.41,0.41999999999999993,0.3452,0.1271,0.589
1984-03-30,11.6,12.28,12.53,0.4299999999999997,0.3466,0.1261,0.661
1984-04-02,11.61,12.29,12.56,0.40999999999999837,0.3479,0.125,0.497
1984-04-03,11.73,12.4,12.65,0.41999999999999993,0.3495,0.1235,0.571
1984-04-04,11.76,12.44,12.67,0.4499999999999993,0.3511,0.1222,0.809
1984-04-05,11.7,12.42,12.65,0.4900000000000002,0.3529,0.1208,1.135
1984-04-06,11.55,12.24,12.51,0.41999999999999993,0.3545,0.1189,0.551
1984-04-09,11.55,12.22,12.47,0.41999999999999993,0.356,0.1173,0.546
1984-04-10,11.54,12.26,12.52,0.46000000000000085,0.3579,0.1153,0.886
1984-04-11,11.53,12.24,12.5,0.45000000000000107,0.3595,0.1137,0.796
1984-04-12,11.49,12.16,12.4,0.4299999999999997,0.361,0.112,0.616
1984-04-13,11.66,12.3,12.57,0.370000000000001,0.3624,0.1099,0.069
1984-04-16,11.7,12.35,12.61,0.39000000000000057,0.3637,0.1082,0.243
1984-04-17,11.59,12.3,12.57,0.4400000000000013,0.3652,0.1068,0.7
1984-04-18,11.69,12.4,12.7,0.4100000000000019,0.3664,0.1055,0.413
1984-04-19,11.77,12.47,12.77,0.40000000000000213,0.3675,0.1044,0.311
1984-04-23,11.78,12.49,12.8,0.40000000000000036,0.3687,0.1031,0.304
1984-04-24,11.73,12.46,12.75,0.4400000000000013,0.3702,0.1012,0.69
1984-04-25,11.79,12.45,12.69,0.41999999999999993,0.3715,0.0998,0.486
1984-04-26,11.77,12.42,12.67,0.40000000000000036,0.3728,0.0979,0.278
1984-04-27,11.89,12.55,12.79,0.4200000000000017,0.3741,0.0964,0.476
1984-04-30,11.89,12.57,12.82,0.4299999999999997,0.3751,0.0957,0.574
1984-05-01,11.88,12.57,12.82,0.4399999999999995,0.3763,0.0945,0.674
1984-05-02,11.92,12.62,12.86,0.4599999999999991,0.3778,0.0929,0.885
1984-05-03,11.96,12.64,12.89,0.4299999999999997,0.3789,0.0917,0.557
1984-05-04,12.15,12.83,13.07,0.4399999999999995,0.3803,0.09,0.663
1984-05-07,12.24,12.9,13.13,0.4299999999999997,0.3817,0.0881,0.548
1984-05-08,12.23,12.88,13.09,0.4400000000000013,0.3828,0.087,0.657
1984-05-09,12.32,12.97,13.21,0.41000000000000014,0.384,0.0853,0.305
1984-05-10,12.32,12.98,13.25,0.39000000000000057,0.3848,0.0843,0.062
1984-05-11,12.55,13.2,13.46,0.389999999999997,0.3858,0.0828,0.051
1984-05-14,12.57,13.3,13.58,0.45000000000000107,0.3867,0.0823,0.769
1984-05-15,12.51,13.23,13.48,0.47000000000000064,0.3877,0.0819,1.005
1984-05-16,12.42,13.17,13.41,0.5099999999999998,0.3888,0.0816,1.485
1984-05-17,12.51,13.27,13.54,0.4900000000000002,0.3898,0.0812,1.234
1984-05-18,12.47,13.21,13.45,0.5000000000000018,0.391,0.0806,1.352
1984-05-21,12.48,13.18,13.43,0.4499999999999993,0.3921,0.0795,0.728
1984-05-22,12.58,13.27,13.52,0.4399999999999995,0.3931,0.0786,0.597
1984-05-23,12.67,13.3,13.54,0.39000000000000234,0.3937,0.078,-0.047
1984-05-24,12.77,13.46,13.72,0.4300000000000015,0.3945,0.0772,0.46
1984-05-25,12.77,13.52,13.75,0.5199999999999996,0.3957,0.0769,1.616
1984-05-29,12.98,13.7,13.89,0.5299999999999976,0.3966,0.0771,1.73
1984-05-30,13.04,13.84,13.99,0.6500000000000004,0.3983,0.0781,3.223
1984-05-31,13.0,13.76,13.91,0.6099999999999994,0.3997,0.0786,2.676
1984-06-01,12.72,13.46,13.63,0.5700000000000003,0.4011,0.0785,2.152
1984-06-04,12.63,13.29,13.42,0.5299999999999976,0.4021,0.0785,1.629
1984-06-05,12.6,13.24,13.37,0.5100000000000016,0.4033,0.0779,1.37
1984-06-06,12.75,13.38,13.54,0.4700000000000024,0.4044,0.0768,0.854
1984-06-07,12.81,13.43,13.54,0.5099999999999998,0.4054,0.0765,1.367
1984-06-08,12.74,13.35,13.46,0.4999999999999982,0.4066,0.0756,1.235
1984-06-11,13.0,13.57,13.58,0.5600000000000005,0.4081,0.075,2.025
1984-06-12,12.92,13.45,13.54,0.4399999999999995,0.4092,0.0734,0.42
1984-06-13,12.83,13.37,13.44,0.46999999999999886,0.41,0.0728,0.824
1984-06-14,12.75,13.31,13.39,0.4800000000000004,0.4112,0.0716,0.961
1984-06-15,12.63,13.12,13.21,0.3999999999999968,0.4122,0.0696,-0.175
1984-06-18,12.75,13.19,13.27,0.35999999999999943,0.4129,0.0683,-0.775
1984-06-19,12.79,13.3,13.38,0.4300000000000015,0.4138,0.0667,0.243
1984-06-20,13.08,13.57,13.65,0.41000000000000014,0.4146,0.0657,-0.07
1984-06-21,13.14,13.67,13.72,0.47999999999999865,0.4157,0.0643,1.0
1984-06-22,13.15,13.72,13.74,0.5500000000000007,0.4172,0.0631,2.105
1984-06-25,13.12,13.7,13.75,0.5299999999999994,0.4184,0.0622,1.794
1984-06-26,13.17,13.77,13.79,0.5800000000000001,0.4196,0.0625,2.566
1984-06-27,13.12,13.7,13.76,0.5199999999999996,0.4205,0.0622,1.6
1984-06-28,13.17,13.7,13.8,0.42999999999999794,0.4214,0.0608,0.141
1984-06-29,13.17,13.72,13.84,0.4300000000000015,0.4219,0.0602,0.135
1984-07-02,13.17,13.73,13.87,0.4200000000000017,0.4224,0.0598,-0.04
1984-07-03,13.12,13.67,13.8,0.41999999999999993,0.423,0.0589,-0.051
1984-07-05,13.07,13.64,13.77,0.4400000000000013,0.4235,0.0586,0.282
1984-07-06,13.13,13.65,13.75,0.41999999999999993,0.4238,0.0584,-0.065
1984-07-09,12.96,13.4,13.48,0.35999999999999943,0.4239,0.0582,-1.098
1984-07-10,13.0,13.46,13.53,0.39000000000000234,0.4242,0.0578,-0.592
1984-07-11,13.06,13.45,13.55,0.28999999999999737,0.4239,0.0583,-2.297
1984-07-12,12.96,13.39,13.42,0.40000000000000036,0.4243,0.0578,-0.42
1984-07-13,12.85,13.24,13.3,0.33000000000000007,0.4243,0.0579,-1.629
1984-07-16,12.89,13.24,13.32,0.2699999999999996,0.4241,0.0583,-2.643
1984-07-17,12.93,13.29,13.37,0.27999999999999936,0.424,0.0586,-2.457
1984-07-18,12.89,13.22,13.32,0.23000000000000043,0.4236,0.0595,-3.254
1984-07-19,12.82,13.17,13.25,0.2699999999999996,0.4231,0.0602,-2.543
1984-07-20,12.85,13.24,13.36,0.27000000000000135,0.4225,0.061,-2.5
1984-07-23,12.87,13.25,13.35,0.28000000000000114,0.422,0.0616,-2.305
1984-07-24,12.85,13.24,13.31,0.3200000000000003,0.4218,0.0618,-1.647
1984-07-25,12.64,12.95,13.06,0.1999999999999975,0.4213,0.0632,-3.502
1984-07-26,12.55,12.8,12.89,0.16000000000000014,0.4206,0.065,-4.009
1984-07-27,12.59,12.89,12.95,0.240000000000002,0.4201,0.0659,-2.733
1984-07-30,12.66,13.0,13.05,0.28999999999999915,0.4197,0.0664,-1.953
1984-07-31,12.57,12.85,12.91,0.21999999999999886,0.4191,0.0675,-2.95
1984-08-01,12.48,12.74,12.81,0.1899999999999995,0.4182,0.069,-3.307
1984-08-02,12.48,12.71,12.74,0.20000000000000107,0.4175,0.0703,-3.094
1984-08-03,12.3,12.55,12.61,0.19000000000000128,0.4167,0.0717,-3.162
1984-08-06,12.42,12.66,12.73,0.16999999999999993,0.4158,0.0734,-3.349
1984-08-07,12.41,12.64,12.69,0.1800000000000015,0.4153,0.0746,-3.154
1984-08-08,12.37,12.62,12.66,0.20999999999999908,0.415,0.0753,-2.722
1984-08-09,12.33,12.59,12.61,0.2400000000000002,0.4146,0.0759,-2.3
1984-08-10,12.35,12.63,12.68,0.2300000000000022,0.4142,0.0766,-2.405
1984-08-13,12.45,12.71,12.74,0.2300000000000022,0.414,0.0771,-2.387
1984-08-14,12.34,12.62,12.67,0.22999999999999865,0.4137,0.0777,-2.364
1984-08-15,12.39,12.68,12.74,0.22999999999999865,0.4131,0.0785,-2.332
1984-08-16,12.4,12.66,12.7,0.22000000000000064,0.4123,0.0794,-2.422
1984-08-17,12.4,12.67,12.7,0.2400000000000002,0.412,0.08,-2.15
1984-08-20,12.42,12.66,12.69,0.21000000000000085,0.4114,0.0809,-2.489
1984-08-21,12.41,12.64,12.62,0.2500000000000018,0.4112,0.0813,-1.983
1984-08-22,12.45,12.66,12.65,0.22000000000000064,0.4108,0.082,-2.327
1984-08-23,12.44,12.68,12.69,0.23000000000000043,0.4102,0.0828,-2.176
1984-08-24,12.41,12.67,12.66,0.2699999999999996,0.41,0.083,-1.687
1984-08-27,12.54,12.8,12.81,0.2500000000000018,0.4095,0.0836,-1.908
1984-08-28,12.54,12.82,12.81,0.2900000000000009,0.4094,0.0837,-1.427
1984-08-29,12.56,12.78,12.83,0.16999999999999815,0.4091,0.0844,-2.833
1984-08-30,12.56,12.79,12.84,0.17999999999999794,0.4088,0.0852,-2.685
1984-08-31,12.54,12.77,12.79,0.21000000000000085,0.4084,0.0859,-2.31
1984-09-04,12.59,12.85,12.88,0.22999999999999865,0.4079,0.0866,-2.054
1984-09-05,12.63,12.92,12.92,0.28999999999999915,0.4073,0.0869,-1.35
1984-09-06,12.54,12.82,12.81,0.2900000000000009,0.4069,0.0872,-1.341
1984-09-07,12.45,12.75,12.7,0.3500000000000014,0.4066,0.0873,-0.648
1984-09-10,12.27,12.65,12.62,0.4100000000000019,0.4067,0.0872,0.038
1984-09-11,12.26,12.59,12.54,0.3800000000000008,0.4064,0.0872,-0.303
1984-09-12,12.3,12.62,12.55,0.389999999999997,0.4063,0.0872,-0.187
1984-09-13,12.21,12.47,12.44,0.2900000000000009,0.4059,0.0875,-1.325
1984-09-14,12.15,12.42,12.42,0.2699999999999996,0.4052,0.0879,-1.538
1984-09-17,12.16,12.42,12.4,0.27999999999999936,0.4049,0.0882,-1.416
1984-09-18,12.1,12.33,12.35,0.21000000000000085,0.4042,0.0891,-2.18
1984-09-19,11.94,12.26,12.25,0.33000000000000007,0.4038,0.0891,-0.828
1984-09-20,11.94,12.27,12.28,0.3200000000000003,0.4037,0.0892,-0.938
1984-09-21,12.06,12.44,12.45,0.3699999999999992,0.4033,0.0892,-0.373
1984-09-24,12.1,12.51,12.52,0.40000000000000036,0.4033,0.0892,-0.037
1984-09-25,12.12,12.53,12.56,0.379999999999999,0.4031,0.0892,-0.259
1984-09-26,12.05,12.47,12.46,0.4299999999999997,0.403,0.0891,0.303
1984-09-27,11.95,12.31,12.31,0.3600000000000012,0.4025,0.089,-0.478
1984-09-28,12.07,12.48,12.47,0.41999999999999993,0.4024,0.089,0.198
1984-10-01,12.09,12.51,12.54,0.39000000000000057,0.4023,0.089,-0.138
1984-10-02,12.07,12.52,12.54,0.4299999999999997,0.4025,0.089,0.309
1984-10-03,12.06,12.49,12.54,0.3800000000000008,0.4025,0.089,-0.253
1984-10-04,12.02,12.45,12.52,0.35999999999999943,0.4022,0.089,-0.474
1984-10-05,11.93,12.35,12.39,0.379999999999999,0.402,0.089,-0.247
1984-10-09,11.87,12.32,12.36,0.4100000000000019,0.402,0.089,0.09
1984-10-10,11.89,12.32,12.36,0.39000000000000057,0.4019,0.089,-0.134
1984-10-11,11.78,12.23,12.31,0.370000000000001,0.4015,0.0889,-0.354
1984-10-12,11.72,12.17,12.28,0.33999999999999986,0.401,0.0889,-0.686
1984-10-15,11.78,12.24,12.34,0.3600000000000012,0.4006,0.0888,-0.457
1984-10-16,11.77,12.25,12.32,0.41000000000000014,0.4004,0.0888,0.108
1984-10-17,11.7,12.21,12.28,0.44000000000000306,0.4004,0.0888,0.446
1984-10-18,11.53,11.98,12.09,0.34000000000000163,0.4002,0.0888,-0.678
1984-10-19,11.39,11.82,11.93,0.3200000000000003,0.3996,0.0889,-0.895
1984-10-22,11.35,11.82,11.9,0.39000000000000057,0.3994,0.0889,-0.106
1984-10-23,11.17,11.62,11.78,0.28999999999999915,0.3992,0.0891,-1.226
1984-10-24,11.1,11.55,11.74,0.26000000000000156,0.3985,0.0895,-1.547
1984-10-25,11.13,11.65,11.83,0.33999999999999986,0.3981,0.0895,-0.649
1984-10-26,11.33,11.83,11.99,0.33999999999999986,0.3977,0.0896,-0.644
1984-10-29,11.3,11.79,11.95,0.3299999999999983,0.3971,0.0896,-0.749
1984-10-30,11.13,11.63,11.75,0.3800000000000008,0.3968,0.0895,-0.188
1984-10-31,11.09,11.59,11.79,0.3000000000000007,0.396,0.0894,-1.074
1984-11-01,10.93,11.45,11.66,0.3099999999999987,0.3952,0.0893,-0.954
1984-11-02,10.96,11.46,11.66,0.3000000000000007,0.3947,0.0895,-1.058
1984-11-05,10.79,11.4,11.6,0.4100000000000019,0.3946,0.0895,0.172
1984-11-07,10.8,11.45,11.72,0.37999999999999723,0.3943,0.0894,-0.16
1984-11-08,10.95,11.55,11.81,0.34000000000000163,0.3939,0.0894,-0.603
1984-11-09,10.81,11.47,11.71,0.41999999999999993,0.3938,0.0894,0.293
1984-11-13,10.89,11.55,11.78,0.4300000000000015,0.3936,0.0892,0.408
1984-11-14,10.91,11.59,11.81,0.4599999999999991,0.3935,0.0891,0.746
1984-11-15,10.78,11.52,11.73,0.5299999999999994,0.3937,0.0894,1.525
1984-11-16,10.71,11.46,11.69,0.5200000000000014,0.3939,0.0896,1.407
1984-11-19,10.67,11.41,11.61,0.5400000000000009,0.3943,0.09,1.619
1984-11-20,10.59,11.29,11.53,0.4599999999999991,0.3944,0.0901,0.728
1984-11-21,10.39,11.14,11.39,0.5,0.3944,0.0901,1.172
1984-11-23,10.29,10.99,11.24,0.45000000000000107,0.3942,0.0899,0.621
1984-11-26,10.33,11.05,11.28,0.490000000000002,0.3943,0.09,1.063
1984-11-27,10.31,11.05,11.28,0.5100000000000016,0.3943,0.09,1.286
1984-11-28,10.35,11.03,11.38,0.3299999999999983,0.3936,0.0898,-0.708
1984-11-29,10.37,11.07,11.42,0.3500000000000014,0.3932,0.0897,-0.482
1984-11-30,10.5,11.25,11.58,0.41999999999999993,0.3929,0.0895,0.303
1984-12-03,10.5,11.23,11.56,0.40000000000000036,0.3929,0.0895,0.079
1984-12-04,10.44,11.16,11.52,0.3600000000000012,0.3927,0.0895,-0.365
1984-12-05,10.4,11.14,11.52,0.3600000000000012,0.3923,0.0895,-0.361
1984-12-06,10.49,11.23,11.61,0.3600000000000012,0.3921,0.0895,-0.359
1984-12-07,10.51,11.31,11.7,0.4100000000000019,0.3921,0.0895,0.2
1984-12-10,10.47,11.26,11.66,0.3899999999999988,0.3919,0.0894,-0.021
1984-12-11,10.4,11.18,11.57,0.3899999999999988,0.3917,0.0894,-0.019
1984-12-12,10.35,11.14,11.54,0.39000000000000234,0.3916,0.0894,-0.018
1984-12-13,10.4,11.27,11.7,0.4399999999999995,0.3917,0.0894,0.54
1984-12-14,10.2,11.08,11.56,0.40000000000000036,0.3918,0.0894,0.092
1984-12-17,10.07,11.01,11.49,0.4599999999999991,0.3919,0.0895,0.761
1984-12-18,9.85,10.83,11.29,0.5200000000000014,0.3921,0.0897,1.426
1984-12-19,9.89,10.86,11.34,0.48999999999999844,0.3924,0.0899,1.086
1984-12-20,9.94,10.89,11.37,0.4700000000000024,0.3925,0.09,0.861
1984-12-21,9.94,10.89,11.34,0.5000000000000018,0.3928,0.0902,1.188
1984-12-24,9.83,10.85,11.31,0.5599999999999987,0.3935,0.0908,1.834
1984-12-26,9.95,10.97,11.45,0.5400000000000027,0.3941,0.0913,1.598
1984-12-27,9.96,10.98,11.45,0.5500000000000007,0.3946,0.0918,1.693
1984-12-28,10.02,11.03,11.46,0.5799999999999983,0.3953,0.0925,1.997
1984-12-31,10.02,11.08,11.55,0.5899999999999999,0.3961,0.0933,2.078
1985-01-02,10.03,11.22,11.7,0.7100000000000026,0.3971,0.0953,3.283
1985-01-03,10.06,11.13,11.62,0.5800000000000018,0.3977,0.096,1.899
1985-01-04,10.08,11.19,11.67,0.629999999999999,0.3984,0.097,2.388
1985-01-07,10.01,11.09,11.5,0.6699999999999999,0.3992,0.0985,2.749
1985-01-08,9.99,11.04,11.45,0.6399999999999988,0.4,0.0996,2.41
1985-01-09,9.95,11.03,11.47,0.6399999999999988,0.4009,0.1007,2.374
1985-01-10,10.0,11.05,11.48,0.620000000000001,0.4015,0.1016,2.151
1985-01-11,10.08,11.14,11.59,0.6100000000000012,0.4021,0.1024,2.03
1985-01-14,10.07,11.13,11.6,0.5900000000000016,0.4025,0.1029,1.822
1985-01-15,10.0,11.01,11.49,0.5299999999999994,0.4028,0.1031,1.234
1985-01-16,9.99,11.02,11.51,0.5399999999999991,0.403,0.1034,1.325
1985-01-17,9.98,10.99,11.48,0.5199999999999996,0.4034,0.1036,1.125
1985-01-18,9.91,10.89,11.39,0.4800000000000004,0.4035,0.1037,0.738
1985-01-22,9.83,10.79,11.27,0.47999999999999865,0.4037,0.1038,0.735
1985-01-23,9.83,10.74,11.21,0.4399999999999995,0.4038,0.1038,0.349
1985-01-24,9.74,10.61,11.06,0.41999999999999815,0.4038,0.1038,0.156
1985-01-25,9.76,10.66,11.11,0.45000000000000107,0.404,0.1039,0.443
1985-01-28,9.79,10.7,11.11,0.5,0.4045,0.104,0.918
1985-01-29,9.79,10.7,11.11,0.5,0.4051,0.1042,0.911
1985-01-30,9.76,10.68,11.08,0.5199999999999996,0.4058,0.1043,1.095
1985-01-31,9.9,10.77,11.17,0.46999999999999886,0.4062,0.1043,0.612
1985-02-01,10.04,10.93,11.29,0.5300000000000011,0.4069,0.1046,1.177
1985-02-04,10.03,10.99,11.35,0.6000000000000014,0.4077,0.1053,1.826
1985-02-05,9.99,10.93,11.3,0.5699999999999985,0.4083,0.1058,1.528
1985-02-06,10.03,11.0,11.4,0.5700000000000003,0.4088,0.1063,1.516
1985-02-07,10.06,11.04,11.41,0.6099999999999977,0.4096,0.107,1.873
1985-02-08,10.03,11.0,11.37,0.6000000000000014,0.41,0.1076,1.766
1985-02-11,10.06,11.05,11.42,0.620000000000001,0.4108,0.1084,1.93
1985-02-13,10.03,11.02,11.39,0.6199999999999992,0.4115,0.1092,1.909
1985-02-14,9.98,10.93,11.29,0.5899999999999999,0.4121,0.1097,1.622
1985-02-15,10.02,10.98,11.38,0.5600000000000005,0.4125,0.1101,1.34
1985-02-19,10.01,10.95,11.37,0.5199999999999996,0.4126,0.1102,0.975
1985-02-20,10.13,11.09,11.52,0.5299999999999994,0.4129,0.1104,1.061
1985-02-21,10.29,11.29,11.64,0.6499999999999986,0.4137,0.1114,2.121
1985-02-22,10.34,11.35,11.76,0.5999999999999996,0.4143,0.112,1.658
1985-02-25,10.36,11.4,11.75,0.6900000000000013,0.4152,0.1133,2.425
1985-02-26,10.36,11.35,11.72,0.6199999999999992,0.4158,0.1139,1.793
1985-02-27,10.56,11.51,11.89,0.5699999999999985,0.4165,0.1143,1.343
1985-02-28,10.66,11.55,11.91,0.5300000000000011,0.4169,0.1145,0.988
1985-03-01,10.73,11.52,11.86,0.4499999999999993,0.4169,0.1145,0.289
1985-03-04,10.78,11.57,11.93,0.4300000000000015,0.4167,0.1145,0.116
1985-03-05,10.71,11.49,11.86,0.41000000000000014,0.4165,0.1144,-0.057
1985-03-06,10.75,11.53,11.92,0.3899999999999988,0.4163,0.1144,-0.23
1985-03-07,10.83,11.61,11.94,0.4499999999999993,0.4164,0.1144,0.294
1985-03-08,10.56,11.37,11.71,0.4699999999999971,0.4165,0.1145,0.467
1985-03-11,10.56,11.38,11.72,0.4800000000000004,0.4166,0.1145,0.554
1985-03-12,10.62,11.45,11.78,0.5,0.4169,0.1146,0.725
1985-03-13,10.79,11.59,11.9,0.4900000000000002,0.4171,0.1147,0.636
1985-03-14,10.86,11.63,11.92,0.4800000000000022,0.4173,0.1148,0.546
1985-03-15,10.82,11.63,11.93,0.5100000000000016,0.4177,0.1149,0.803
1985-03-18,10.89,11.7,12.02,0.48999999999999844,0.4178,0.115,0.628
1985-03-19,10.85,11.67,11.99,0.5,0.418,0.1151,0.712
1985-03-20,10.85,11.62,11.91,0.47999999999999865,0.4182,0.1152,0.536
1985-03-21,10.69,11.48,11.82,0.45000000000000107,0.4184,0.1152,0.274
1985-03-22,10.75,11.55,11.88,0.47000000000000064,0.4187,0.1152,0.445
1985-03-25,10.71,11.53,11.86,0.48999999999999844,0.4191,0.1153,0.615
1985-03-26,10.63,11.45,11.77,0.4999999999999982,0.4196,0.1153,0.697
1985-03-27,10.63,11.49,11.84,0.5099999999999998,0.4204,0.1153,0.777
1985-03-28,10.53,11.38,11.75,0.4800000000000022,0.4208,0.1153,0.513
1985-03-29,10.43,11.29,11.65,0.4999999999999982,0.4213,0.1154,0.682
1985-04-01,10.45,11.28,11.66,0.4499999999999993,0.4215,0.1154,0.247
1985-04-02,10.48,11.33,11.7,0.4800000000000004,0.4219,0.1154,0.503
1985-04-03,10.49,11.34,11.73,0.4599999999999991,0.4222,0.1154,0.328
1985-04-04,10.53,11.35,11.75,0.41999999999999993,0.4222,0.1154,-0.019
1985-04-08,10.49,11.36,11.77,0.4599999999999991,0.4223,0.1155,0.326
1985-04-09,10.38,11.28,11.66,0.5199999999999978,0.4227,0.1156,0.842
1985-04-10,10.31,11.2,11.58,0.509999999999998,0.4231,0.1157,0.751
1985-04-11,10.12,11.05,11.42,0.5600000000000023,0.4235,0.1161,1.176
1985-04-12,10.13,11.05,11.43,0.5400000000000009,0.4237,0.1162,1.001
1985-04-15,10.09,11.02,11.37,0.5800000000000001,0.4244,0.1166,1.334
1985-04-16,9.86,10.8,11.25,0.490000000000002,0.4246,0.1167,0.56
1985-04-17,9.93,10.86,11.29,0.5,0.4248,0.1168,0.644
1985-04-18,9.73,10.69,11.13,0.5199999999999978,0.4251,0.1169,0.812
1985-04-19,9.81,10.69,11.16,0.40999999999999837,0.425,0.1169,-0.128
1985-04-22,9.72,10.67,11.13,0.48999999999999844,0.4255,0.1169,0.552
1985-04-23,9.88,10.79,11.25,0.4499999999999975,0.4257,0.1169,0.208
1985-04-24,9.81,10.77,11.25,0.47999999999999865,0.4259,0.117,0.462
1985-04-25,9.9,10.87,11.37,0.46999999999999886,0.4261,0.117,0.375
1985-04-26,9.88,10.87,11.35,0.509999999999998,0.4265,0.1171,0.713
1985-04-29,9.97,10.96,11.47,0.4800000000000004,0.4269,0.1171,0.453
1985-04-30,9.91,10.91,11.41,0.5,0.4271,0.1172,0.622
1985-05-01,9.82,10.81,11.27,0.5300000000000011,0.4275,0.1174,0.873
1985-05-02,9.86,10.83,11.29,0.5100000000000016,0.428,0.1175,0.698
1985-05-03,9.71,10.74,11.21,0.5599999999999987,0.4285,0.1178,1.116
1985-05-06,9.7,10.71,11.19,0.5300000000000029,0.4289,0.118,0.857
1985-05-07,9.66,10.68,11.17,0.5299999999999994,0.4293,0.1182,0.852
1985-05-08,9.73,10.74,11.26,0.4900000000000002,0.4294,0.1182,0.513
1985-05-09,9.67,10.68,11.2,0.4900000000000002,0.4296,0.1183,0.511
1985-05-10,9.62,10.57,11.04,0.4800000000000022,0.4298,0.1183,0.424
1985-05-13,9.64,10.56,11.04,0.4400000000000013,0.4298,0.1183,0.086
1985-05-14,9.47,10.39,10.87,0.4400000000000013,0.4298,0.1183,0.086
1985-05-15,9.4,10.39,10.89,0.4900000000000002,0.4302,0.1184,0.505
1985-05-16,9.31,10.28,10.81,0.4399999999999977,0.4304,0.1183,0.081
1985-05-17,9.37,10.32,10.84,0.4300000000000015,0.4305,0.1183,-0.004
1985-05-20,9.1,10.04,10.56,0.41999999999999815,0.4304,0.1183,-0.088
1985-05-21,9.11,10.07,10.6,0.4300000000000015,0.4302,0.1183,-0.002
1985-05-22,9.11,10.05,10.62,0.37000000000000277,0.4297,0.1182,-0.505
1985-05-23,9.21,10.11,10.64,0.36999999999999744,0.4292,0.1182,-0.501
1985-05-24,9.13,10.05,10.57,0.40000000000000036,0.4288,0.1182,-0.244
1985-05-28,9.05,9.95,10.43,0.41999999999999815,0.4287,0.1181,-0.074
1985-05-29,9.05,9.9,10.46,0.28999999999999915,0.4281,0.1185,-1.165
1985-05-30,9.03,9.84,10.39,0.2599999999999998,0.4276,0.1189,-1.41
1985-05-31,8.92,9.68,10.28,0.16000000000000014,0.4265,0.1201,-2.219
1985-06-03,8.72,9.5,10.05,0.22999999999999865,0.4254,0.1206,-1.62
1985-06-04,8.68,9.47,10.05,0.21000000000000085,0.4241,0.1212,-1.767
1985-06-05,8.42,9.26,9.83,0.2699999999999996,0.4226,0.1207,-1.264
1985-06-06,8.51,9.33,9.89,0.2599999999999998,0.4212,0.1206,-1.337
1985-06-07,8.82,9.67,10.19,0.33000000000000007,0.4202,0.1203,-0.75
1985-06-10,8.87,9.68,10.16,0.33000000000000007,0.4194,0.1203,-0.743
1985-06-11,8.78,9.63,10.08,0.40000000000000213,0.419,0.1201,-0.158
1985-06-12,8.76,9.65,10.16,0.3800000000000008,0.4187,0.1201,-0.322
1985-06-13,8.76,9.67,10.21,0.3699999999999992,0.4181,0.12,-0.401
1985-06-14,8.45,9.39,9.98,0.3500000000000014,0.4175,0.12,-0.562
1985-06-17,8.48,9.45,9.97,0.4499999999999975,0.4171,0.1197,0.275
1985-06-18,8.37,9.33,9.9,0.39000000000000057,0.4169,0.1197,-0.225
1985-06-19,8.5,9.46,10.04,0.38000000000000256,0.4165,0.1196,-0.305
1985-06-20,8.59,9.51,10.14,0.28999999999999915,0.4158,0.1198,-1.05
1985-06-21,8.8,9.75,10.34,0.35999999999999943,0.4156,0.1199,-0.464
1985-06-24,8.87,9.83,10.45,0.34000000000000163,0.4155,0.1199,-0.63
1985-06-25,8.96,9.95,10.5,0.4399999999999977,0.4156,0.1199,0.204
1985-06-26,8.94,9.97,10.54,0.46000000000000263,0.4158,0.12,0.368
1985-06-27,8.81,9.83,10.39,0.4599999999999991,0.4157,0.1199,0.369
1985-06-28,8.67,9.65,10.25,0.3800000000000008,0.415,0.1196,-0.293
1985-07-01,8.66,9.58,10.19,0.3100000000000005,0.4141,0.1196,-0.87
1985-07-02,8.66,9.61,10.2,0.35999999999999943,0.4133,0.1192,-0.447
1985-07-03,8.66,9.62,10.23,0.34999999999999787,0.4126,0.1191,-0.526
1985-07-05,8.36,9.3,9.93,0.3100000000000023,0.4121,0.1192,-0.857
1985-07-08,8.52,9.41,10.05,0.25,0.4114,0.1197,-1.348
1985-07-09,8.52,9.41,10.05,0.25,0.4107,0.1201,-1.338
1985-07-10,8.55,9.45,10.07,0.2799999999999976,0.4102,0.1204,-1.081
1985-07-11,8.73,9.61,10.22,0.2699999999999978,0.4095,0.1207,-1.156
1985-07-12,8.78,9.63,10.23,0.2500000000000018,0.4088,0.1211,-1.311
1985-07-15,8.76,9.63,10.22,0.28000000000000114,0.4085,0.1213,-1.059
1985-07-16,8.67,9.59,10.15,0.35999999999999943,0.4084,0.1214,-0.399
1985-07-17,8.63,9.54,10.12,0.3299999999999983,0.4085,0.1212,-0.648
1985-07-18,8.76,9.71,10.3,0.3600000000000012,0.4084,0.1213,-0.399
1985-07-19,8.82,9.72,10.34,0.28000000000000114,0.4082,0.1214,-1.056
1985-07-22,8.95,9.87,10.46,0.3299999999999983,0.4084,0.1212,-0.647
1985-07-23,8.97,9.91,10.47,0.379999999999999,0.4088,0.121,-0.238
1985-07-24,8.99,9.92,10.51,0.33999999999999986,0.4092,0.1205,-0.574
1985-07-25,8.96,9.91,10.52,0.33999999999999986,0.4095,0.1203,-0.578
1985-07-26,8.98,9.96,10.59,0.3500000000000014,0.4098,0.12,-0.498
1985-07-29,9.03,10.02,10.67,0.33999999999999986,0.4101,0.1198,-0.585
1985-07-30,9.04,10.02,10.66,0.33999999999999986,0.4102,0.1198,-0.586
1985-07-31,9.01,9.98,10.57,0.3800000000000008,0.4109,0.119,-0.26
1985-08-01,9.04,9.95,10.51,0.34999999999999964,0.4116,0.118,-0.522
1985-08-02,9.15,10.09,10.66,0.3699999999999992,0.4121,0.1176,-0.358
1985-08-05,9.13,10.06,10.64,0.34999999999999964,0.4124,0.1174,-0.532
1985-08-06,9.13,10.08,10.65,0.379999999999999,0.413,0.1168,-0.283
1985-08-07,9.08,10.01,10.55,0.3899999999999988,0.4138,0.1159,-0.205
1985-08-08,8.99,9.91,10.43,0.40000000000000036,0.4146,0.1151,-0.127
1985-08-09,8.95,9.86,10.37,0.40000000000000036,0.4154,0.1143,-0.135
1985-08-12,8.95,9.86,10.38,0.3899999999999988,0.4163,0.1132,-0.232
1985-08-13,8.96,9.92,10.46,0.41999999999999815,0.4173,0.1122,0.024
1985-08-14,8.96,9.84,10.38,0.3399999999999981,0.4178,0.1116,-0.697
1985-08-15,8.96,9.83,10.36,0.33999999999999986,0.4182,0.1111,-0.704
1985-08-16,8.9,9.74,10.26,0.3200000000000003,0.4185,0.1106,-0.891
1985-08-19,8.89,9.74,10.23,0.35999999999999943,0.419,0.1101,-0.536
1985-08-20,8.86,9.7,10.2,0.33999999999999986,0.4195,0.1095,-0.726
1985-08-21,8.82,9.63,10.12,0.32000000000000206,0.4198,0.109,-0.916
1985-08-22,8.81,9.62,10.1,0.3299999999999983,0.4203,0.1085,-0.832
1985-08-23,8.87,9.67,10.14,0.33000000000000007,0.4206,0.108,-0.839
1985-08-26,8.88,9.7,10.18,0.3399999999999981,0.4212,0.1073,-0.757
1985-08-27,8.81,9.65,10.12,0.370000000000001,0.4216,0.1068,-0.483
1985-08-28,8.85,9.63,10.16,0.2500000000000018,0.4217,0.1066,-1.611
1985-08-29,8.81,9.58,10.12,0.23000000000000043,0.4217,0.1066,-1.798
1985-08-30,8.96,9.74,10.28,0.2400000000000002,0.4216,0.1068,-1.7
1985-09-03,8.95,9.71,10.24,0.2300000000000022,0.4215,0.1069,-1.791
1985-09-04,8.85,9.64,10.16,0.27000000000000135,0.4215,0.107,-1.416
1985-09-05,8.92,9.71,10.27,0.2300000000000022,0.4217,0.1065,-1.8
1985-09-06,9.15,9.97,10.5,0.2900000000000009,0.4221,0.1058,-1.249
1985-09-09,9.13,9.97,10.49,0.3200000000000003,0.4226,0.1051,-0.976
1985-09-10,9.1,9.96,10.48,0.34000000000000163,0.423,0.1045,-0.794
1985-09-11,9.13,9.98,10.51,0.3200000000000003,0.4231,0.1044,-0.988
1985-09-12,9.15,9.97,10.52,0.27000000000000135,0.4231,0.1045,-1.465
1985-09-13,9.03,9.87,10.4,0.3099999999999987,0.4229,0.1046,-1.079
1985-09-16,8.99,9.83,10.37,0.3000000000000007,0.4225,0.1049,-1.168
1985-09-17,9.05,9.85,10.41,0.23999999999999844,0.4219,0.1055,-1.724
1985-09-18,9.07,9.87,10.43,0.23999999999999844,0.4213,0.1061,-1.709
1985-09-19,9.13,9.89,10.43,0.22000000000000064,0.421,0.1066,-1.886
1985-09-20,9.01,9.81,10.36,0.2500000000000018,0.421,0.1067,-1.603
1985-09-23,8.89,9.74,10.39,0.1999999999999993,0.4206,0.1072,-2.058
1985-09-24,8.82,9.69,10.33,0.22999999999999865,0.4207,0.1071,-1.781
1985-09-25,8.71,9.59,10.27,0.1999999999999993,0.4202,0.1078,-2.043
1985-09-26,8.72,9.61,10.22,0.2799999999999976,0.42,0.108,-1.296
1985-09-30,8.88,9.73,10.31,0.2699999999999996,0.4196,0.1084,-1.38
1985-10-01,8.83,9.69,10.29,0.2599999999999998,0.4191,0.1088,-1.462
1985-10-02,8.84,9.69,10.3,0.23999999999999844,0.4185,0.1094,-1.632
1985-10-03,8.84,9.69,10.32,0.21999999999999886,0.4177,0.1101,-1.796
1985-10-04,8.84,9.73,10.36,0.26000000000000156,0.4173,0.1105,-1.424
1985-10-07,8.97,9.83,10.42,0.2699999999999996,0.4167,0.1109,-1.323
1985-10-08,8.96,9.81,10.36,0.3000000000000007,0.4163,0.1111,-1.047
1985-10-09,8.97,9.82,10.37,0.3000000000000007,0.4158,0.1113,-1.04
1985-10-10,8.96,9.82,10.35,0.33000000000000007,0.4156,0.1114,-0.768
1985-10-11,8.96,9.82,10.34,0.33999999999999986,0.4156,0.1115,-0.678
1985-10-15,8.94,9.79,10.3,0.3399999999999981,0.4154,0.1116,-0.676
1985-10-16,8.89,9.73,10.25,0.3200000000000003,0.415,0.1117,-0.85
1985-10-17,8.85,9.67,10.21,0.27999999999999936,0.4146,0.112,-1.202
1985-10-18,8.81,9.62,10.17,0.259999999999998,0.4142,0.1124,-1.372
1985-10-21,8.83,9.63,10.18,0.2500000000000018,0.4138,0.1128,-1.452
1985-10-22,8.8,9.6,10.12,0.27999999999999936,0.4135,0.1131,-1.18
1985-10-23,8.84,9.62,10.14,0.259999999999998,0.4129,0.1135,-1.347
1985-10-24,8.9,9.64,10.15,0.23000000000000043,0.4121,0.1141,-1.596
1985-10-25,8.88,9.67,10.21,0.24999999999999822,0.4117,0.1144,-1.413
1985-10-28,8.91,9.75,10.28,0.3100000000000005,0.4117,0.1145,-0.888
1985-10-29,8.82,9.61,10.11,0.28999999999999915,0.4113,0.1147,-1.058
1985-10-30,8.68,9.45,9.97,0.24999999999999822,0.4111,0.1149,-1.402
1985-10-31,8.7,9.47,10.01,0.2300000000000022,0.411,0.1151,-1.573
1985-11-01,8.7,9.45,9.98,0.21999999999999886,0.4105,0.1156,-1.648
1985-11-04,8.71,9.44,9.98,0.18999999999999773,0.4099,0.1164,-1.889
1985-11-05,8.69,9.39,9.93,0.16000000000000192,0.4092,0.1173,-2.124
1985-11-06,8.67,9.38,9.93,0.16000000000000192,0.4084,0.1184,-2.098
1985-11-07,8.67,9.38,9.91,0.1800000000000015,0.4079,0.119,-1.915
1985-11-08,8.57,9.3,9.84,0.19000000000000128,0.4074,0.1197,-1.816
1985-11-12,8.53,9.2,9.74,0.129999999999999,0.4067,0.1207,-2.292
1985-11-13,8.58,9.28,9.78,0.1999999999999993,0.4059,0.1214,-1.696
1985-11-14,8.63,9.33,9.84,0.1899999999999995,0.4052,0.1222,-1.761
1985-11-15,8.66,9.39,9.92,0.20000000000000107,0.4046,0.1228,-1.666
1985-11-18,8.51,9.22,9.72,0.21000000000000085,0.4038,0.1234,-1.571
1985-11-19,8.52,9.2,9.73,0.14999999999999858,0.4027,0.1244,-2.031
1985-11-20,8.54,9.22,9.72,0.1800000000000015,0.4015,0.1252,-1.769
1985-11-21,8.51,9.17,9.58,0.25,0.4004,0.1253,-1.2
1985-11-22,8.52,9.22,9.66,0.26000000000000156,0.3994,0.1253,-1.113
1985-11-25,8.52,9.23,9.68,0.26000000000000156,0.3983,0.1253,-1.104
1985-11-26,8.53,9.24,9.68,0.27000000000000135,0.3975,0.1255,-1.016
1985-11-27,8.52,9.12,9.64,0.0799999999999983,0.3959,0.127,-2.487
1985-11-29,8.46,9.07,9.59,0.08999999999999986,0.3944,0.1284,-2.371
1985-12-02,8.54,9.14,9.69,0.05000000000000249,0.3927,0.13,-2.636
1985-12-03,8.52,9.15,9.68,0.10000000000000142,0.3911,0.1311,-2.22
1985-12-04,8.49,9.1,9.63,0.0799999999999983,0.3901,0.1325,-2.34
1985-12-05,8.47,9.1,9.62,0.10999999999999943,0.3891,0.1337,-2.088
1985-12-06,8.47,9.12,9.65,0.11999999999999744,0.3879,0.1347,-1.989
1985-12-09,8.35,8.98,9.49,0.120000000000001,0.3868,0.1358,-1.965
1985-12-10,8.23,8.83,9.36,0.07000000000000028,0.3857,0.1372,-2.301
1985-12-11,8.0,8.64,9.2,0.08000000000000185,0.3846,0.1386,-2.198
1985-12-12,8.07,8.72,9.27,0.10000000000000142,0.3835,0.1397,-2.029
1985-12-13,7.97,8.63,9.21,0.08000000000000185,0.3822,0.141,-2.143
1985-12-16,8.0,8.62,9.16,0.0799999999999983,0.381,0.1423,-2.115
1985-12-17,7.94,8.48,9.04,-0.019999999999999574,0.3794,0.1445,-2.764
1985-12-18,8.04,8.57,9.11,-0.00999999999999801,0.3778,0.1466,-2.645
1985-12-19,8.0,8.58,9.1,0.0600000000000005,0.3763,0.1479,-2.139
1985-12-20,8.01,8.52,9.04,-0.009999999999999787,0.3746,0.1499,-2.566
1985-12-23,8.01,8.56,9.08,0.030000000000001137,0.3729,0.1513,-2.266
1985-12-24,8.02,8.56,9.07,0.030000000000001137,0.371,0.1526,-2.235
1985-12-26,7.99,8.52,9.04,0.009999999999999787,0.3691,0.1541,-2.33
1985-12-27,7.99,8.5,8.99,0.019999999999999574,0.3673,0.1555,-2.233
1985-12-30,7.99,8.49,9.01,-0.019999999999999574,0.3652,0.1572,-2.45
1985-12-31,7.98,8.49,9.0,0.0,0.363,0.1584,-2.292
1986-01-02,8.02,8.51,9.04,-0.03999999999999915,0.3607,0.16,-2.504
1986-01-03,8.03,8.52,9.05,-0.040000000000000924,0.3584,0.1615,-2.467
1986-01-06,8.04,8.54,9.07,-0.030000000000001137,0.356,0.1627,-2.372
1986-01-07,7.97,8.44,8.94,-0.02999999999999936,0.3535,0.1639,-2.34
1986-01-08,8.09,8.58,9.13,-0.0600000000000005,0.3504,0.1644,-2.496
1986-01-09,8.27,8.78,9.27,0.019999999999999574,0.3482,0.165,-1.989
1986-01-10,8.36,8.89,9.39,0.030000000000001137,0.3458,0.1653,-1.91
1986-01-13,8.38,9.0,9.49,0.129999999999999,0.3437,0.1646,-1.298
1986-01-14,8.33,8.93,9.43,0.09999999999999964,0.3415,0.1642,-1.471
1986-01-15,8.24,8.82,9.31,0.08999999999999986,0.3394,0.1639,-1.522
1986-01-16,8.21,8.79,9.3,0.06999999999999673,0.3372,0.1638,-1.631
1986-01-17,8.19,8.74,9.24,0.05000000000000071,0.335,0.1639,-1.739
1986-01-21,8.2,8.74,9.22,0.0600000000000005,0.3329,0.164,-1.664
1986-01-22,8.19,8.77,9.28,0.07000000000000028,0.331,0.1643,-1.589
1986-01-23,8.17,8.74,9.23,0.08000000000000007,0.3292,0.1646,-1.514
1986-01-24,8.13,8.74,9.23,0.11999999999999922,0.3276,0.1646,-1.261
1986-01-27,8.07,8.63,9.13,0.0600000000000005,0.326,0.1652,-1.61
1986-01-28,8.02,8.53,9.05,-0.010000000000001563,0.324,0.1663,-2.008
1986-01-29,8.05,8.56,9.09,-0.019999999999999574,0.3222,0.1675,-2.043
1986-01-30,8.04,8.57,9.1,1.7763568394002505e-15,0.3205,0.1686,-1.901
1986-01-31,7.99,8.53,9.08,-0.010000000000001563,0.3187,0.1697,-1.937
1986-02-03,7.97,8.5,9.02,0.010000000000001563,0.3167,0.1704,-1.8
1986-02-04,7.94,8.44,8.96,-0.020000000000003126,0.3147,0.1714,-1.953
1986-02-05,7.99,8.51,8.97,0.05999999999999872,0.3129,0.1716,-1.474
1986-02-06,8.02,8.54,9.03,0.02999999999999936,0.3111,0.1722,-1.632
1986-02-07,8.15,8.62,9.11,-0.02000000000000135,0.3089,0.1729,-1.902
1986-02-10,8.08,8.54,9.0,-1.7763568394002505e-15,0.3065,0.173,-1.772
1986-02-11,8.04,8.47,8.93,-0.029999999999997584,0.3042,0.1735,-1.926
1986-02-12,8.08,8.46,8.91,-0.06999999999999851,0.3016,0.1743,-2.132
1986-02-13,8.06,8.43,8.85,-0.05000000000000071,0.299,0.1746,-1.999
1986-02-14,7.99,8.29,8.68,-0.09000000000000163,0.2963,0.1753,-2.204
1986-02-18,7.96,8.28,8.64,-0.0400000000000027,0.2937,0.1754,-1.903
1986-02-19,8.06,8.37,8.7,-0.02000000000000135,0.2911,0.1752,-1.776
1986-02-20,8.05,8.39,8.67,0.0600000000000005,0.289,0.1748,-1.31
1986-02-21,7.93,8.24,8.48,0.07000000000000028,0.2871,0.1745,-1.244
1986-02-24,7.86,8.2,8.39,0.14999999999999858,0.2856,0.1741,-0.779
1986-02-25,7.89,8.21,8.4,0.13000000000000078,0.284,0.1737,-0.887
1986-02-26,7.88,8.07,8.36,-0.09999999999999787,0.281,0.1738,-2.192
1986-02-27,7.72,7.91,8.15,-0.049999999999998934,0.2785,0.1739,-1.889
1986-02-28,7.71,7.91,8.13,-0.02000000000000135,0.2756,0.173,-1.709
1986-03-03,7.55,7.76,7.99,-0.020000000000000462,0.2731,0.1726,-1.698
1986-03-04,7.38,7.55,7.93,-0.20999999999999996,0.27,0.1742,-2.755
1986-03-05,7.54,7.76,8.12,-0.13999999999999968,0.2673,0.1753,-2.323
1986-03-06,7.38,7.68,8.04,-0.05999999999999961,0.2653,0.1762,-1.846
1986-03-07,7.29,7.56,7.96,-0.13000000000000078,0.2631,0.1776,-2.213
1986-03-10,7.16,7.41,7.76,-0.09999999999999964,0.2611,0.1788,-2.02
1986-03-11,7.15,7.35,7.7,-0.15000000000000124,0.2589,0.1805,-2.265
1986-03-12,7.17,7.37,7.68,-0.10999999999999943,0.2567,0.1816,-2.019
1986-03-13,7.21,7.46,7.75,-0.040000000000000036,0.2547,0.182,-1.619
1986-03-14,7.18,7.4,7.72,-0.09999999999999876,0.2524,0.1828,-1.928
1986-03-17,7.22,7.42,7.77,-0.14999999999999947,0.2498,0.1839,-2.174
1986-03-18,7.23,7.48,7.83,-0.09999999999999964,0.2475,0.1846,-1.882
1986-03-19,7.17,7.46,7.82,-0.07000000000000028,0.2453,0.1851,-1.703
1986-03-20,7.17,7.45,7.78,-0.04999999999999982,0.2431,0.1853,-1.582
1986-03-21,7.19,7.47,7.8,-0.05000000000000071,0.2409,0.1855,-1.568
1986-03-24,7.11,7.4,7.7,-0.009999999999999787,0.2389,0.1855,-1.342
1986-03-25,7.12,7.39,7.7,-0.040000000000000924,0.2368,0.1857,-1.491
1986-03-26,7.11,7.36,7.64,-0.02999999999999936,0.2349,0.1859,-1.425
1986-03-27,7.04,7.28,7.49,0.03000000000000025,0.2332,0.1858,-1.094
1986-03-31,6.92,7.19,7.39,0.07000000000000117,0.2315,0.1853,-0.872
1986-04-01,6.89,7.18,7.37,0.09999999999999964,0.2299,0.1848,-0.703
1986-04-02,6.9,7.21,7.33,0.1899999999999995,0.2287,0.1839,-0.21
1986-04-03,6.94,7.29,7.41,0.22999999999999954,0.2277,0.1832,0.013
1986-04-04,6.85,7.22,7.45,0.13999999999999968,0.2262,0.1825,-0.472
1986-04-07,6.82,7.19,7.43,0.13000000000000078,0.225,0.182,-0.522
1986-04-08,6.7,7.07,7.31,0.13000000000000078,0.2236,0.1814,-0.516
1986-04-09,6.58,6.99,7.27,0.13000000000000078,0.2223,0.1809,-0.51
1986-04-10,6.58,6.95,7.23,0.08999999999999986,0.221,0.1807,-0.725
1986-04-11,6.65,7.0,7.29,0.05999999999999961,0.2194,0.1803,-0.884
1986-04-14,6.53,6.89,7.19,0.05999999999999872,0.2175,0.1796,-0.877
1986-04-15,6.53,6.88,7.22,0.009999999999999787,0.2156,0.1791,-1.148
1986-04-16,6.39,6.68,6.98,-0.010000000000000675,0.2133,0.1783,-1.252
1986-04-17,6.44,6.75,7.03,0.02999999999999936,0.2113,0.1775,-1.021
1986-04-18,6.44,6.78,7.09,0.03000000000000025,0.2091,0.1763,-1.016
1986-04-21,6.46,6.75,7.04,0.0,0.2071,0.1759,-1.177
1986-04-22,6.58,6.93,7.25,0.02999999999999936,0.2053,0.1753,-1.0
1986-04-23,6.67,7.11,7.36,0.1900000000000004,0.204,0.1742,-0.08
1986-04-24,6.89,7.31,7.51,0.21999999999999975,0.2032,0.1737,0.097
1986-04-25,6.91,7.39,7.58,0.28999999999999915,0.2024,0.1728,0.507
1986-04-28,6.86,7.27,7.48,0.1999999999999984,0.2014,0.1721,-0.008
1986-04-29,6.85,7.17,7.38,0.11000000000000032,0.2,0.1713,-0.525
1986-04-30,6.83,7.17,7.38,0.1299999999999999,0.1986,0.1705,-0.402
1986-05-01,6.85,7.2,7.45,0.10000000000000053,0.197,0.1695,-0.572
1986-05-02,6.88,7.23,7.51,0.07000000000000117,0.1954,0.1687,-0.743
1986-05-05,6.82,7.17,7.45,0.0699999999999994,0.1937,0.1678,-0.737
1986-05-06,6.82,7.16,7.46,0.040000000000000036,0.1917,0.1667,-0.91
1986-05-07,6.83,7.21,7.43,0.16000000000000014,0.1903,0.1655,-0.183
1986-05-08,6.78,7.17,7.4,0.15999999999999925,0.1887,0.1638,-0.175
1986-05-09,6.85,7.25,7.48,0.16999999999999993,0.1873,0.1624,-0.107
1986-05-12,6.98,7.41,7.67,0.16999999999999993,0.1859,0.161,-0.099
1986-05-13,7.0,7.46,7.63,0.29000000000000004,0.1851,0.16,0.656
1986-05-14,7.0,7.48,7.66,0.3000000000000007,0.1843,0.159,0.728
1986-05-15,7.16,7.67,7.79,0.3899999999999997,0.184,0.1584,1.301
1986-05-16,7.32,7.89,7.99,0.46999999999999886,0.1841,0.1586,1.803
1986-05-19,7.28,7.87,7.98,0.4800000000000004,0.1842,0.1589,1.862
1986-05-20,7.23,7.8,7.88,0.4899999999999993,0.1842,0.1589,1.924
1986-05-21,7.2,7.76,7.9,0.41999999999999993,0.1842,0.1587,1.486
1986-05-22,7.2,7.76,7.88,0.4400000000000004,0.1842,0.1588,1.611
1986-05-23,7.19,7.73,7.84,0.4299999999999997,0.1842,0.1589,1.547
1986-05-27,7.14,7.65,7.73,0.4299999999999997,0.1842,0.1589,1.547
1986-05-28,7.17,7.55,7.73,0.1999999999999993,0.1836,0.1584,0.104
1986-05-29,7.35,7.78,7.99,0.22000000000000064,0.183,0.158,0.234
1986-05-30,7.36,7.82,8.05,0.23000000000000043,0.1823,0.1574,0.303
1986-06-02,7.5,8.05,8.32,0.28000000000000114,0.1817,0.1569,0.627
1986-06-03,7.49,7.99,8.19,0.3000000000000007,0.1818,0.1569,0.753
1986-06-04,7.63,8.17,8.39,0.3200000000000003,0.182,0.157,0.879
1986-06-05,7.54,8.1,8.31,0.34999999999999964,0.1828,0.1574,1.062
1986-06-06,7.27,7.78,7.95,0.34000000000000075,0.1832,0.1577,0.994
1986-06-09,7.39,7.94,8.13,0.3600000000000012,0.1838,0.1581,1.114
1986-06-10,7.38,7.92,8.07,0.39000000000000057,0.1843,0.1585,1.298
1986-06-11,7.39,7.9,8.01,0.40000000000000036,0.1848,0.159,1.353
1986-06-12,7.31,7.83,7.98,0.370000000000001,0.185,0.1592,1.162
1986-06-13,7.15,7.57,7.73,0.2599999999999998,0.1847,0.159,0.474
1986-06-16,7.1,7.47,7.63,0.20999999999999996,0.184,0.1584,0.164
1986-06-17,7.08,7.45,7.63,0.1900000000000004,0.1832,0.1579,0.043
1986-06-18,7.01,7.41,7.57,0.2400000000000002,0.1827,0.1575,0.364
1986-06-19,7.1,7.49,7.69,0.1900000000000004,0.1821,0.1572,0.05
1986-06-20,7.06,7.45,7.6,0.2400000000000011,0.1812,0.1563,0.376
1986-06-23,7.03,7.42,7.55,0.2599999999999998,0.1807,0.1558,0.509
1986-06-24,6.98,7.35,7.47,0.2499999999999991,0.1802,0.1554,0.449
1986-06-25,6.91,7.31,7.42,0.28999999999999915,0.1802,0.1554,0.707
1986-06-26,6.91,7.29,7.42,0.25,0.1798,0.155,0.453
1986-06-27,6.84,7.27,7.38,0.3199999999999994,0.1797,0.1549,0.906
1986-06-30,6.81,7.23,7.35,0.3000000000000016,0.1791,0.1543,0.784
1986-07-01,6.8,7.23,7.37,0.2900000000000009,0.1785,0.1534,0.727
1986-07-02,6.81,7.23,7.37,0.28000000000000114,0.1777,0.1525,0.671
1986-07-03,6.71,7.15,7.31,0.28000000000000114,0.1773,0.1521,0.675
1986-07-07,6.7,7.14,7.31,0.2699999999999996,0.1772,0.152,0.611
1986-07-08,6.84,7.26,7.44,0.23999999999999932,0.1767,0.1516,0.418
1986-07-09,6.73,7.14,7.31,0.23999999999999932,0.1763,0.1512,0.421
1986-07-10,6.73,7.12,7.31,0.20000000000000018,0.1758,0.151,0.16
1986-07-11,6.6,7.0,7.3,0.10000000000000053,0.1752,0.151,-0.498
1986-07-14,6.58,6.97,7.25,0.10999999999999943,0.1747,0.151,-0.428
1986-07-15,6.56,6.91,7.16,0.10000000000000053,0.174,0.1509,-0.49
1986-07-16,6.59,6.9,7.2,0.010000000000000675,0.1729,0.1512,-1.077
1986-07-17,6.61,6.91,7.18,0.03000000000000025,0.1721,0.1513,-0.939
1986-07-18,6.56,6.88,7.16,0.040000000000000036,0.1711,0.1514,-0.866
1986-07-21,6.56,6.88,7.14,0.0600000000000005,0.1699,0.1511,-0.727
1986-07-22,6.6,6.93,7.2,0.05999999999999961,0.1688,0.1509,-0.721
1986-07-23,6.63,7.04,7.29,0.16000000000000014,0.1681,0.1504,-0.054
1986-07-24,6.67,7.12,7.35,0.22000000000000064,0.1678,0.1503,0.347
1986-07-25,6.67,7.09,7.33,0.17999999999999972,0.1672,0.15,0.085
1986-07-28,6.76,7.23,7.53,0.17000000000000082,0.1664,0.1494,0.024
1986-07-29,6.71,7.13,7.41,0.13999999999999968,0.1656,0.149,-0.172
1986-07-30,6.67,7.1,7.41,0.11999999999999922,0.1647,0.1486,-0.301
1986-07-31,6.57,7.02,7.34,0.129999999999999,0.1638,0.1481,-0.228
1986-08-01,6.56,7.02,7.34,0.13999999999999968,0.1631,0.1477,-0.156
1986-08-04,6.56,7.01,7.33,0.1299999999999999,0.1622,0.1473,-0.219
1986-08-05,6.58,7.07,7.39,0.17000000000000082,0.1614,0.1467,0.059
1986-08-06,6.61,7.13,7.47,0.17999999999999972,0.1607,0.1462,0.132
1986-08-07,6.61,7.1,7.45,0.1399999999999988,0.1598,0.1456,-0.136
1986-08-08,6.54,6.97,7.3,0.09999999999999964,0.1588,0.1451,-0.405
1986-08-11,6.51,6.9,7.25,0.040000000000000924,0.1575,0.1446,-0.813
1986-08-12,6.46,6.89,7.23,0.08999999999999897,0.1563,0.144,-0.46
1986-08-13,6.37,6.83,7.15,0.13999999999999968,0.1552,0.1431,-0.106
1986-08-14,6.39,6.89,7.16,0.22999999999999954,0.1546,0.1424,0.529
1986-08-15,6.36,6.83,7.14,0.16000000000000014,0.1537,0.1416,0.044
1986-08-18,6.37,6.83,7.14,0.15000000000000036,0.1526,0.1406,-0.018
1986-08-19,6.29,6.7,7.02,0.09000000000000075,0.1516,0.1401,-0.44
1986-08-20,6.17,6.65,7.0,0.13000000000000078,0.1508,0.1396,-0.149
1986-08-21,6.08,6.62,6.96,0.20000000000000018,0.1503,0.1393,0.357
1986-08-22,6.14,6.68,7.07,0.14999999999999947,0.1494,0.1386,0.004
1986-08-25,6.1,6.65,7.06,0.14000000000000146,0.1487,0.1381,-0.063
1986-08-26,6.02,6.63,6.97,0.27000000000000046,0.1485,0.1379,0.881
1986-08-27,6.12,6.53,7.06,-0.11999999999999922,0.1467,0.1385,-1.926
1986-08-28,6.07,6.52,7.04,-0.07000000000000117,0.1451,0.1386,-1.552
1986-08-29,5.94,6.4,6.95,-0.08999999999999986,0.1434,0.1389,-1.68
1986-09-02,5.99,6.45,7.03,-0.1200000000000001,0.1414,0.1391,-1.879
1986-09-03,6.14,6.64,7.2,-0.0600000000000005,0.1402,0.1395,-1.435
1986-09-04,6.11,6.63,7.15,-8.881784197001252e-16,0.1393,0.1397,-0.997
1986-09-05,6.25,6.81,7.32,0.049999999999998934,0.1385,0.1397,-0.634
1986-09-08,6.3,6.89,7.38,0.09999999999999964,0.138,0.1396,-0.272
1986-09-09,6.3,6.88,7.35,0.11000000000000032,0.1374,0.1393,-0.197
1986-09-10,6.27,6.85,7.35,0.08000000000000007,0.1368,0.1392,-0.408
1986-09-11,6.43,7.07,7.57,0.14000000000000057,0.1362,0.1389,0.027
1986-09-12,6.43,7.09,7.63,0.1200000000000001,0.1354,0.1384,-0.111
1986-09-15,6.39,7.0,7.53,0.08000000000000007,0.1344,0.1379,-0.394
1986-09-16,6.38,6.99,7.53,0.07000000000000028,0.1334,0.1374,-0.461
1986-09-17,6.37,6.93,7.46,0.02999999999999936,0.1324,0.1373,-0.746
1986-09-18,6.47,7.02,7.62,-0.05000000000000071,0.131,0.1373,-1.318
1986-09-19,6.52,7.1,7.67,0.009999999999999787,0.1298,0.1371,-0.874
1986-09-22,6.49,7.06,7.62,0.009999999999998899,0.1289,0.1371,-0.867
1986-09-23,6.46,7.03,7.58,0.020000000000000462,0.1281,0.1371,-0.788
1986-09-24,6.37,6.94,7.48,0.03000000000000025,0.1273,0.1371,-0.71
1986-09-25,6.37,6.94,7.47,0.040000000000000924,0.1265,0.137,-0.631
1986-09-26,6.39,6.96,7.47,0.0600000000000005,0.1259,0.137,-0.481
1986-09-29,6.46,7.04,7.54,0.08000000000000007,0.1253,0.1369,-0.331
1986-09-30,6.38,6.98,7.45,0.13000000000000078,0.125,0.1368,0.037
1986-10-01,6.36,6.93,7.41,0.08999999999999897,0.1243,0.1365,-0.251
1986-10-02,6.38,6.95,7.45,0.07000000000000028,0.1235,0.1362,-0.393
1986-10-03,6.16,6.74,7.31,0.010000000000000675,0.1225,0.1361,-0.827
1986-10-06,6.14,6.71,7.28,0.0,0.1215,0.1361,-0.893
1986-10-07,6.13,6.71,7.28,0.009999999999999787,0.1207,0.1362,-0.813
1986-10-08,6.11,6.71,7.31,0.0,0.1197,0.1361,-0.88
1986-10-09,6.15,6.73,7.33,-0.019999999999999574,0.1185,0.136,-1.018
1986-10-10,6.16,6.73,7.36,-0.05999999999999961,0.1171,0.136,-1.302
1986-10-14,6.26,6.82,7.49,-0.10999999999999943,0.1155,0.1363,-1.654
1986-10-15,6.27,6.87,7.51,-0.03999999999999915,0.114,0.1359,-1.133
1986-10-16,6.29,6.87,7.53,-0.08000000000000007,0.1123,0.1357,-1.417
1986-10-17,6.38,6.94,7.57,-0.0699999999999994,0.1107,0.1355,-1.334
1986-10-20,6.47,7.05,7.66,-0.03000000000000025,0.1093,0.1351,-1.031
1986-10-21,6.4,6.96,7.57,-0.05000000000000071,0.108,0.135,-1.17
1986-10-22,6.34,6.91,7.49,-0.009999999999999787,0.1069,0.1349,-0.867
1986-10-23,6.31,6.82,7.43,-0.09999999999999876,0.1056,0.1352,-1.521
1986-10-24,6.35,6.86,7.47,-0.09999999999999876,0.104,0.1354,-1.507
1986-10-27,6.32,6.82,7.42,-0.09999999999999964,0.1026,0.1356,-1.494
1986-10-28,6.34,6.85,7.45,-0.09000000000000075,0.1013,0.1359,-1.408
1986-10-29,6.32,6.82,7.41,-0.08999999999999986,0.1,0.1361,-1.396
1986-10-30,6.24,6.75,7.31,-0.04999999999999982,0.0986,0.1358,-1.094
1986-10-31,6.26,6.76,7.34,-0.08000000000000007,0.0971,0.1357,-1.305
1986-11-03,6.21,6.71,7.29,-0.08000000000000007,0.0958,0.1358,-1.295
1986-11-04,6.23,6.71,7.31,-0.1200000000000001,0.0944,0.1363,-1.573
1986-11-05,6.26,6.72,7.24,-0.0600000000000005,0.0933,0.1364,-1.124
1986-11-06,6.29,6.79,7.32,-0.03000000000000025,0.0924,0.1364,-0.897
1986-11-07,6.35,6.86,7.4,-0.02999999999999936,0.0917,0.1366,-0.891
1986-11-10,6.42,6.89,7.38,-0.020000000000000462,0.091,0.1367,-0.812
1986-11-12,6.38,6.87,7.35,0.010000000000000675,0.0903,0.1367,-0.587
1986-11-13,6.35,6.83,7.33,-0.019999999999999574,0.0894,0.1367,-0.8
1986-11-14,6.33,6.81,7.29,-8.881784197001252e-16,0.0889,0.1368,-0.65
1986-11-17,6.32,6.77,7.22,-8.881784197001252e-16,0.0881,0.1367,-0.644
1986-11-18,6.32,6.79,7.27,-0.009999999999999787,0.0873,0.1367,-0.712
1986-11-19,6.21,6.73,7.19,0.0600000000000005,0.0868,0.1366,-0.196
1986-11-20,6.26,6.74,7.19,0.03000000000000025,0.0861,0.1364,-0.411
1986-11-21,6.21,6.72,7.17,0.05999999999999961,0.0857,0.1363,-0.189
1986-11-24,6.19,6.69,7.11,0.08000000000000007,0.0853,0.1362,-0.039
1986-11-25,6.23,6.66,7.15,-0.0600000000000005,0.0841,0.1361,-1.059
1986-11-26,6.21,6.65,7.15,-0.05999999999999961,0.0828,0.1359,-1.051
1986-11-28,6.21,6.65,7.15,-0.05999999999999961,0.0815,0.1358,-1.042
1986-12-01,6.25,6.69,7.18,-0.049999999999998934,0.0803,0.1355,-0.962
1986-12-02,6.22,6.61,7.08,-0.07999999999999918,0.0796,0.1359,-1.174
1986-12-03,6.17,6.58,7.06,-0.0699999999999994,0.079,0.1362,-1.094
1986-12-04,6.15,6.53,7.01,-0.09999999999999964,0.0784,0.1367,-1.305
1986-12-05,6.24,6.65,7.12,-0.05999999999999961,0.0778,0.1369,-1.007
1986-12-08,6.24,6.61,7.1,-0.11999999999999922,0.077,0.1375,-1.433
1986-12-09,6.21,6.6,7.07,-0.08000000000000096,0.0762,0.1378,-1.134
1986-12-10,6.19,6.58,7.05,-0.08000000000000007,0.0754,0.1382,-1.124
1986-12-11,6.24,6.64,7.12,-0.08000000000000096,0.0746,0.1385,-1.116
1986-12-12,6.24,6.66,7.13,-0.04999999999999982,0.0742,0.1387,-0.895
1986-12-15,6.29,6.69,7.15,-0.05999999999999961,0.0736,0.139,-0.961
1986-12-16,6.29,6.67,7.12,-0.07000000000000028,0.0729,0.1392,-1.027
1986-12-17,6.31,6.68,7.12,-0.07000000000000028,0.0723,0.1395,-1.02
1986-12-18,6.31,6.69,7.11,-0.03999999999999915,0.0719,0.1397,-0.801
1986-12-19,6.29,6.69,7.1,-0.009999999999998899,0.0719,0.1397,-0.586
1986-12-22,6.3,6.69,7.1,-0.019999999999998685,0.0719,0.1397,-0.658
1986-12-23,6.3,6.68,7.08,-0.020000000000000462,0.0715,0.1398,-0.655
1986-12-24,6.3,6.68,7.07,-0.010000000000000675,0.0715,0.1398,-0.583
1986-12-26,6.3,6.69,7.08,8.881784197001252e-16,0.0714,0.1399,-0.51
1986-12-29,6.37,6.78,7.17,0.020000000000000462,0.0714,0.1399,-0.367
1986-12-30,6.42,6.82,7.23,-0.009999999999999787,0.0713,0.1399,-0.581
1986-12-31,6.35,6.81,7.23,0.03999999999999915,0.0714,0.1399,-0.224
1987-01-02,6.3,6.75,7.18,0.020000000000000462,0.0715,0.1398,-0.368
1987-01-05,6.24,6.67,7.08,0.019999999999999574,0.0716,0.1398,-0.369
1987-01-06,6.25,6.67,7.08,0.009999999999999787,0.0718,0.1397,-0.442
1987-01-07,6.22,6.65,7.05,0.030000000000001137,0.0721,0.1395,-0.302
1987-01-08,6.2,6.6,7.04,-0.040000000000000924,0.0721,0.1395,-0.804
1987-01-09,6.19,6.58,7.01,-0.040000000000000036,0.072,0.1396,-0.802
1987-01-12,6.2,6.61,7.05,-0.02999999999999936,0.0721,0.1395,-0.732
1987-01-13,6.22,6.64,7.1,-0.040000000000000036,0.0719,0.1396,-0.802
1987-01-14,6.24,6.67,7.11,-0.010000000000000675,0.0717,0.1397,-0.585
1987-01-15,6.22,6.64,7.08,-0.020000000000000462,0.0712,0.1398,-0.652
1987-01-16,6.22,6.6,7.03,-0.05000000000000071,0.0706,0.1399,-0.862
1987-01-20,6.17,6.57,7.01,-0.03999999999999915,0.07,0.1401,-0.785
1987-01-21,6.17,6.57,7.01,-0.03999999999999915,0.0696,0.1403,-0.781
1987-01-22,6.17,6.57,7.03,-0.05999999999999961,0.0692,0.1405,-0.92
1987-01-23,6.2,6.59,7.06,-0.08000000000000007,0.0686,0.1408,-1.055
1987-01-26,6.26,6.67,7.17,-0.08999999999999986,0.068,0.1412,-1.119
1987-01-27,6.24,6.66,7.16,-0.08000000000000007,0.0673,0.1415,-1.041
1987-01-28,6.24,6.63,7.13,-0.11000000000000032,0.0664,0.1419,-1.243
1987-01-29,6.24,6.65,7.13,-0.0699999999999994,0.0659,0.1422,-0.956
1987-01-30,6.33,6.71,7.18,-0.08999999999999986,0.0656,0.1424,-1.093
1987-02-02,6.36,6.75,7.23,-0.09000000000000075,0.0653,0.1426,-1.089
1987-02-03,6.38,6.77,7.25,-0.09000000000000075,0.065,0.1429,-1.085
1987-02-04,6.38,6.76,7.23,-0.09000000000000075,0.0646,0.1432,-1.08
1987-02-05,6.33,6.7,7.2,-0.1299999999999999,0.0641,0.1437,-1.351
1987-02-06,6.38,6.73,7.19,-0.10999999999999943,0.0637,0.144,-1.206
1987-02-09,6.45,6.79,7.25,-0.1200000000000001,0.063,0.1444,-1.267
1987-02-10,6.49,6.89,7.33,-0.040000000000000924,0.0627,0.1446,-0.71
1987-02-11,6.58,6.96,7.37,-0.03000000000000025,0.0627,0.1446,-0.641
1987-02-12,6.47,6.92,7.31,0.0600000000000005,0.0629,0.1445,-0.02
1987-02-13,6.43,6.83,7.28,-0.04999999999999982,0.0629,0.1446,-0.781
1987-02-17,6.48,6.87,7.33,-0.07000000000000028,0.0629,0.1446,-0.919
1987-02-18,6.43,6.84,7.3,-0.04999999999999982,0.0629,0.1446,-0.781
1987-02-19,6.33,6.76,7.23,-0.040000000000000924,0.0631,0.1444,-0.714
1987-02-20,6.33,6.78,7.24,-0.009999999999999787,0.0632,0.1444,-0.507
1987-02-23,6.35,6.78,7.23,-0.019999999999999574,0.0632,0.1444,-0.576
1987-02-24,6.32,6.75,7.18,0.0,0.0629,0.1444,-0.436
1987-02-25,6.37,6.72,7.21,-0.14000000000000057,0.0621,0.145,-1.394
1987-02-26,6.35,6.74,7.21,-0.07999999999999918,0.0612,0.1451,-0.973
1987-02-27,6.35,6.71,7.19,-0.1200000000000001,0.0602,0.1455,-1.238
1987-03-02,6.34,6.69,7.17,-0.129999999999999,0.0601,0.1457,-1.305
1987-03-03,6.37,6.72,7.21,-0.14000000000000057,0.0597,0.146,-1.368
1987-03-04,6.32,6.66,7.14,-0.13999999999999968,0.0592,0.1465,-1.36
1987-03-05,6.35,6.69,7.16,-0.129999999999999,0.0588,0.1469,-1.285
1987-03-06,6.42,6.77,7.23,-0.11000000000000121,0.0592,0.1463,-1.157
1987-03-09,6.43,6.78,7.23,-0.09999999999999964,0.0594,0.1461,-1.091
1987-03-10,6.44,6.78,7.23,-0.11000000000000032,0.0592,0.1463,-1.157
1987-03-11,6.44,6.78,7.23,-0.11000000000000032,0.0592,0.1462,-1.157
1987-03-12,6.43,6.78,7.22,-0.08999999999999897,0.0593,0.1462,-1.021
1987-03-13,6.39,6.75,7.19,-0.08000000000000007,0.0596,0.1458,-0.957
1987-03-16,6.41,6.77,7.22,-0.09000000000000075,0.0596,0.1458,-1.026
1987-03-17,6.42,6.75,7.2,-0.1200000000000001,0.0593,0.1461,-1.227
1987-03-18,6.4,6.76,7.21,-0.09000000000000075,0.0594,0.146,-1.023
1987-03-19,6.38,6.75,7.21,-0.08999999999999986,0.0596,0.1457,-1.027
1987-03-20,6.4,6.77,7.22,-0.08000000000000096,0.0597,0.1456,-0.959
1987-03-23,6.42,6.8,7.25,-0.07000000000000028,0.0597,0.1456,-0.891
1987-03-24,6.44,6.82,7.27,-0.0699999999999994,0.0596,0.1457,-0.889
1987-03-25,6.46,6.84,7.26,-0.040000000000000036,0.0596,0.1457,-0.684
1987-03-26,6.42,6.81,7.24,-0.040000000000000924,0.0595,0.1457,-0.683
1987-03-27,6.49,6.89,7.33,-0.040000000000000924,0.0595,0.1457,-0.683
1987-03-30,6.63,7.07,7.54,-0.02999999999999936,0.0595,0.1457,-0.614
1987-03-31,6.54,7.02,7.51,-0.010000000000000675,0.0594,0.1458,-0.476
1987-04-01,6.65,7.12,7.59,0.0,0.0591,0.1458,-0.405
1987-04-02,6.63,7.12,7.59,0.020000000000000462,0.0588,0.1458,-0.266
1987-04-03,6.62,7.1,7.59,-0.010000000000000675,0.058,0.1457,-0.467
1987-04-06,6.57,7.06,7.54,0.009999999999998899,0.0571,0.1453,-0.324
1987-04-07,6.59,7.14,7.62,0.0699999999999994,0.0568,0.1452,0.091
1987-04-08,6.59,7.14,7.61,0.07999999999999918,0.0566,0.1451,0.161
1987-04-09,6.74,7.3,7.78,0.07999999999999918,0.0564,0.1451,0.163
1987-04-10,6.97,7.55,7.98,0.14999999999999858,0.0565,0.1451,0.644
1987-04-13,7.08,7.68,8.07,0.20999999999999908,0.057,0.1454,1.052
1987-04-14,7.19,7.83,8.28,0.1899999999999995,0.0575,0.1457,0.909
1987-04-15,7.02,7.67,8.1,0.22000000000000064,0.0581,0.146,1.109
1987-04-16,6.9,7.55,8.03,0.16999999999999993,0.0588,0.1462,0.761
1987-04-20,7.06,7.72,8.2,0.17999999999999972,0.0595,0.1463,0.824
1987-04-21,7.09,7.71,8.19,0.14000000000000057,0.06,0.1464,0.546
1987-04-22,7.23,7.77,8.24,0.06999999999999851,0.0601,0.1464,0.068
1987-04-23,7.36,7.92,8.39,0.08999999999999986,0.0605,0.1463,0.202
1987-04-24,7.48,8.05,8.47,0.15000000000000036,0.061,0.1464,0.608
1987-04-27,7.5,7.97,8.37,0.07000000000000028,0.0605,0.1462,0.065
1987-04-28,7.43,7.91,8.28,0.11000000000000121,0.06,0.1459,0.343
1987-04-29,7.43,7.93,8.35,0.08000000000000007,0.0592,0.1452,0.143
1987-04-30,7.38,7.82,8.21,0.05000000000000071,0.0586,0.1449,-0.059
1987-05-01,7.47,7.98,8.39,0.10000000000000142,0.0586,0.1449,0.286
1987-05-04,7.61,8.12,8.52,0.10999999999999943,0.0585,0.1448,0.356
1987-05-05,7.6,8.08,8.45,0.11000000000000121,0.0585,0.1448,0.356
1987-05-06,7.62,8.15,8.54,0.14000000000000057,0.0588,0.1449,0.56
1987-05-07,7.6,8.08,8.5,0.0600000000000005,0.0588,0.1449,0.008
1987-05-08,7.57,8.04,8.43,0.0799999999999983,0.0589,0.1449,0.146
1987-05-11,7.66,8.19,8.57,0.14999999999999858,0.0589,0.1449,0.629
1987-05-12,7.68,8.19,8.55,0.14999999999999858,0.0588,0.1449,0.629
1987-05-13,7.68,8.18,8.55,0.129999999999999,0.0587,0.1448,0.492
1987-05-14,7.66,8.2,8.57,0.16999999999999815,0.0587,0.1448,0.769
1987-05-15,7.95,8.45,8.8,0.14999999999999858,0.0581,0.1442,0.637
1987-05-18,7.93,8.42,8.73,0.17999999999999972,0.0577,0.1436,0.852
1987-05-19,7.99,8.55,8.89,0.22000000000000064,0.057,0.1424,1.145
1987-05-20,8.05,8.61,8.92,0.24999999999999822,0.0561,0.1405,1.38
1987-05-21,8.06,8.55,8.87,0.1700000000000017,0.0549,0.1381,0.833
1987-05-22,7.97,8.49,8.78,0.2300000000000022,0.0538,0.1358,1.297
1987-05-26,7.79,8.23,8.55,0.120000000000001,0.0527,0.1339,0.503
1987-05-27,7.84,8.28,8.6,0.11999999999999922,0.0514,0.1317,0.521
1987-05-28,7.81,8.25,8.56,0.13000000000000078,0.0502,0.1296,0.616
1987-05-29,7.69,8.15,8.49,0.11999999999999922,0.049,0.1274,0.557
1987-06-01,7.67,8.08,8.45,0.040000000000000924,0.0483,0.1271,-0.065
1987-06-02,7.85,8.31,8.72,0.05000000000000071,0.0477,0.1266,0.018
1987-06-03,7.78,8.25,8.64,0.0799999999999983,0.0471,0.1261,0.261
1987-06-04,7.76,8.2,8.58,0.05999999999999872,0.0462,0.1252,0.11
1987-06-05,7.66,8.11,8.5,0.05999999999999872,0.0452,0.1242,0.119
1987-06-08,7.68,8.14,8.53,0.07000000000000206,0.0442,0.123,0.21
1987-06-09,7.71,8.18,8.56,0.08999999999999808,0.0432,0.1215,0.385
1987-06-10,7.68,8.15,8.56,0.0600000000000005,0.0421,0.12,0.149
1987-06-11,7.66,8.13,8.52,0.08000000000000185,0.041,0.1184,0.329
1987-06-12,7.51,7.9,8.32,-0.02999999999999936,0.0393,0.1164,-0.595
1987-06-15,7.47,7.89,8.28,0.02999999999999936,0.0379,0.1141,-0.069
1987-06-16,7.47,7.89,8.28,0.02999999999999936,0.0365,0.1122,-0.058
1987-06-17,7.42,7.83,8.23,0.009999999999999787,0.0355,0.1113,-0.229
1987-06-18,7.44,7.87,8.27,0.030000000000001137,0.0348,0.1107,-0.043
1987-06-19,7.45,7.89,8.3,0.029999999999997584,0.0342,0.1103,-0.038
1987-06-22,7.42,7.83,8.23,0.009999999999999787,0.0333,0.1096,-0.213
1987-06-23,7.45,7.85,8.23,0.019999999999999574,0.0326,0.1091,-0.115
1987-06-24,7.54,7.94,8.31,0.02999999999999936,0.0317,0.1083,-0.016
1987-06-25,7.47,7.91,8.25,0.10000000000000142,0.0311,0.1074,0.642
1987-06-26,7.56,8.02,8.37,0.11000000000000121,0.0306,0.1067,0.744
1987-06-29,7.48,7.97,8.34,0.11999999999999922,0.0299,0.1055,0.854
1987-06-30,7.48,8.02,8.38,0.17999999999999794,0.0296,0.1051,1.431
1987-07-01,7.44,7.96,8.36,0.120000000000001,0.0288,0.1036,0.88
1987-07-02,7.38,7.9,8.3,0.120000000000001,0.0281,0.1023,0.898
1987-07-06,7.38,7.9,8.29,0.13000000000000256,0.0275,0.1012,1.013
1987-07-07,7.36,7.9,8.28,0.16000000000000192,0.027,0.1003,1.326
1987-07-08,7.35,7.9,8.32,0.13000000000000078,0.0264,0.0992,1.044
1987-07-09,7.38,7.95,8.37,0.15000000000000036,0.0259,0.0983,1.262
1987-07-10,7.32,7.88,8.32,0.11999999999999922,0.0254,0.0976,0.969
1987-07-13,7.36,7.93,8.38,0.11999999999999922,0.025,0.0968,0.981
1987-07-14,7.32,7.89,8.33,0.129999999999999,0.0247,0.0964,1.092
1987-07-15,7.37,7.97,8.43,0.14000000000000057,0.0248,0.0966,1.193
1987-07-16,7.34,7.95,8.41,0.15000000000000036,0.025,0.0967,1.293
1987-07-17,7.34,7.92,8.36,0.14000000000000057,0.0252,0.0969,1.185
1987-07-20,7.38,7.96,8.41,0.129999999999999,0.0256,0.0971,1.075
1987-07-21,7.45,8.03,8.49,0.11999999999999922,0.026,0.0973,0.966
1987-07-22,7.47,8.05,8.54,0.09000000000000341,0.0262,0.0974,0.655
1987-07-23,7.46,8.08,8.56,0.1399999999999988,0.0265,0.0976,1.163
1987-07-24,7.53,8.12,8.58,0.12999999999999723,0.0268,0.0978,1.055
1987-07-27,7.59,8.15,8.6,0.11000000000000121,0.0266,0.0976,0.855
1987-07-28,7.61,8.17,8.62,0.11000000000000121,0.0262,0.097,0.864
1987-07-29,7.64,8.16,8.61,0.07000000000000028,0.0257,0.0965,0.459
1987-07-30,7.63,8.2,8.61,0.16000000000000014,0.0257,0.0964,1.393
1987-07-31,7.63,8.21,8.66,0.13000000000000256,0.0256,0.0964,1.083
1987-08-03,7.72,8.34,8.81,0.15000000000000036,0.0258,0.0965,1.287
1987-08-04,7.72,8.34,8.81,0.15000000000000036,0.0258,0.0966,1.286
1987-08-05,7.65,8.26,8.71,0.15999999999999837,0.0259,0.0967,1.387
1987-08-06,7.65,8.28,8.73,0.17999999999999794,0.0261,0.097,1.587
1987-08-07,7.69,8.27,8.7,0.14999999999999858,0.026,0.0969,1.28
1987-08-10,7.71,8.29,8.74,0.12999999999999723,0.0258,0.0966,1.079
1987-08-11,7.69,8.26,8.73,0.09999999999999787,0.0257,0.0965,0.77
1987-08-12,7.67,8.27,8.72,0.14999999999999858,0.0259,0.0967,1.283
1987-08-13,7.64,8.21,8.63,0.15000000000000036,0.0263,0.097,1.275
1987-08-14,7.62,8.18,8.58,0.15999999999999837,0.0266,0.0973,1.371
1987-08-17,7.62,8.17,8.56,0.15999999999999837,0.0267,0.0974,1.369
1987-08-18,7.71,8.31,8.73,0.17999999999999972,0.0265,0.097,1.582
1987-08-19,7.76,8.34,8.77,0.15000000000000036,0.0264,0.0969,1.276
1987-08-20,7.77,8.35,8.74,0.1899999999999995,0.0266,0.0972,1.681
1987-08-21,7.79,8.35,8.77,0.14000000000000057,0.0268,0.0974,1.162
1987-08-24,7.81,8.34,8.78,0.09000000000000163,0.0266,0.0972,0.652
1987-08-25,7.79,8.32,8.73,0.120000000000001,0.0263,0.0968,0.968
1987-08-26,7.87,8.36,8.79,0.05999999999999872,0.026,0.0965,0.352
1987-08-27,7.95,8.48,8.92,0.09000000000000163,0.0258,0.0963,0.667
1987-08-28,8.01,8.54,9.02,0.049999999999998934,0.0249,0.0951,0.264
1987-08-31,7.97,8.52,9.0,0.07000000000000028,0.0256,0.0947,0.469
1987-09-01,7.98,8.57,9.05,0.10999999999999943,0.0263,0.0946,0.885
1987-09-02,8.15,8.77,9.28,0.10999999999999943,0.0271,0.0945,0.877
1987-09-03,8.19,8.77,9.29,0.0600000000000005,0.0279,0.0941,0.341
1987-09-04,8.26,8.82,9.3,0.08000000000000007,0.0284,0.0939,0.55
1987-09-08,8.46,9.02,9.5,0.0799999999999983,0.0287,0.094,0.546
1987-09-09,8.43,9.0,9.48,0.08999999999999986,0.0289,0.0941,0.649
1987-09-10,8.36,8.95,9.42,0.11999999999999922,0.029,0.0941,0.967
1987-09-11,8.31,8.88,9.33,0.120000000000001,0.029,0.0942,0.966
1987-09-14,8.26,8.87,9.34,0.1399999999999988,0.0292,0.0944,1.174
1987-09-15,8.3,8.95,9.44,0.15999999999999837,0.0293,0.0945,1.383
1987-09-16,8.35,9.0,9.52,0.13000000000000078,0.0294,0.0945,1.065
1987-09-17,8.34,8.98,9.48,0.14000000000000057,0.0296,0.0947,1.166
1987-09-18,8.3,8.91,9.38,0.1399999999999988,0.0299,0.0949,1.16
1987-09-21,8.33,8.94,9.45,0.09999999999999964,0.0302,0.095,0.735
1987-09-22,8.31,8.91,9.37,0.14000000000000057,0.0309,0.0952,1.146
1987-09-23,8.31,8.92,9.4,0.129999999999999,0.0314,0.0953,1.035
1987-09-24,8.42,9.03,9.51,0.129999999999999,0.0319,0.0955,1.027
1987-09-25,8.48,9.06,9.53,0.11000000000000121,0.0322,0.0957,0.813
1987-09-28,8.48,9.07,9.52,0.14000000000000057,0.0327,0.0959,1.119
1987-09-29,8.6,9.17,9.64,0.09999999999999964,0.0329,0.096,0.699
1987-09-30,8.6,9.21,9.63,0.19000000000000128,0.0334,0.0965,1.623
1987-10-01,8.62,9.22,9.66,0.16000000000000192,0.0337,0.0968,1.305
1987-10-02,8.61,9.2,9.6,0.1899999999999995,0.034,0.0971,1.607
1987-10-05,8.66,9.28,9.69,0.20999999999999908,0.0344,0.0977,1.797
1987-10-06,8.73,9.32,9.72,0.1899999999999995,0.0349,0.0981,1.581
1987-10-07,8.73,9.31,9.71,0.17999999999999972,0.0356,0.0985,1.466
1987-10-08,9.03,9.49,9.86,0.09000000000000163,0.036,0.0986,0.548
1987-10-09,9.01,9.56,9.94,0.1700000000000017,0.0366,0.0989,1.349
1987-10-13,8.94,9.51,9.9,0.17999999999999972,0.0373,0.0993,1.437
1987-10-14,9.14,9.75,10.13,0.22999999999999865,0.0383,0.1,1.917
1987-10-15,9.23,9.82,10.18,0.23000000000000043,0.0394,0.1005,1.897
1987-10-16,9.22,9.84,10.23,0.22999999999999865,0.0408,0.1008,1.877
1987-10-19,8.93,9.7,10.15,0.3199999999999985,0.0422,0.1022,2.718
1987-10-20,8.09,8.93,9.4,0.3699999999999992,0.044,0.1039,3.138
1987-10-21,7.9,8.8,9.3,0.40000000000000036,0.0459,0.1061,3.337
1987-10-22,7.76,8.52,8.97,0.3099999999999987,0.0472,0.1073,2.449
1987-10-23,7.76,8.55,8.98,0.3600000000000012,0.0488,0.1089,2.858
1987-10-26,7.57,8.33,8.8,0.28999999999999915,0.05,0.1099,2.184
1987-10-27,7.66,8.42,8.92,0.2599999999999998,0.0515,0.1102,1.892
1987-10-28,7.65,8.43,9.01,0.1999999999999993,0.0527,0.1102,1.337
1987-10-29,7.53,8.33,8.89,0.23999999999999844,0.054,0.1104,1.685
1987-10-30,7.58,8.37,8.88,0.2799999999999976,0.0555,0.111,2.023
1987-11-02,7.72,8.44,8.98,0.17999999999999972,0.0565,0.1109,1.114
1987-11-03,7.67,8.38,8.91,0.1800000000000015,0.0575,0.1109,1.105
1987-11-04,7.6,8.3,8.85,0.15000000000000213,0.0584,0.1107,0.827
1987-11-05,7.5,8.18,8.72,0.1399999999999988,0.0592,0.1105,0.731
1987-11-06,7.62,8.28,8.76,0.17999999999999794,0.0604,0.1102,1.085
1987-11-09,7.64,8.3,8.78,0.1800000000000015,0.0614,0.1102,1.076
1987-11-10,7.61,8.27,8.79,0.14000000000000057,0.0621,0.1101,0.708
1987-11-12,7.67,8.27,8.8,0.06999999999999851,0.0625,0.11,0.068
1987-11-13,7.75,8.34,8.84,0.08999999999999986,0.0629,0.1099,0.247
1987-11-16,7.78,8.34,8.82,0.0799999999999983,0.0632,0.1098,0.153
1987-11-17,7.73,8.38,8.86,0.1700000000000017,0.0639,0.1099,0.965
1987-11-18,7.74,8.38,8.85,0.1700000000000017,0.0646,0.11,0.958
1987-11-19,7.69,8.34,8.83,0.15999999999999837,0.0652,0.1101,0.861
1987-11-20,7.66,8.32,8.79,0.19000000000000128,0.066,0.1103,1.124
1987-11-23,7.67,8.34,8.8,0.20999999999999908,0.0666,0.1107,1.295
1987-11-24,7.73,8.35,8.89,0.0799999999999983,0.0668,0.1106,0.119
1987-11-25,7.78,8.41,8.98,0.05999999999999872,0.0668,0.1106,-0.061
1987-11-27,7.87,8.55,9.11,0.120000000000001,0.067,0.1107,0.479
1987-11-30,7.73,8.43,8.99,0.1399999999999988,0.0678,0.1105,0.653
1987-12-01,7.77,8.44,9.01,0.09999999999999964,0.0684,0.1102,0.287
1987-12-02,7.79,8.43,9.01,0.0600000000000005,0.0689,0.1099,-0.081
1987-12-03,7.72,8.35,8.94,0.040000000000000924,0.0692,0.1097,-0.266
1987-12-04,7.72,8.35,8.94,0.040000000000000924,0.0697,0.1093,-0.272
1987-12-07,7.86,8.48,9.07,0.030000000000001137,0.0701,0.109,-0.368
1987-12-08,7.88,8.49,9.09,0.010000000000001563,0.0706,0.1085,-0.559
1987-12-09,7.88,8.47,9.05,0.010000000000001563,0.0708,0.1082,-0.562
1987-12-10,8.0,8.63,9.23,0.030000000000001137,0.0714,0.1076,-0.385
1987-12-11,8.02,8.65,9.28,1.7763568394002505e-15,0.0717,0.1073,-0.668
1987-12-14,8.01,8.63,9.23,0.02000000000000135,0.0721,0.1069,-0.487
1987-12-15,7.92,8.54,9.09,0.06999999999999851,0.0727,0.1065,-0.025
1987-12-16,7.89,8.46,9.0,0.030000000000001137,0.0731,0.1062,-0.406
1987-12-17,7.89,8.47,9.03,0.02000000000000135,0.0734,0.1059,-0.504
1987-12-18,7.82,8.39,8.89,0.07000000000000028,0.0739,0.1055,-0.037
1987-12-21,7.84,8.38,8.88,0.040000000000000924,0.0744,0.1052,-0.327
1987-12-22,7.91,8.48,8.95,0.10000000000000142,0.0749,0.1049,0.239
1987-12-23,7.83,8.4,8.83,0.14000000000000057,0.0755,0.1049,0.615
1987-12-24,7.83,8.37,8.82,0.08999999999999808,0.076,0.1047,0.134
1987-12-28,7.91,8.46,8.93,0.08000000000000185,0.0763,0.1045,0.035
1987-12-29,7.86,8.41,8.85,0.11000000000000121,0.0768,0.1044,0.318
1987-12-30,7.75,8.32,8.78,0.11000000000000121,0.0773,0.1043,0.314
1987-12-31,7.77,8.33,8.83,0.0600000000000005,0.0774,0.1043,-0.167
1988-01-04,7.77,8.35,8.83,0.09999999999999964,0.0779,0.1041,0.212
1988-01-05,7.76,8.29,8.76,0.05999999999999872,0.0779,0.1041,-0.172
1988-01-06,7.79,8.37,8.82,0.129999999999999,0.0784,0.1041,0.496
1988-01-07,7.79,8.35,8.83,0.08000000000000007,0.0786,0.104,0.013
1988-01-08,7.92,8.48,8.97,0.07000000000000028,0.0788,0.1039,-0.085
1988-01-11,7.8,8.41,8.94,0.08000000000000007,0.079,0.1039,0.01
1988-01-12,7.8,8.39,8.93,0.05000000000000071,0.0794,0.1036,-0.284
1988-01-13,7.76,8.36,8.87,0.08999999999999986,0.0799,0.1034,0.098
1988-01-14,7.76,8.36,8.86,0.09999999999999964,0.0804,0.1031,0.19
1988-01-15,7.61,8.13,8.6,0.05000000000000249,0.0808,0.1029,-0.299
1988-01-19,7.66,8.16,8.65,0.009999999999999787,0.0809,0.1028,-0.69
1988-01-20,7.59,8.11,8.61,0.019999999999999574,0.081,0.1027,-0.594
1988-01-21,7.52,8.04,8.53,0.02999999999999936,0.0813,0.1024,-0.501
1988-01-22,7.51,8.01,8.49,0.019999999999999574,0.0816,0.1022,-0.603
1988-01-25,7.49,7.99,8.45,0.040000000000000924,0.0819,0.1019,-0.411
1988-01-26,7.56,8.08,8.54,0.060000000000002274,0.0824,0.1015,-0.221
1988-01-27,7.37,7.91,8.38,0.06999999999999851,0.083,0.101,-0.129
1988-01-28,7.29,7.83,8.33,0.040000000000000924,0.0835,0.1005,-0.433
1988-01-29,7.22,7.76,8.26,0.040000000000000924,0.084,0.1,-0.44
1988-02-01,7.22,7.78,8.26,0.08000000000000007,0.0847,0.0992,-0.047
1988-02-02,7.21,7.7,8.18,0.010000000000001563,0.085,0.0988,-0.759
1988-02-03,7.24,7.76,8.21,0.06999999999999851,0.0857,0.0982,-0.16
1988-02-04,7.24,7.76,8.24,0.03999999999999915,0.0862,0.0976,-0.473
1988-02-05,7.1,7.64,8.12,0.0600000000000005,0.0868,0.097,-0.276
1988-02-08,7.16,7.7,8.19,0.05000000000000071,0.0873,0.0964,-0.387
1988-02-09,7.12,7.65,8.16,0.019999999999999574,0.0879,0.0955,-0.711
1988-02-10,7.07,7.59,8.11,0.0,0.0884,0.0949,-0.932
1988-02-11,7.12,7.64,8.16,0.0,0.0888,0.0941,-0.944
1988-02-12,7.22,7.77,8.28,0.040000000000000924,0.0892,0.0938,-0.525
1988-02-16,7.26,7.79,8.31,0.009999999999999787,0.0893,0.0936,-0.847
1988-02-17,7.24,7.8,8.32,0.03999999999999915,0.0892,0.0937,-0.525
1988-02-18,7.23,7.78,8.28,0.05000000000000071,0.0896,0.0933,-0.424
1988-02-19,7.21,7.77,8.26,0.06999999999999851,0.0902,0.0927,-0.218
1988-02-22,7.2,7.75,8.24,0.0600000000000005,0.0906,0.0923,-0.332
1988-02-23,7.16,7.69,8.17,0.05000000000000071,0.091,0.092,-0.446
1988-02-24,7.15,7.69,8.18,0.05000000000000071,0.0912,0.0918,-0.449
1988-02-25,7.17,7.68,8.23,-0.040000000000000924,0.0912,0.0919,-1.428
1988-02-26,7.16,7.67,8.18,0.0,0.0912,0.0919,-0.992
1988-02-29,7.13,7.64,8.16,-0.010000000000001563,0.0917,0.091,-1.118
1988-03-01,7.11,7.61,8.15,-0.040000000000000924,0.0918,0.0907,-1.453
1988-03-02,7.07,7.59,8.13,-0.02000000000000135,0.0922,0.09,-1.247
1988-03-03,7.08,7.59,8.12,-0.019999999999999574,0.0927,0.0892,-1.263
1988-03-04,7.2,7.74,8.28,1.7763568394002505e-15,0.0932,0.0882,-1.057
1988-03-07,7.22,7.77,8.3,0.019999999999999574,0.0938,0.087,-0.848
1988-03-08,7.25,7.79,8.33,0.0,0.0944,0.0861,-1.096
1988-03-09,7.22,7.76,8.32,-0.019999999999999574,0.0947,0.0854,-1.343
1988-03-10,7.25,7.81,8.35,0.019999999999999574,0.0952,0.0847,-0.888
1988-03-11,7.2,7.76,8.29,0.030000000000001137,0.0958,0.0838,-0.785
1988-03-14,7.2,7.76,8.29,0.030000000000001137,0.0963,0.0829,-0.8
1988-03-15,7.19,7.76,8.3,0.029999999999997584,0.0968,0.0821,-0.814
1988-03-16,7.24,7.81,8.36,0.019999999999999574,0.0972,0.0815,-0.947
1988-03-17,7.17,7.76,8.3,0.049999999999998934,0.0977,0.0807,-0.591
1988-03-18,7.23,7.81,8.41,-0.02000000000000135,0.0981,0.0799,-1.478
1988-03-21,7.32,7.91,8.47,0.02999999999999936,0.0986,0.0791,-0.867
1988-03-22,7.33,7.91,8.46,0.02999999999999936,0.0991,0.0783,-0.883
1988-03-23,7.39,7.95,8.47,0.040000000000000924,0.0996,0.0776,-0.768
1988-03-24,7.46,8.01,8.51,0.049999999999998934,0.1,0.0769,-0.65
1988-03-25,7.41,7.95,8.47,0.019999999999999574,0.1004,0.0763,-1.054
1988-03-28,7.42,8.03,8.58,0.05999999999999872,0.1008,0.0758,-0.538
1988-03-29,7.42,8.03,8.56,0.0799999999999983,0.1013,0.0753,-0.283
1988-03-30,7.43,8.03,8.57,0.05999999999999872,0.1017,0.0748,-0.557
1988-03-31,7.41,8.04,8.57,0.09999999999999787,0.1022,0.0744,-0.03
1988-04-04,7.58,8.19,8.68,0.11999999999999922,0.1027,0.074,0.234
1988-04-05,7.6,8.18,8.67,0.08999999999999986,0.1031,0.0738,-0.178
1988-04-06,7.57,8.13,8.61,0.08000000000000185,0.1033,0.0736,-0.317
1988-04-07,7.54,8.12,8.6,0.09999999999999964,0.1037,0.0732,-0.051
1988-04-08,7.47,8.05,8.52,0.11000000000000298,0.1041,0.073,0.081
1988-04-11,7.5,8.1,8.59,0.10999999999999943,0.1043,0.073,0.078
1988-04-12,7.49,8.09,8.57,0.11999999999999922,0.1044,0.073,0.214
1988-04-13,7.45,8.05,8.56,0.09000000000000163,0.1045,0.073,-0.199
1988-04-14,7.56,8.15,8.67,0.07000000000000206,0.1042,0.0729,-0.469
1988-04-15,7.6,8.2,8.74,0.05999999999999872,0.1036,0.0727,-0.6
1988-04-18,7.6,8.25,8.81,0.08999999999999986,0.1032,0.0725,-0.182
1988-04-19,7.57,8.24,8.81,0.09999999999999964,0.1027,0.0721,-0.037
1988-04-20,7.65,8.27,8.83,0.05999999999999872,0.1023,0.072,-0.588
1988-04-21,7.64,8.26,8.82,0.05999999999999872,0.1018,0.0719,-0.581
1988-04-22,7.64,8.23,8.78,0.040000000000000924,0.1014,0.072,-0.853
1988-04-25,7.64,8.23,8.78,0.040000000000000924,0.1013,0.072,-0.851
1988-04-26,7.64,8.24,8.8,0.03999999999999915,0.1011,0.0721,-0.847
1988-04-27,7.63,8.25,8.8,0.07000000000000028,0.1008,0.0721,-0.427
1988-04-28,7.69,8.32,8.86,0.08999999999999986,0.1008,0.0721,-0.15
1988-04-29,7.73,8.33,8.87,0.0600000000000005,0.1006,0.0721,-0.563
1988-05-02,7.78,8.39,8.94,0.0600000000000005,0.1006,0.0722,-0.562
1988-05-03,7.77,8.35,8.89,0.03999999999999915,0.1005,0.0722,-0.838
1988-05-04,7.77,8.35,8.9,0.02999999999999936,0.1002,0.0723,-0.971
1988-05-05,7.79,8.39,8.92,0.07000000000000206,0.1001,0.0723,-0.416
1988-05-06,7.87,8.48,9.01,0.08000000000000007,0.1,0.0724,-0.276
1988-05-09,7.95,8.5,9.03,0.02000000000000135,0.0995,0.0725,-1.097
1988-05-10,8.0,8.55,9.07,0.030000000000001137,0.0994,0.0726,-0.956
1988-05-11,7.95,8.55,9.05,0.10000000000000142,0.0994,0.0726,0.008
1988-05-12,7.95,8.55,9.04,0.11000000000000298,0.0993,0.0725,0.148
1988-05-13,7.9,8.51,9.0,0.11999999999999922,0.0992,0.0724,0.287
1988-05-16,7.93,8.52,9.01,0.09999999999999964,0.099,0.0724,0.014
1988-05-17,7.99,8.64,9.12,0.1700000000000017,0.099,0.0724,0.981
1988-05-18,8.04,8.68,9.19,0.13000000000000078,0.099,0.0724,0.428
1988-05-19,8.04,8.67,9.18,0.120000000000001,0.0987,0.0722,0.295
1988-05-20,8.08,8.7,9.22,0.09999999999999787,0.0983,0.0718,0.024
1988-05-23,8.12,8.74,9.23,0.13000000000000078,0.0978,0.0712,0.452
1988-05-24,8.14,8.73,9.22,0.09999999999999964,0.0975,0.071,0.035
1988-05-25,8.17,8.73,9.2,0.09000000000000163,0.0969,0.0705,-0.098
1988-05-26,8.23,8.72,9.21,0.0,0.0965,0.0708,-1.363
1988-05-27,8.23,8.75,9.24,0.02999999999999936,0.0961,0.0709,-0.932
1988-05-31,8.21,8.73,9.2,0.05000000000000071,0.0958,0.0709,-0.646
1988-06-01,8.09,8.57,9.03,0.02000000000000135,0.0954,0.0711,-1.06
1988-06-02,8.13,8.6,9.07,-1.7763568394002505e-15,0.0952,0.0712,-1.337
1988-06-03,8.06,8.52,8.97,0.00999999999999801,0.0951,0.0714,-1.192
1988-06-06,8.04,8.51,8.97,0.009999999999999787,0.0948,0.0716,-1.184
1988-06-07,8.04,8.54,9.02,0.019999999999999574,0.0946,0.0717,-1.04
1988-06-08,7.96,8.46,8.92,0.040000000000000924,0.0946,0.0717,-0.762
1988-06-09,7.97,8.5,8.96,0.07000000000000028,0.0946,0.0717,-0.343
1988-06-10,7.99,8.47,8.92,0.030000000000001137,0.0943,0.0719,-0.894
1988-06-13,7.98,8.45,8.91,0.00999999999999801,0.0941,0.072,-1.168
1988-06-14,7.8,8.25,8.69,0.009999999999999787,0.0938,0.0722,-1.161
1988-06-15,7.84,8.29,8.71,0.029999999999997584,0.0941,0.0719,-0.892
1988-06-16,7.96,8.46,8.89,0.07000000000000028,0.0942,0.0718,-0.337
1988-06-17,8.1,8.58,9.02,0.040000000000000924,0.0943,0.0718,-0.756
1988-06-20,8.14,8.59,9.02,0.019999999999999574,0.0943,0.0717,-1.036
1988-06-21,8.15,8.61,9.03,0.03999999999999915,0.0944,0.0717,-0.759
1988-06-22,8.04,8.49,8.9,0.040000000000000924,0.0944,0.0717,-0.759
1988-06-23,8.05,8.47,8.88,0.009999999999999787,0.0944,0.0717,-1.177
1988-06-24,8.03,8.45,8.85,0.019999999999999574,0.0944,0.0717,-1.038
1988-06-27,8.1,8.54,8.94,0.03999999999999915,0.0944,0.0716,-0.76
1988-06-28,8.05,8.48,8.87,0.040000000000000924,0.0942,0.0717,-0.756
1988-06-29,8.03,8.47,8.88,0.030000000000001137,0.0939,0.0718,-0.89
1988-06-30,8.02,8.41,8.82,-0.019999999999999574,0.0933,0.0721,-1.571
1988-07-01,7.98,8.38,8.77,0.010000000000001563,0.0927,0.0721,-1.147
1988-07-05,8.04,8.42,8.82,-0.019999999999999574,0.0921,0.0725,-1.546
1988-07-06,8.07,8.47,8.91,-0.03999999999999915,0.0915,0.0729,-1.804
1988-07-07,8.13,8.52,8.95,-0.040000000000000924,0.0908,0.0733,-1.784
1988-07-08,8.25,8.64,9.04,-0.00999999999999801,0.0901,0.0735,-1.362
1988-07-11,8.25,8.62,9.02,-0.030000000000001137,0.0895,0.0738,-1.619
1988-07-12,8.27,8.68,9.08,0.009999999999999787,0.0889,0.0739,-1.068
1988-07-13,8.27,8.69,9.12,-0.009999999999999787,0.0884,0.0741,-1.328
1988-07-14,8.33,8.7,9.12,-0.05000000000000071,0.0877,0.0746,-1.846
1988-07-15,8.31,8.67,9.08,-0.05000000000000071,0.087,0.0751,-1.824
1988-07-18,8.35,8.73,9.15,-0.03999999999999915,0.0863,0.0754,-1.675
1988-07-19,8.32,8.7,9.1,-0.02000000000000135,0.0856,0.0756,-1.397
1988-07-20,8.31,8.7,9.11,-0.02000000000000135,0.085,0.0758,-1.385
1988-07-21,8.39,8.75,9.16,-0.05000000000000071,0.0843,0.0762,-1.762
1988-07-22,8.35,8.71,9.11,-0.03999999999999737,0.0837,0.0766,-1.615
1988-07-25,8.34,8.69,9.07,-0.030000000000001137,0.0832,0.0769,-1.472
1988-07-26,8.35,8.72,9.09,1.7763568394002505e-15,0.0826,0.077,-1.073
1988-07-27,8.44,8.77,9.14,-0.040000000000000924,0.0819,0.0774,-1.575
1988-07-28,8.44,8.79,9.16,-0.02000000000000135,0.0814,0.0776,-1.307
1988-07-29,8.39,8.75,9.12,-0.009999999999999787,0.081,0.0778,-1.17
1988-08-01,8.36,8.7,9.07,-0.030000000000001137,0.0806,0.0781,-1.416
1988-08-02,8.32,8.63,9.0,-0.05999999999999872,0.0797,0.0784,-1.782
1988-08-03,8.34,8.64,9.04,-0.09999999999999787,0.0788,0.0792,-2.258
1988-08-04,8.31,8.61,8.99,-0.08000000000000185,0.0779,0.0797,-1.981
1988-08-05,8.47,8.78,9.12,-0.030000000000001137,0.0771,0.0798,-1.342
1988-08-08,8.48,8.79,9.12,-0.02000000000000135,0.0764,0.0799,-1.207
1988-08-09,8.59,8.88,9.2,-0.029999999999997584,0.0756,0.0799,-1.322
1988-08-10,8.64,9.0,9.3,0.05999999999999872,0.0752,0.0798,-0.19
1988-08-11,8.68,9.02,9.35,0.009999999999999787,0.0748,0.0798,-0.812
1988-08-12,8.68,9.03,9.36,0.019999999999999574,0.0744,0.0799,-0.681
1988-08-15,8.7,9.04,9.37,0.009999999999999787,0.0739,0.0798,-0.801
1988-08-16,8.72,9.03,9.35,-0.010000000000001563,0.0733,0.0799,-1.043
1988-08-17,8.74,9.06,9.38,0.0,0.0726,0.0798,-0.91
1988-08-18,8.74,9.05,9.35,0.010000000000001563,0.072,0.0797,-0.778
1988-08-19,8.74,9.05,9.35,0.010000000000001563,0.0713,0.0795,-0.771
1988-08-22,8.76,9.09,9.37,0.05000000000000071,0.071,0.0794,-0.264
1988-08-23,8.71,9.04,9.32,0.04999999999999716,0.0704,0.079,-0.258
1988-08-24,8.73,9.02,9.34,-0.030000000000001137,0.0697,0.0791,-1.26
1988-08-25,8.78,9.08,9.41,-0.02999999999999936,0.0692,0.0794,-1.249
1988-08-26,8.78,9.07,9.38,-0.019999999999999574,0.0687,0.0795,-1.116
1988-08-29,8.75,9.0,9.3,-0.05000000000000071,0.0683,0.0799,-1.481
1988-08-30,8.73,8.98,9.27,-0.03999999999999915,0.0677,0.0801,-1.345
1988-08-31,8.71,8.95,9.25,-0.060000000000002274,0.0673,0.0805,-1.581
1988-09-01,8.68,8.95,9.25,-0.030000000000001137,0.0669,0.0808,-1.199
1988-09-02,8.45,8.7,9.0,-0.05000000000000071,0.0663,0.0811,-1.434
1988-09-06,8.47,8.7,8.99,-0.060000000000002274,0.0656,0.0814,-1.543
1988-09-07,8.45,8.69,8.99,-0.0600000000000005,0.0651,0.0818,-1.529
1988-09-08,8.45,8.69,8.99,-0.0600000000000005,0.0646,0.0822,-1.516
1988-09-09,8.42,8.62,8.93,-0.11000000000000121,0.0638,0.0829,-2.097
1988-09-12,8.44,8.66,8.97,-0.08999999999999986,0.0631,0.0834,-1.836
1988-09-13,8.4,8.65,8.94,-0.03999999999999915,0.0625,0.0836,-1.226
1988-09-14,8.36,8.59,8.88,-0.0600000000000005,0.0617,0.0839,-1.451
1988-09-15,8.39,8.63,8.91,-0.03999999999999915,0.061,0.084,-1.202
1988-09-16,8.4,8.65,8.93,-0.02999999999999936,0.0603,0.0839,-1.076
1988-09-19,8.44,8.69,8.97,-0.030000000000001137,0.0596,0.084,-1.067
1988-09-20,8.45,8.68,8.97,-0.0600000000000005,0.0588,0.0842,-1.411
1988-09-21,8.4,8.64,8.93,-0.049999999999998934,0.0581,0.0843,-1.282
1988-09-22,8.44,8.67,8.95,-0.049999999999998934,0.0575,0.0846,-1.271
1988-09-23,8.47,8.69,8.97,-0.060000000000002274,0.0567,0.0847,-1.378
1988-09-26,8.52,8.73,9.0,-0.05999999999999872,0.056,0.0849,-1.366
1988-09-27,8.55,8.77,9.04,-0.05000000000000071,0.0552,0.085,-1.238
1988-09-28,8.59,8.81,9.06,-0.02999999999999936,0.0547,0.0851,-0.995
1988-09-29,8.53,8.73,8.98,-0.049999999999998934,0.0539,0.0852,-1.219
1988-09-30,8.43,8.61,8.87,-0.08000000000000007,0.0532,0.0856,-1.556
1988-10-03,8.41,8.59,8.84,-0.07000000000000028,0.0522,0.0855,-1.429
1988-10-04,8.43,8.6,8.87,-0.09999999999999964,0.0512,0.0858,-1.762
1988-10-05,8.43,8.6,8.87,-0.09999999999999964,0.05,0.0858,-1.748
1988-10-06,8.43,8.61,8.87,-0.08000000000000007,0.0488,0.0856,-1.505
1988-10-07,8.26,8.43,8.7,-0.09999999999999964,0.0477,0.0857,-1.723
1988-10-11,8.29,8.48,8.75,-0.0799999999999983,0.0467,0.0856,-1.48
1988-10-12,8.35,8.56,8.84,-0.06999999999999851,0.046,0.0859,-1.35
1988-10-13,8.36,8.55,8.84,-0.09999999999999787,0.045,0.086,-1.686
1988-10-14,8.33,8.52,8.81,-0.10000000000000142,0.0438,0.0861,-1.67
1988-10-17,8.33,8.5,8.79,-0.11999999999999922,0.0425,0.0859,-1.892
1988-10-18,8.33,8.49,8.78,-0.129999999999999,0.041,0.0858,-1.993
1988-10-19,8.38,8.53,8.82,-0.14000000000000234,0.0396,0.0857,-2.096
1988-10-20,8.38,8.52,8.79,-0.13000000000000078,0.0378,0.0845,-1.986
1988-10-21,8.4,8.54,8.83,-0.15000000000000213,0.0357,0.0827,-2.245
1988-10-24,8.42,8.54,8.83,-0.1700000000000017,0.0335,0.0804,-2.531
1988-10-25,8.42,8.53,8.83,-0.19000000000000128,0.0315,0.0797,-2.779
1988-10-26,8.34,8.48,8.79,-0.16999999999999815,0.0294,0.078,-2.556
1988-10-27,8.27,8.41,8.72,-0.16999999999999993,0.0275,0.0773,-2.555
1988-10-28,8.27,8.4,8.69,-0.15999999999999837,0.0259,0.0768,-2.421
1988-10-31,8.25,8.37,8.65,-0.16000000000000192,0.0244,0.0769,-2.398
1988-11-01,8.25,8.38,8.68,-0.16999999999999815,0.0228,0.0766,-2.517
1988-11-02,8.29,8.44,8.73,-0.14000000000000057,0.0212,0.0756,-2.132
1988-11-03,8.27,8.42,8.69,-0.11999999999999922,0.02,0.0754,-1.857
1988-11-04,8.39,8.58,8.85,-0.08000000000000007,0.0189,0.075,-1.319
1988-11-07,8.5,8.66,8.91,-0.08999999999999986,0.018,0.0749,-1.442
1988-11-08,8.53,8.66,8.91,-0.11999999999999922,0.0169,0.075,-1.825
1988-11-09,8.57,8.71,8.91,-0.05999999999999872,0.016,0.0744,-1.022
1988-11-10,8.6,8.72,8.9,-0.05999999999999872,0.015,0.0738,-1.016
1988-11-14,8.62,8.76,8.91,-0.009999999999999787,0.0144,0.0734,-0.332
1988-11-15,8.69,8.78,8.92,-0.05000000000000071,0.014,0.0734,-0.872
1988-11-16,8.75,8.87,9.0,-0.010000000000001563,0.0136,0.0733,-0.322
1988-11-17,8.75,8.9,9.06,-0.009999999999999787,0.0132,0.0732,-0.317
1988-11-18,8.77,8.91,9.05,0.0,0.0125,0.0725,-0.172
1988-11-21,8.81,8.92,9.04,-0.009999999999999787,0.0118,0.0718,-0.304
1988-11-22,8.88,8.99,9.09,0.009999999999999787,0.0112,0.0712,-0.017
1988-11-23,8.87,8.97,9.08,-0.00999999999999801,0.0104,0.0703,-0.29
1988-11-25,8.98,9.07,9.17,-0.009999999999999787,0.0096,0.0692,-0.283
1988-11-28,9.0,9.06,9.16,-0.03999999999999915,0.0091,0.0691,-0.711
1988-11-29,8.96,9.02,9.13,-0.05000000000000249,0.0087,0.0692,-0.848
1988-11-30,8.84,8.91,9.06,-0.08000000000000007,0.0079,0.069,-1.274
1988-12-01,8.86,8.88,9.01,-0.10999999999999766,0.0069,0.0689,-1.697
1988-12-02,9.12,9.11,9.18,-0.08000000000000007,0.0062,0.0689,-1.251
1988-12-05,9.09,9.07,9.13,-0.08000000000000007,0.0056,0.069,-1.241
1988-12-06,8.88,8.88,8.95,-0.06999999999999851,0.0052,0.0691,-1.088
1988-12-07,8.93,8.93,9.0,-0.07000000000000028,0.0047,0.0693,-1.078
1988-12-08,9.0,9.01,9.02,0.0,0.0046,0.0692,-0.066
1988-12-09,9.03,9.05,9.07,1.7763568394002505e-15,0.0046,0.0692,-0.066
1988-12-12,9.05,9.07,9.08,0.009999999999999787,0.0046,0.0692,0.078
1988-12-13,9.16,9.15,9.15,-0.009999999999999787,0.0044,0.0692,-0.208
1988-12-14,9.2,9.19,9.19,-0.009999999999999787,0.0044,0.0692,-0.208
1988-12-15,9.2,9.21,9.19,0.030000000000002913,0.0044,0.0693,0.369
1988-12-16,9.18,9.18,9.17,0.009999999999999787,0.0042,0.0691,0.084
1988-12-19,9.18,9.16,9.15,-0.009999999999999787,0.004,0.0691,-0.203
1988-12-20,9.11,9.09,9.08,-0.009999999999999787,0.0039,0.0691,-0.201
1988-12-21,9.09,9.08,9.07,0.0,0.0036,0.069,-0.052
1988-12-22,9.04,9.09,9.07,0.07000000000000028,0.0037,0.0691,0.959
1988-12-23,9.04,9.08,9.05,0.07000000000000028,0.0036,0.0689,0.964
1988-12-27,9.15,9.17,9.13,0.05999999999999872,0.0033,0.0685,0.828
1988-12-28,9.23,9.22,9.21,0.0,0.0029,0.0683,-0.042
1988-12-29,9.18,9.19,9.18,0.019999999999999574,0.0027,0.0681,0.254
1988-12-30,9.14,9.14,9.14,0.0,0.0023,0.0678,-0.034
1989-01-03,9.21,9.25,9.23,0.05999999999999872,0.0021,0.0675,0.858
1989-01-04,9.25,9.24,9.22,0.009999999999999787,0.0019,0.0674,0.12
1989-01-05,9.32,9.32,9.27,0.05000000000000071,0.0017,0.0672,0.719
1989-01-06,9.32,9.3,9.25,0.030000000000001137,0.0015,0.0671,0.425
1989-01-09,9.29,9.3,9.23,0.08000000000000185,0.0013,0.0668,1.178
1989-01-10,9.25,9.29,9.24,0.08999999999999808,0.0014,0.0669,1.324
1989-01-11,9.29,9.28,9.24,0.02999999999999936,0.0012,0.0668,0.431
1989-01-12,9.2,9.2,9.14,0.05999999999999872,0.0012,0.0667,0.882
1989-01-13,9.14,9.1,9.06,-1.7763568394002505e-15,0.001,0.0666,-0.015
1989-01-17,9.16,9.11,9.06,-1.7763568394002505e-15,0.0006,0.0664,-0.009
1989-01-18,9.13,9.07,8.99,0.019999999999999574,0.0003,0.0661,0.298
1989-01-19,9.09,9.06,9.0,0.030000000000001137,0.0002,0.066,0.452
1989-01-20,9.13,9.11,9.03,0.05999999999999872,0.0004,0.0661,0.902
1989-01-23,9.13,9.06,9.0,-0.009999999999999787,0.0003,0.0661,-0.156
1989-01-24,9.07,8.98,8.93,-0.03999999999999915,-0.0,0.0661,-0.605
1989-01-25,9.1,9.05,8.99,0.010000000000001563,-0.0,0.0661,0.151
1989-01-26,9.14,9.07,8.99,0.009999999999999787,-0.0002,0.0661,0.154
1989-01-27,9.07,9.03,8.95,0.03999999999999915,-0.0002,0.066,0.609
1989-01-30,9.1,9.07,9.0,0.040000000000000924,-0.0004,0.0659,0.613
1989-01-31,9.12,9.08,9.01,0.030000000000001137,-0.0004,0.0659,0.461
1989-02-01,9.12,9.05,8.99,-0.00999999999999801,-0.0006,0.0659,-0.143
1989-02-02,9.12,9.05,8.98,1.7763568394002505e-15,-0.0009,0.0657,0.014
1989-02-03,9.23,9.1,9.01,-0.040000000000000924,-0.0011,0.0657,-0.592
1989-02-06,9.25,9.11,9.01,-0.040000000000000924,-0.0015,0.0656,-0.587
1989-02-07,9.19,9.06,8.96,-0.02999999999999936,-0.0018,0.0656,-0.43
1989-02-08,9.21,9.06,8.95,-0.03999999999999915,-0.0022,0.0655,-0.577
1989-02-09,9.28,9.21,9.13,0.010000000000001563,-0.0024,0.0654,0.19
1989-02-10,9.37,9.28,9.19,0.0,-0.0025,0.0654,0.038
1989-02-13,9.39,9.29,9.2,-0.010000000000001563,-0.0025,0.0654,-0.115
1989-02-14,9.43,9.34,9.23,0.019999999999999574,-0.0024,0.0654,0.343
1989-02-15,9.41,9.33,9.22,0.02999999999999936,-0.0025,0.0654,0.497
1989-02-16,9.37,9.32,9.21,0.0600000000000005,-0.0023,0.0655,0.951
1989-02-17,9.37,9.32,9.2,0.07000000000000206,-0.0021,0.0656,1.099
1989-02-21,9.41,9.34,9.22,0.049999999999998934,-0.0021,0.0656,0.794
1989-02-22,9.48,9.43,9.29,0.08999999999999986,-0.0021,0.0657,1.402
1989-02-23,9.6,9.47,9.36,-0.019999999999997797,-0.0024,0.0656,-0.268
1989-02-24,9.66,9.49,9.38,-0.0600000000000005,-0.0028,0.0656,-0.872
1989-02-27,9.62,9.47,9.36,-0.03999999999999737,-0.0032,0.0656,-0.561
1989-02-28,9.55,9.42,9.32,-0.030000000000001137,-0.0031,0.0656,-0.41
1989-03-01,9.55,9.43,9.36,-0.05000000000000071,-0.0033,0.0656,-0.712
1989-03-02,9.52,9.38,9.31,-0.06999999999999851,-0.0036,0.0658,-1.009
1989-03-03,9.5,9.38,9.31,-0.049999999999998934,-0.0036,0.0658,-0.705
1989-03-06,9.46,9.34,9.26,-0.040000000000000924,-0.0037,0.0658,-0.552
1989-03-07,9.48,9.35,9.26,-0.040000000000000924,-0.0038,0.0658,-0.55
1989-03-08,9.48,9.34,9.23,-0.030000000000001137,-0.0039,0.0659,-0.396
1989-03-09,9.48,9.35,9.24,-0.02000000000000135,-0.004,0.0659,-0.243
1989-03-10,9.66,9.48,9.34,-0.03999999999999915,-0.0042,0.0659,-0.543
1989-03-13,9.64,9.48,9.35,-0.02999999999999936,-0.0042,0.0659,-0.392
1989-03-14,9.64,9.45,9.32,-0.060000000000002274,-0.0046,0.066,-0.839
1989-03-15,9.62,9.45,9.31,-0.030000000000001137,-0.0048,0.066,-0.382
1989-03-16,9.61,9.43,9.3,-0.05000000000000071,-0.0051,0.066,-0.68
1989-03-17,9.84,9.64,9.49,-0.049999999999998934,-0.0054,0.066,-0.676
1989-03-20,9.9,9.71,9.53,-0.00999999999999801,-0.0056,0.066,-0.067
1989-03-21,9.92,9.75,9.53,0.05000000000000071,-0.0056,0.066,0.842
1989-03-22,9.81,9.65,9.45,0.040000000000000924,-0.0053,0.0661,0.685
1989-03-23,9.81,9.65,9.43,0.0600000000000005,-0.0052,0.0661,0.986
1989-03-27,9.85,9.67,9.44,0.05000000000000071,-0.0051,0.0662,0.832
1989-03-28,9.86,9.66,9.41,0.05000000000000071,-0.0051,0.0662,0.832
1989-03-29,9.8,9.6,9.36,0.03999999999999915,-0.0051,0.0662,0.681
1989-03-30,9.79,9.59,9.34,0.05000000000000071,-0.005,0.0663,0.83
1989-03-31,9.73,9.53,9.3,0.029999999999997584,-0.0051,0.0662,0.53
1989-04-03,9.56,9.39,9.21,0.009999999999999787,-0.0054,0.066,0.233
1989-04-04,9.47,9.31,9.17,-0.019999999999999574,-0.0057,0.0658,-0.217
1989-04-05,9.45,9.31,9.17,1.7763568394002505e-15,-0.0061,0.0655,0.093
1989-04-06,9.54,9.35,9.2,-0.03999999999999915,-0.0067,0.0651,-0.512
1989-04-07,9.57,9.42,9.27,0.0,-0.0071,0.0648,0.11
1989-04-10,9.57,9.43,9.27,0.019999999999999574,-0.0073,0.0646,0.423
1989-04-11,9.57,9.42,9.27,0.0,-0.0077,0.0642,0.12
1989-04-12,9.59,9.44,9.29,0.0,-0.0082,0.0638,0.129
1989-04-13,9.66,9.5,9.34,0.0,-0.0086,0.0633,0.136
1989-04-14,9.43,9.29,9.18,-0.030000000000001137,-0.0092,0.0628,-0.331
1989-04-17,9.48,9.33,9.2,-0.019999999999999574,-0.0096,0.0625,-0.166
1989-04-18,9.28,9.14,9.06,-0.05999999999999872,-0.0102,0.0624,-0.798
1989-04-19,9.3,9.17,9.08,-0.040000000000000924,-0.0106,0.0623,-0.472
1989-04-20,9.46,9.32,9.2,-0.019999999999999574,-0.011,0.0619,-0.145
1989-04-21,9.44,9.27,9.15,-0.05000000000000071,-0.0116,0.0616,-0.623
1989-04-24,9.46,9.26,9.15,-0.09000000000000163,-0.0122,0.0616,-1.263
1989-04-25,9.41,9.21,9.12,-0.10999999999999766,-0.0129,0.0617,-1.574
1989-04-26,9.34,9.18,9.11,-0.08999999999999986,-0.0134,0.0618,-1.239
1989-04-27,9.23,9.1,9.05,-0.08000000000000185,-0.0138,0.0619,-1.069
1989-04-28,9.22,9.06,9.02,-0.11999999999999922,-0.0145,0.0622,-1.696
1989-05-01,9.36,9.19,9.14,-0.120000000000001,-0.0152,0.0623,-1.682
1989-05-02,9.27,9.11,9.08,-0.13000000000000078,-0.0161,0.0623,-1.828
1989-05-03,9.21,9.1,9.06,-0.07000000000000206,-0.0166,0.0622,-0.859
1989-05-04,9.21,9.09,9.06,-0.09000000000000163,-0.0172,0.0622,-1.17
1989-05-05,9.04,8.96,8.99,-0.10999999999999766,-0.0178,0.0624,-1.478
1989-05-08,9.09,9.02,9.04,-0.08999999999999986,-0.0183,0.0625,-1.147
1989-05-09,9.23,9.17,9.15,-0.040000000000000924,-0.0187,0.0623,-0.342
1989-05-10,9.27,9.21,9.16,-0.00999999999999801,-0.0191,0.0619,0.147
1989-05-11,9.14,9.1,9.1,-0.040000000000000924,-0.0193,0.0619,-0.334
1989-05-12,8.82,8.8,8.81,-0.02999999999999936,-0.0196,0.0618,-0.168
1989-05-15,8.91,8.85,8.82,-0.030000000000001137,-0.0201,0.0614,-0.161
1989-05-16,8.95,8.87,8.82,-0.030000000000001137,-0.0206,0.0608,-0.155
1989-05-17,8.96,8.87,8.8,-0.020000000000003126,-0.0212,0.0602,0.02
1989-05-18,9.0,8.88,8.78,-0.019999999999997797,-0.0217,0.0597,0.028
1989-05-19,8.94,8.82,8.71,-0.009999999999999787,-0.0224,0.0584,0.212
1989-05-22,8.84,8.71,8.58,1.7763568394002505e-15,-0.0229,0.0577,0.397
1989-05-23,8.83,8.72,8.6,0.010000000000001563,-0.0233,0.057,0.584
1989-05-24,8.82,8.74,8.63,0.02999999999999936,-0.0236,0.0565,0.949
1989-05-25,8.92,8.75,8.67,-0.08999999999999986,-0.0245,0.0559,-1.172
1989-05-26,8.89,8.72,8.66,-0.10999999999999943,-0.0253,0.0556,-1.523
1989-05-30,8.87,8.68,8.64,-0.15000000000000036,-0.0263,0.0556,-2.225
1989-05-31,8.82,8.65,8.6,-0.11999999999999922,-0.0267,0.0559,-1.669
1989-06-01,8.82,8.65,8.61,-0.129999999999999,-0.0274,0.0562,-1.826
1989-06-02,8.52,8.42,8.43,-0.10999999999999943,-0.028,0.0562,-1.459
1989-06-05,8.44,8.33,8.36,-0.1399999999999988,-0.0287,0.0566,-1.966
1989-06-06,8.45,8.35,8.36,-0.10999999999999943,-0.0291,0.0568,-1.424
1989-06-07,8.38,8.28,8.27,-0.09000000000000163,-0.0295,0.0568,-1.065
1989-06-08,8.33,8.26,8.27,-0.08000000000000007,-0.0298,0.0569,-0.882
1989-06-09,8.28,8.16,8.15,-0.10999999999999943,-0.0304,0.057,-1.396
1989-06-12,8.29,8.18,8.16,-0.08999999999999986,-0.0309,0.057,-1.037
1989-06-13,8.41,8.3,8.25,-0.05999999999999872,-0.0314,0.0566,-0.505
1989-06-14,8.36,8.24,8.2,-0.0799999999999983,-0.0318,0.0566,-0.852
1989-06-15,8.48,8.36,8.33,-0.09000000000000163,-0.0322,0.0566,-1.021
1989-06-16,8.53,8.4,8.35,-0.0799999999999983,-0.0326,0.0567,-0.836
1989-06-19,8.55,8.41,8.37,-0.09999999999999964,-0.0331,0.0567,-1.18
1989-06-20,8.5,8.35,8.31,-0.11000000000000121,-0.0338,0.0565,-1.349
1989-06-21,8.53,8.4,8.37,-0.09999999999999787,-0.0344,0.0565,-1.161
1989-06-22,8.55,8.41,8.38,-0.11000000000000121,-0.0349,0.0566,-1.327
1989-06-23,8.39,8.27,8.25,-0.10000000000000142,-0.0354,0.0565,-1.143
1989-06-26,8.35,8.22,8.18,-0.08999999999999808,-0.036,0.0564,-0.957
1989-06-27,8.27,8.14,8.11,-0.09999999999999787,-0.0364,0.0565,-1.126
1989-06-28,8.27,8.18,8.17,-0.08000000000000007,-0.0368,0.0564,-0.766
1989-06-29,8.16,8.09,8.12,-0.09999999999999964,-0.0373,0.0564,-1.112
1989-06-30,8.08,8.03,8.1,-0.120000000000001,-0.038,0.0564,-1.454
1989-07-03,8.02,7.99,8.09,-0.129999999999999,-0.0386,0.0565,-1.618
1989-07-05,7.99,7.97,8.11,-0.16000000000000014,-0.0392,0.057,-2.119
1989-07-06,7.94,7.91,8.08,-0.20000000000000018,-0.04,0.0578,-2.768
1989-07-07,7.83,7.86,8.02,-0.129999999999999,-0.0404,0.0581,-1.542
1989-07-10,7.81,7.84,7.99,-0.1200000000000001,-0.0408,0.0583,-1.358
1989-07-11,7.81,7.8,8.0,-0.20999999999999996,-0.0414,0.0593,-2.843
1989-07-12,7.74,7.79,8.0,-0.16000000000000014,-0.042,0.0597,-1.977
1989-07-13,7.74,7.8,8.0,-0.14000000000000057,-0.0425,0.06,-1.625
1989-07-14,7.83,7.84,8.04,-0.1899999999999995,-0.0433,0.0606,-2.421
1989-07-17,7.85,7.85,8.05,-0.20000000000000107,-0.044,0.0614,-2.541
1989-07-18,7.95,7.97,8.13,-0.14000000000000146,-0.0444,0.0617,-1.549
1989-07-19,7.9,7.9,8.09,-0.1899999999999995,-0.0449,0.0624,-2.325
1989-07-20,7.81,7.8,8.01,-0.21999999999999975,-0.0456,0.0633,-2.755
1989-07-21,7.91,7.89,8.07,-0.20000000000000107,-0.0463,0.0641,-2.398
1989-07-24,7.93,7.87,8.05,-0.2400000000000002,-0.0472,0.0652,-2.957
1989-07-25,7.84,7.79,8.01,-0.2699999999999996,-0.0481,0.0667,-3.327
1989-07-26,7.75,7.81,8.02,-0.15000000000000036,-0.0485,0.067,-1.515
1989-07-27,7.65,7.69,7.92,-0.1899999999999995,-0.0492,0.0676,-2.083
1989-07-28,7.56,7.6,7.87,-0.23000000000000043,-0.0501,0.0685,-2.626
1989-07-31,7.53,7.56,7.82,-0.23000000000000131,-0.0508,0.0694,-2.582
1989-08-01,7.46,7.49,7.74,-0.21999999999999975,-0.0516,0.0702,-2.399
1989-08-02,7.53,7.57,7.76,-0.14999999999999947,-0.0522,0.0704,-1.389
1989-08-03,7.6,7.64,7.8,-0.1200000000000001,-0.0525,0.0705,-0.957
1989-08-04,7.92,7.94,8.0,-0.03999999999999915,-0.0525,0.0705,0.177
1989-08-07,8.01,7.98,8.03,-0.0799999999999983,-0.0524,0.0705,-0.391
1989-08-08,7.96,7.95,8.0,-0.05999999999999961,-0.0523,0.0704,-0.109
1989-08-09,7.99,7.96,8.05,-0.120000000000001,-0.0527,0.0706,-0.953
1989-08-10,7.99,7.96,8.02,-0.08999999999999986,-0.0529,0.0706,-0.525
1989-08-11,8.12,8.1,8.09,-0.009999999999999787,-0.0529,0.0706,0.608
1989-08-14,8.31,8.27,8.24,-0.010000000000001563,-0.0531,0.0703,0.613
1989-08-15,8.29,8.24,8.21,-0.019999999999999574,-0.0533,0.0702,0.474
1989-08-16,8.17,8.11,8.12,-0.07000000000000028,-0.0536,0.0701,-0.234
1989-08-17,8.26,8.2,8.18,-0.040000000000000924,-0.0538,0.07,0.197
1989-08-18,8.26,8.2,8.15,-0.010000000000001563,-0.0538,0.07,0.626
1989-08-21,8.32,8.27,8.2,0.019999999999999574,-0.0537,0.07,1.053
1989-08-22,8.43,8.35,8.29,-0.019999999999999574,-0.0538,0.07,0.483
1989-08-23,8.37,8.23,8.25,-0.15999999999999837,-0.0545,0.0702,-1.503
1989-08-24,8.32,8.23,8.2,-0.05999999999999872,-0.055,0.0698,-0.072
1989-08-25,8.34,8.23,8.21,-0.08999999999999986,-0.0555,0.0696,-0.496
1989-08-28,8.41,8.29,8.27,-0.10000000000000142,-0.0558,0.0696,-0.635
1989-08-29,8.44,8.3,8.27,-0.10999999999999766,-0.0561,0.0697,-0.773
1989-08-30,8.41,8.28,8.25,-0.10000000000000142,-0.0564,0.0697,-0.626
1989-08-31,8.42,8.27,8.26,-0.14000000000000057,-0.0568,0.0699,-1.19
1989-09-01,8.37,8.18,8.19,-0.1999999999999993,-0.0574,0.0704,-2.026
1989-09-05,8.37,8.21,8.19,-0.13999999999999702,-0.0577,0.0706,-1.166
1989-09-06,8.35,8.19,8.17,-0.14000000000000057,-0.0582,0.0708,-1.155
1989-09-07,8.35,8.19,8.17,-0.14000000000000057,-0.0585,0.071,-1.148
1989-09-08,8.27,8.14,8.14,-0.129999999999999,-0.0588,0.0711,-1.001
1989-09-11,8.2,8.1,8.13,-0.13000000000000078,-0.0591,0.0713,-0.994
1989-09-12,8.18,8.07,8.13,-0.16999999999999993,-0.0595,0.0716,-1.543
1989-09-13,8.2,8.11,8.18,-0.16000000000000014,-0.0597,0.0718,-1.397
1989-09-14,8.09,8.05,8.13,-0.11999999999999922,-0.0598,0.0719,-0.837
1989-09-15,8.06,8.01,8.09,-0.13000000000000078,-0.0602,0.072,-0.969
1989-09-18,8.13,8.04,8.1,-0.15000000000000213,-0.0606,0.0722,-1.238
1989-09-19,8.14,8.05,8.09,-0.129999999999999,-0.0609,0.0724,-0.954
1989-09-20,8.27,8.14,8.15,-0.1399999999999988,-0.0613,0.0725,-1.086
1989-09-21,8.32,8.19,8.2,-0.14000000000000057,-0.0618,0.0727,-1.076
1989-09-22,8.34,8.2,8.22,-0.16000000000000192,-0.0622,0.0729,-1.342
1989-09-25,8.43,8.32,8.32,-0.10999999999999943,-0.0624,0.073,-0.652
1989-09-26,8.36,8.29,8.3,-0.08000000000000185,-0.0625,0.073,-0.24
1989-09-27,8.39,8.31,8.3,-0.07000000000000028,-0.0626,0.073,-0.101
1989-09-28,8.41,8.34,8.3,-0.030000000000001137,-0.0625,0.073,0.445
1989-09-29,8.46,8.36,8.31,-0.05000000000000249,-0.0625,0.073,0.171
1989-10-02,8.48,8.33,8.28,-0.09999999999999964,-0.0627,0.073,-0.511
1989-10-03,8.39,8.27,8.23,-0.08000000000000185,-0.0629,0.073,-0.234
1989-10-04,8.37,8.25,8.22,-0.08999999999999986,-0.0629,0.073,-0.371
1989-10-05,8.31,8.18,8.15,-0.10000000000000142,-0.063,0.0731,-0.506
1989-10-06,8.1,8.01,8.03,-0.10999999999999943,-0.0631,0.0731,-0.642
1989-10-10,8.06,8.0,8.03,-0.08999999999999986,-0.063,0.0731,-0.369
1989-10-11,8.08,8.03,8.07,-0.09000000000000163,-0.0631,0.0731,-0.368
1989-10-12,8.01,7.98,8.04,-0.08999999999999808,-0.063,0.0731,-0.369
1989-10-13,7.69,7.79,7.87,0.019999999999999574,-0.0626,0.0732,1.128
1989-10-16,7.85,7.91,7.98,-0.009999999999999787,-0.0624,0.0733,0.715
1989-10-17,7.83,7.92,8.0,0.009999999999999787,-0.0619,0.0734,0.98
1989-10-18,7.83,7.92,8.01,0.0,-0.0615,0.0735,0.837
1989-10-19,7.87,7.91,7.96,-0.009999999999999787,-0.0611,0.0735,0.695
1989-10-20,7.92,7.93,7.98,-0.040000000000000924,-0.0608,0.0733,0.284
1989-10-23,7.88,7.87,7.92,-0.05999999999999961,-0.0604,0.0732,0.005
1989-10-24,7.78,7.8,7.87,-0.05000000000000071,-0.0601,0.073,0.138
1989-10-25,7.76,7.79,7.86,-0.040000000000000036,-0.0597,0.0728,0.271
1989-10-26,7.78,7.81,7.88,-0.040000000000000924,-0.0592,0.0725,0.265
1989-10-27,7.87,7.87,7.94,-0.07000000000000028,-0.0587,0.072,-0.157
1989-10-30,7.85,7.86,7.92,-0.049999999999998934,-0.0582,0.0717,0.114
1989-10-31,7.85,7.86,7.92,-0.049999999999998934,-0.0577,0.0714,0.108
1989-11-01,7.87,7.86,7.91,-0.05999999999999961,-0.0573,0.0711,-0.038
1989-11-02,7.81,7.81,7.87,-0.0600000000000005,-0.0569,0.0708,-0.044
1989-11-03,8.01,7.93,7.96,-0.11000000000000032,-0.0567,0.0705,-0.756
1989-11-06,8.04,7.99,8.0,-0.05999999999999872,-0.0564,0.0703,-0.051
1989-11-07,7.87,7.85,7.9,-0.07000000000000117,-0.0562,0.0702,-0.197
1989-11-08,7.78,7.81,7.87,-0.030000000000001137,-0.056,0.0702,0.37
1989-11-09,7.8,7.84,7.9,-0.020000000000000462,-0.0557,0.0702,0.509
1989-11-10,7.83,7.85,7.92,-0.05000000000000071,-0.0554,0.0701,0.077
1989-11-13,7.82,7.85,7.89,-0.010000000000000675,-0.0552,0.0701,0.645
1989-11-14,7.75,7.8,7.87,-0.020000000000000462,-0.0551,0.0702,0.5
1989-11-15,7.69,7.74,7.82,-0.03000000000000025,-0.0552,0.0701,0.359
1989-11-16,7.71,7.74,7.82,-0.04999999999999982,-0.0552,0.0701,0.074
1989-11-17,7.77,7.82,7.88,-0.009999999999998899,-0.0552,0.0701,0.645
1989-11-20,7.77,7.8,7.86,-0.03000000000000025,-0.0552,0.0701,0.359
1989-11-21,7.77,7.79,7.85,-0.03999999999999915,-0.0554,0.07,0.22
1989-11-22,7.66,7.72,7.81,-0.03000000000000025,-0.0555,0.07,0.364
1989-11-24,7.64,7.7,7.8,-0.03999999999999915,-0.0557,0.0698,0.225
1989-11-27,7.79,7.8,7.85,-0.040000000000000036,-0.0558,0.0698,0.226
1989-11-28,7.78,7.81,7.86,-0.02000000000000135,-0.0558,0.0698,0.513
1989-11-29,7.8,7.78,7.88,-0.11999999999999922,-0.0562,0.0699,-0.913
1989-11-30,7.75,7.74,7.84,-0.10999999999999943,-0.0564,0.07,-0.766
1989-12-01,7.7,7.7,7.81,-0.10999999999999943,-0.0565,0.07,-0.764
1989-12-04,7.72,7.7,7.82,-0.13999999999999968,-0.0566,0.0701,-1.19
1989-12-05,7.72,7.7,7.82,-0.13999999999999968,-0.0569,0.0703,-1.182
1989-12-06,7.8,7.76,7.85,-0.1299999999999999,-0.0571,0.0705,-1.034
1989-12-07,7.85,7.8,7.88,-0.1299999999999999,-0.0573,0.0706,-1.03
1989-12-08,7.78,7.73,7.82,-0.13999999999999968,-0.0576,0.0708,-1.164
1989-12-11,7.78,7.74,7.83,-0.1299999999999999,-0.0581,0.0708,-1.016
1989-12-12,7.8,7.74,7.84,-0.15999999999999925,-0.0587,0.071,-1.427
1989-12-13,7.82,7.73,7.82,-0.17999999999999972,-0.0595,0.0713,-1.69
1989-12-14,7.75,7.68,7.79,-0.1800000000000006,-0.0602,0.0716,-1.673
1989-12-15,7.75,7.7,7.8,-0.14999999999999947,-0.0607,0.0718,-1.244
1989-12-18,7.75,7.67,7.77,-0.17999999999999972,-0.0615,0.072,-1.646
1989-12-19,7.72,7.69,7.78,-0.11999999999999922,-0.0621,0.0719,-0.805
1989-12-20,7.64,7.67,7.77,-0.0699999999999994,-0.0623,0.0718,-0.107
1989-12-21,7.68,7.67,7.77,-0.10999999999999943,-0.0627,0.0718,-0.659
1989-12-22,7.74,7.75,7.82,-0.0600000000000005,-0.0629,0.0717,0.04
1989-12-26,7.9,7.9,7.95,-0.04999999999999982,-0.0634,0.0712,0.188
1989-12-27,7.9,7.89,7.94,-0.060000000000001386,-0.0639,0.0707,0.055
1989-12-28,7.87,7.85,7.91,-0.08000000000000096,-0.0645,0.0703,-0.22
1989-12-29,7.87,7.86,7.93,-0.07999999999999918,-0.0648,0.0702,-0.217
1990-01-02,7.87,7.87,7.94,-0.07000000000000028,-0.0652,0.07,-0.069
1990-01-03,7.94,7.92,7.99,-0.09000000000000075,-0.0655,0.0699,-0.351
1990-01-04,7.92,7.91,7.98,-0.08000000000000007,-0.0661,0.0694,-0.2
1990-01-05,7.9,7.92,7.99,-0.05000000000000071,-0.0663,0.0693,0.235
1990-01-08,7.9,7.92,8.02,-0.08000000000000007,-0.0668,0.0689,-0.192
1990-01-09,7.91,7.92,8.02,-0.08999999999999986,-0.0673,0.0686,-0.331
1990-01-10,7.91,7.92,8.03,-0.09999999999999964,-0.068,0.068,-0.471
1990-01-11,7.91,7.94,8.04,-0.06999999999999851,-0.0687,0.0673,-0.019
1990-01-12,7.93,7.99,8.1,-0.049999999999998934,-0.069,0.067,0.284
1990-01-16,8.1,8.11,8.2,-0.08000000000000007,-0.0695,0.0665,-0.158
1990-01-17,8.09,8.11,8.19,-0.0600000000000005,-0.0698,0.0664,0.148
1990-01-18,8.25,8.27,8.32,-0.030000000000001137,-0.0699,0.0663,0.602
1990-01-19,8.2,8.2,8.26,-0.0600000000000005,-0.0702,0.066,0.155
1990-01-22,8.18,8.19,8.27,-0.07000000000000028,-0.0706,0.0657,0.009
1990-01-23,8.18,8.18,8.26,-0.08000000000000007,-0.0712,0.0652,-0.135
1990-01-24,8.2,8.28,8.38,-0.02000000000000135,-0.0712,0.0652,0.785
1990-01-25,8.24,8.31,8.42,-0.03999999999999915,-0.0712,0.0652,0.479
1990-01-26,8.28,8.38,8.49,-0.00999999999999801,-0.0713,0.0651,0.942
1990-01-29,8.3,8.39,8.5,-0.019999999999999574,-0.0714,0.0649,0.792
1990-01-30,8.3,8.43,8.51,0.049999999999998934,-0.0713,0.065,1.866
1990-01-31,8.28,8.35,8.43,-0.009999999999999787,-0.0715,0.0648,0.949
1990-02-01,8.28,8.35,8.42,0.0,-0.0717,0.0646,1.11
1990-02-02,8.37,8.42,8.5,-0.02999999999999936,-0.0717,0.0645,0.647
1990-02-05,8.37,8.44,8.53,-0.019999999999999574,-0.0718,0.0645,0.803
1990-02-06,8.42,8.49,8.57,-0.009999999999999787,-0.0717,0.0645,0.957
1990-02-07,8.42,8.51,8.52,0.08000000000000007,-0.0712,0.0652,2.319
1990-02-08,8.37,8.45,8.49,0.03999999999999915,-0.071,0.0655,1.695
1990-02-09,8.25,8.29,8.31,0.019999999999997797,-0.0707,0.0658,1.378
1990-02-12,8.32,8.37,8.4,0.019999999999997797,-0.0707,0.0658,1.378
1990-02-13,8.21,8.29,8.35,0.019999999999997797,-0.0706,0.0659,1.375
1990-02-14,8.27,8.34,8.36,0.05000000000000071,-0.0704,0.0662,1.819
1990-02-15,8.35,8.4,8.43,0.02000000000000135,-0.0704,0.0662,1.366
1990-02-16,8.36,8.41,8.42,0.040000000000000924,-0.0703,0.0663,1.664
1990-02-20,8.52,8.58,8.62,0.02000000000000135,-0.0705,0.066,1.371
1990-02-21,8.5,8.6,8.62,0.08000000000000007,-0.0704,0.0661,2.275
1990-02-22,8.45,8.48,8.54,-0.029999999999997584,-0.0708,0.0657,0.621
1990-02-23,8.43,8.47,8.53,-0.019999999999997797,-0.0712,0.065,0.788
1990-02-26,8.38,8.4,8.46,-0.040000000000000924,-0.0713,0.065,0.482
1990-02-27,8.34,8.34,8.41,-0.07000000000000028,-0.0713,0.065,0.02
1990-02-28,8.43,8.44,8.51,-0.0600000000000005,-0.0714,0.0649,0.176
1990-03-01,8.53,8.53,8.59,-0.0600000000000005,-0.0715,0.0649,0.177
1990-03-02,8.48,8.5,8.54,-0.019999999999999574,-0.0714,0.065,0.791
1990-03-05,8.55,8.58,8.65,-0.040000000000000924,-0.0713,0.065,0.482
1990-03-06,8.54,8.57,8.59,0.010000000000001563,-0.071,0.0652,1.242
1990-03-07,8.54,8.56,8.58,1.7763568394002505e-15,-0.0709,0.0653,1.086
1990-03-08,8.59,8.57,8.57,-0.019999999999999574,-0.0708,0.0654,0.777
1990-03-09,8.73,8.68,8.65,-0.02000000000000135,-0.0708,0.0654,0.777
1990-03-12,8.71,8.67,8.63,-1.7763568394002505e-15,-0.0707,0.0655,1.079
1990-03-13,8.77,8.75,8.73,0.0,-0.0705,0.0656,1.075
1990-03-14,8.69,8.67,8.65,0.0,-0.0704,0.0657,1.072
1990-03-15,8.71,8.69,8.66,0.00999999999999801,-0.0701,0.0659,1.215
1990-03-16,8.64,8.61,8.59,-0.010000000000001563,-0.07,0.0659,0.91
1990-03-19,8.68,8.65,8.59,0.030000000000001137,-0.0697,0.0662,1.506
1990-03-20,8.68,8.61,8.54,0.0,-0.0695,0.0664,1.047
1990-03-21,8.69,8.62,8.55,-1.7763568394002505e-15,-0.0695,0.0664,1.047
1990-03-22,8.62,8.56,8.53,-0.029999999999997584,-0.0698,0.066,0.603
1990-03-23,8.61,8.54,8.52,-0.05000000000000071,-0.0702,0.0657,0.307
1990-03-26,8.61,8.52,8.51,-0.08000000000000007,-0.0707,0.0651,-0.143
1990-03-27,8.59,8.55,8.52,-0.00999999999999801,-0.071,0.0648,0.941
1990-03-28,8.57,8.53,8.51,-0.02000000000000135,-0.0712,0.0644,0.795
1990-03-29,8.62,8.6,8.6,-0.019999999999999574,-0.0715,0.0641,0.803
1990-03-30,8.64,8.65,8.65,0.009999999999999787,-0.0716,0.0639,1.277
1990-04-02,8.62,8.65,8.65,0.030000000000001137,-0.0716,0.0639,1.59
1990-04-03,8.61,8.64,8.63,0.040000000000000924,-0.0715,0.0641,1.739
1990-04-04,8.54,8.56,8.55,0.030000000000001137,-0.0713,0.0643,1.575
1990-04-05,8.54,8.57,8.57,0.030000000000001137,-0.0712,0.0645,1.569
1990-04-06,8.52,8.55,8.56,0.02000000000000135,-0.071,0.0647,1.406
1990-04-09,8.54,8.58,8.59,0.030000000000001137,-0.0708,0.0648,1.556
1990-04-10,8.54,8.58,8.6,0.02000000000000135,-0.0708,0.0648,1.401
1990-04-11,8.56,8.6,8.63,0.00999999999999801,-0.0708,0.0649,1.245
1990-04-12,8.57,8.62,8.64,0.029999999999997584,-0.0707,0.065,1.549
1990-04-16,8.61,8.65,8.68,0.010000000000001563,-0.0706,0.0651,1.238
1990-04-17,8.7,8.73,8.77,-0.00999999999999801,-0.0706,0.0652,0.929
1990-04-18,8.79,8.84,8.86,0.030000000000001137,-0.0704,0.0654,1.535
1990-04-19,8.81,8.84,8.87,0.0,-0.0701,0.0655,1.07
1990-04-20,8.82,8.88,8.95,-0.00999999999999801,-0.07,0.0656,0.915
1990-04-23,8.87,8.92,8.98,-0.009999999999999787,-0.07,0.0656,0.915
1990-04-24,8.92,8.96,9.0,1.7763568394002505e-15,-0.0698,0.0658,1.061
1990-04-25,8.95,9.0,9.01,0.040000000000000924,-0.0692,0.0661,1.652
1990-04-26,9.03,9.09,9.07,0.08000000000000007,-0.0685,0.0667,2.226
1990-04-27,8.98,9.06,9.06,0.08000000000000007,-0.0678,0.0674,2.193
1990-04-30,8.96,9.04,9.04,0.0799999999999983,-0.0672,0.068,2.165
1990-05-01,9.02,9.08,9.08,0.0600000000000005,-0.0665,0.0684,1.849
1990-05-02,9.05,9.1,9.09,0.05999999999999872,-0.0658,0.0688,1.828
1990-05-03,8.98,9.04,9.04,0.05999999999999872,-0.065,0.0691,1.809
1990-05-04,8.7,8.8,8.84,0.060000000000002274,-0.0645,0.0696,1.789
1990-05-07,8.74,8.83,8.87,0.05000000000000071,-0.0639,0.0699,1.629
1990-05-08,8.68,8.79,8.84,0.05999999999999872,-0.0633,0.0703,1.754
1990-05-09,8.75,8.87,8.88,0.10999999999999766,-0.0625,0.0711,2.426
1990-05-10,8.69,8.8,8.82,0.09000000000000163,-0.0619,0.0717,2.119
1990-05-11,8.55,8.64,8.64,0.08999999999999986,-0.0615,0.0723,2.095
1990-05-14,8.51,8.6,8.61,0.08000000000000007,-0.0611,0.0728,1.938
1990-05-15,8.54,8.64,8.65,0.09000000000000163,-0.0606,0.0734,2.052
1990-05-16,8.54,8.66,8.68,0.10000000000000142,-0.0601,0.0741,2.161
1990-05-17,8.56,8.69,8.69,0.129999999999999,-0.0594,0.075,2.525
1990-05-18,8.63,8.74,8.75,0.09999999999999964,-0.059,0.0757,2.1
1990-05-21,8.61,8.74,8.74,0.13000000000000078,-0.0584,0.0766,2.46
1990-05-22,8.54,8.66,8.65,0.13000000000000078,-0.0578,0.0774,2.426
1990-05-23,8.51,8.61,8.61,0.09999999999999964,-0.0574,0.078,2.018
1990-05-24,8.5,8.58,8.63,0.02999999999999936,-0.0573,0.0781,1.118
1990-05-25,8.53,8.61,8.69,0.0,-0.0575,0.0779,0.738
1990-05-29,8.52,8.59,8.66,0.0,-0.0571,0.078,0.732
1990-05-30,8.48,8.56,8.62,0.02000000000000135,-0.0566,0.0781,0.981
1990-05-31,8.5,8.56,8.6,0.02000000000000135,-0.0559,0.078,0.973
1990-06-01,8.33,8.38,8.44,-0.00999999999999801,-0.0555,0.0779,0.584
1990-06-04,8.31,8.39,8.44,0.030000000000001137,-0.0548,0.078,1.087
1990-06-05,8.34,8.42,8.47,0.02999999999999936,-0.0543,0.0781,1.079
1990-06-06,8.34,8.43,8.46,0.05999999999999872,-0.0535,0.0782,1.451
1990-06-07,8.34,8.41,8.46,0.019999999999999574,-0.053,0.0783,0.932
1990-06-08,8.33,8.42,8.46,0.049999999999998934,-0.0524,0.0785,1.304
1990-06-11,8.36,8.43,8.48,0.019999999999999574,-0.052,0.0786,0.916
1990-06-12,8.36,8.44,8.48,0.03999999999999915,-0.0514,0.0788,1.16
1990-06-13,8.27,8.35,8.4,0.02999999999999936,-0.051,0.0789,1.027
1990-06-14,8.24,8.32,8.38,0.019999999999999574,-0.0506,0.079,0.894
1990-06-15,8.33,8.41,8.46,0.02999999999999936,-0.0502,0.0792,1.013
1990-06-18,8.39,8.45,8.5,0.00999999999999801,-0.0498,0.0792,0.755
1990-06-19,8.41,8.47,8.51,0.02000000000000135,-0.0494,0.0793,0.875
1990-06-20,8.43,8.51,8.55,0.03999999999999915,-0.0488,0.0794,1.118
1990-06-21,8.41,8.48,8.52,0.030000000000001137,-0.0483,0.0795,0.985
1990-06-22,8.4,8.46,8.51,0.010000000000001563,-0.0479,0.0795,0.728
1990-06-25,8.45,8.53,8.58,0.02999999999999936,-0.0473,0.0796,0.971
1990-06-26,8.41,8.51,8.56,0.049999999999998934,-0.0467,0.0797,1.213
1990-06-27,8.37,8.47,8.52,0.05000000000000249,-0.0462,0.0799,1.204
1990-06-28,8.31,8.41,8.47,0.03999999999999915,-0.0456,0.08,1.07
1990-06-29,8.24,8.35,8.43,0.02999999999999936,-0.0452,0.0801,0.939
1990-07-02,8.25,8.35,8.43,0.019999999999999574,-0.0447,0.0802,0.807
1990-07-03,8.2,8.32,8.4,0.040000000000000924,-0.044,0.0802,1.047
1990-07-05,8.22,8.34,8.42,0.03999999999999915,-0.0434,0.0802,1.04
1990-07-06,8.32,8.44,8.51,0.049999999999998934,-0.0425,0.0801,1.155
1990-07-09,8.39,8.49,8.57,0.019999999999999574,-0.0417,0.0795,0.776
1990-07-10,8.4,8.5,8.57,0.02999999999999936,-0.041,0.0795,0.893
1990-07-11,8.4,8.49,8.57,0.009999999999999787,-0.0405,0.0794,0.636
1990-07-12,8.2,8.37,8.5,0.03999999999999915,-0.0395,0.0788,1.009
1990-07-13,8.13,8.32,8.45,0.0600000000000005,-0.0387,0.0787,1.254
1990-07-16,8.15,8.31,8.44,0.030000000000001137,-0.038,0.0785,0.866
1990-07-17,8.13,8.3,8.44,0.030000000000001137,-0.0371,0.0781,0.859
1990-07-18,8.13,8.34,8.5,0.049999999999998934,-0.0361,0.0776,1.11
1990-07-19,8.13,8.33,8.51,0.019999999999999574,-0.0355,0.0774,0.717
1990-07-20,8.08,8.28,8.48,-1.7763568394002505e-15,-0.0347,0.0768,0.452
1990-07-23,8.05,8.28,8.48,0.029999999999997584,-0.0337,0.076,0.838
1990-07-24,8.12,8.35,8.53,0.05000000000000071,-0.0327,0.0755,1.095
1990-07-25,8.08,8.31,8.49,0.05000000000000071,-0.0316,0.0745,1.095
1990-07-26,8.08,8.31,8.49,0.05000000000000071,-0.0303,0.0731,1.098
1990-07-27,8.0,8.25,8.42,0.08000000000000007,-0.0294,0.0731,1.497
1990-07-30,7.93,8.14,8.34,0.010000000000001563,-0.0286,0.0724,0.533
1990-07-31,7.91,8.13,8.36,-0.00999999999999801,-0.0277,0.0713,0.248
1990-08-01,7.85,8.06,8.29,-0.019999999999997797,-0.0269,0.0701,0.098
1990-08-02,7.9,8.15,8.41,-0.009999999999999787,-0.0261,0.069,0.233
1990-08-03,7.79,8.11,8.43,0.0,-0.0255,0.0686,0.372
1990-08-06,7.9,8.29,8.71,-0.030000000000002913,-0.0251,0.0684,-0.072
1990-08-07,8.04,8.41,8.78,1.7763568394002505e-15,-0.025,0.0684,0.365
1990-08-08,8.02,8.43,8.77,0.07000000000000028,-0.0244,0.0685,1.378
1990-08-09,7.99,8.33,8.66,0.009999999999999787,-0.0241,0.0685,0.498
1990-08-10,7.95,8.35,8.68,0.07000000000000028,-0.0233,0.0685,1.362
1990-08-13,7.94,8.36,8.71,0.06999999999999673,-0.0227,0.0686,1.351
1990-08-14,7.94,8.34,8.66,0.0799999999999983,-0.0223,0.0689,1.485
1990-08-15,7.94,8.33,8.64,0.0799999999999983,-0.022,0.0692,1.474
1990-08-16,8.09,8.45,8.76,0.049999999999998934,-0.0217,0.0694,1.033
1990-08-17,8.11,8.49,8.8,0.07000000000000028,-0.0212,0.0696,1.31
1990-08-20,8.13,8.5,8.81,0.05999999999999872,-0.0208,0.0697,1.159
1990-08-21,8.19,8.56,8.84,0.09000000000000163,-0.0204,0.0701,1.575
1990-08-22,8.26,8.62,8.91,0.06999999999999851,-0.0202,0.0703,1.283
1990-08-23,8.26,8.69,9.0,0.11999999999999922,-0.0196,0.0708,1.972
1990-08-24,8.32,8.75,9.05,0.129999999999999,-0.0185,0.0709,2.094
1990-08-27,8.21,8.61,8.9,0.10999999999999766,-0.0178,0.0713,1.792
1990-08-28,8.23,8.67,8.94,0.16999999999999993,-0.0167,0.0721,2.589
1990-08-29,8.16,8.52,8.84,0.03999999999999915,-0.0162,0.072,0.781
1990-08-30,8.12,8.52,8.86,0.0600000000000005,-0.0155,0.0719,1.05
1990-08-31,8.07,8.5,8.86,0.07000000000000028,-0.0148,0.0719,1.179
1990-09-04,8.09,8.53,8.9,0.06999999999999851,-0.014,0.0717,1.172
1990-09-05,8.04,8.47,8.86,0.0400000000000027,-0.0131,0.0708,0.75
1990-09-06,8.06,8.47,8.84,0.040000000000000924,-0.0123,0.0704,0.743
1990-09-07,8.04,8.45,8.81,0.049999999999998934,-0.0116,0.0701,0.879
1990-09-10,8.09,8.5,8.85,0.0600000000000005,-0.0108,0.0697,1.016
1990-09-11,8.1,8.48,8.83,0.030000000000001137,-0.0102,0.0694,0.579
1990-09-12,8.05,8.45,8.82,0.029999999999997584,-0.0095,0.069,0.572
1990-09-13,8.01,8.44,8.82,0.049999999999998934,-0.0087,0.0684,0.858
1990-09-14,8.03,8.48,8.87,0.060000000000002274,-0.0078,0.0678,1.0
1990-09-17,8.05,8.49,8.9,0.02999999999999936,-0.0072,0.0675,0.551
1990-09-18,8.03,8.48,8.9,0.030000000000001137,-0.0065,0.0671,0.544
1990-09-19,8.08,8.51,8.88,0.05999999999999872,-0.0057,0.0666,0.986
1990-09-20,8.1,8.53,8.91,0.049999999999998934,-0.005,0.0662,0.831
1990-09-21,8.12,8.58,8.99,0.05000000000000071,-0.0042,0.0658,0.824
1990-09-24,8.21,8.64,9.04,0.030000000000001137,-0.0036,0.0652,0.515
1990-09-25,8.18,8.64,9.02,0.08000000000000185,-0.0026,0.0647,1.277
1990-09-26,8.16,8.63,9.0,0.10000000000000142,-0.0018,0.0647,1.573
1990-09-27,8.05,8.52,8.91,0.0799999999999983,-0.0012,0.0647,1.255
1990-09-28,8.02,8.47,8.82,0.10000000000000142,-0.0005,0.0648,1.551
1990-10-01,7.94,8.38,8.71,0.10999999999999943,0.0001,0.0652,1.686
1990-10-02,7.92,8.35,8.69,0.08999999999999986,0.0006,0.0653,1.369
1990-10-03,7.88,8.33,8.71,0.07000000000000028,0.0013,0.0652,1.054
1990-10-04,7.87,8.3,8.67,0.0600000000000005,0.0019,0.0651,0.892
1990-10-05,7.81,8.27,8.65,0.08000000000000007,0.0025,0.065,1.192
1990-10-09,7.94,8.43,8.83,0.08999999999999808,0.0033,0.0649,1.336
1990-10-10,7.99,8.49,8.89,0.09999999999999964,0.0041,0.0648,1.48
1990-10-11,7.99,8.51,8.92,0.10999999999999943,0.0049,0.0649,1.619
1990-10-12,7.94,8.44,8.84,0.09999999999999787,0.0057,0.0649,1.453
1990-10-15,7.92,8.39,8.8,0.0600000000000005,0.0063,0.0647,0.83
1990-10-16,7.92,8.39,8.79,0.07000000000000206,0.0065,0.0648,0.98
1990-10-17,7.92,8.37,8.76,0.05999999999999872,0.0067,0.0649,0.821
1990-10-18,7.91,8.32,8.71,0.019999999999999574,0.0068,0.0649,0.203
1990-10-19,7.85,8.25,8.62,0.030000000000001137,0.0069,0.0649,0.356
1990-10-22,7.85,8.25,8.63,0.019999999999999574,0.007,0.0649,0.2
1990-10-23,7.84,8.25,8.65,0.009999999999999787,0.0072,0.0648,0.043
1990-10-24,7.84,8.26,8.66,0.019999999999999574,0.0075,0.0647,0.193
1990-10-25,7.8,8.21,8.62,1.7763568394002505e-15,0.0077,0.0646,-0.119
1990-10-26,7.8,8.23,8.63,0.02999999999999936,0.008,0.0645,0.341
1990-10-29,7.82,8.27,8.7,0.019999999999999574,0.0083,0.0645,0.181
1990-10-30,7.79,8.28,8.7,0.07000000000000028,0.0088,0.0644,0.95
1990-10-31,7.77,8.24,8.65,0.0600000000000005,0.0092,0.0644,0.789
1990-11-01,7.68,8.15,8.57,0.05000000000000071,0.0096,0.0643,0.628
1990-11-02,7.68,8.16,8.57,0.07000000000000028,0.0102,0.0643,0.93
1990-11-05,7.63,8.1,8.5,0.07000000000000028,0.0107,0.0642,0.924
1990-11-06,7.65,8.11,8.52,0.049999999999998934,0.0113,0.0638,0.607
1990-11-07,7.67,8.16,8.57,0.08000000000000007,0.0119,0.0638,1.067
1990-11-08,7.67,8.18,8.58,0.10999999999999943,0.0126,0.0639,1.524
1990-11-09,7.61,8.1,8.49,0.09999999999999964,0.0131,0.0641,1.356
1990-11-13,7.6,8.01,8.37,0.05000000000000071,0.0134,0.0641,0.571
1990-11-14,7.58,8.01,8.36,0.08000000000000007,0.0139,0.0641,1.031
1990-11-15,7.6,8.01,8.37,0.05000000000000071,0.0141,0.0641,0.56
1990-11-16,7.58,7.96,8.3,0.03999999999999915,0.0144,0.0641,0.399
1990-11-19,7.62,8.01,8.35,0.049999999999998934,0.0147,0.0641,0.551
1990-11-20,7.62,7.98,8.31,0.02999999999999936,0.015,0.0639,0.235
1990-11-21,7.55,7.92,8.27,0.019999999999999574,0.0151,0.0639,0.077
1990-11-23,7.53,7.92,8.28,0.02999999999999936,0.0154,0.0639,0.228
1990-11-26,7.55,7.92,8.27,0.019999999999999574,0.0156,0.0638,0.069
1990-11-27,7.5,7.94,8.28,0.10000000000000142,0.0161,0.0639,1.313
1990-11-28,7.56,7.94,8.3,0.019999999999999574,0.0163,0.0638,0.058
1990-11-29,7.58,7.96,8.32,0.019999999999999574,0.0166,0.0637,0.053
1990-11-30,7.53,7.91,8.26,0.02999999999999936,0.0168,0.0637,0.207
1990-12-03,7.51,7.88,8.22,0.02999999999999936,0.0174,0.0631,0.2
1990-12-04,7.46,7.83,8.2,0.0,0.0178,0.0626,-0.284
1990-12-05,7.46,7.82,8.16,0.019999999999999574,0.0183,0.0621,0.027
1990-12-06,7.48,7.82,8.18,-0.019999999999999574,0.0188,0.0613,-0.633
1990-12-07,7.33,7.67,8.03,-0.019999999999999574,0.0193,0.0605,-0.65
1990-12-10,7.28,7.63,7.98,-8.881784197001252e-16,0.0198,0.0598,-0.331
1990-12-11,7.26,7.6,7.94,-8.881784197001252e-16,0.0203,0.0591,-0.343
1990-12-12,7.22,7.59,7.91,0.04999999999999982,0.0211,0.0582,0.497
1990-12-13,7.31,7.68,7.98,0.07000000000000028,0.0219,0.0575,0.837
1990-12-14,7.35,7.74,8.05,0.08000000000000007,0.0228,0.0565,1.012
1990-12-17,7.31,7.71,8.02,0.08999999999999986,0.0239,0.0551,1.2
1990-12-18,7.28,7.67,7.99,0.06999999999999851,0.0249,0.0537,0.84
1990-12-19,7.21,7.64,8.0,0.07000000000000028,0.0258,0.0526,0.84
1990-12-20,7.25,7.67,8.05,0.03999999999999915,0.0266,0.051,0.263
1990-12-21,7.3,7.75,8.11,0.08999999999999986,0.0275,0.0503,1.243
1990-12-24,7.35,7.84,8.2,0.13000000000000078,0.0283,0.0503,2.022
1990-12-26,7.27,7.78,8.15,0.14000000000000057,0.0292,0.0501,2.212
1990-12-27,7.25,7.75,8.11,0.14000000000000057,0.03,0.0502,2.191
1990-12-28,7.25,7.78,8.14,0.16999999999999993,0.0309,0.0507,2.744
1990-12-31,7.15,7.68,8.08,0.129999999999999,0.0317,0.0508,1.935
1991-01-02,7.08,7.59,7.97,0.1299999999999999,0.0325,0.0507,1.923
1991-01-03,7.08,7.56,7.93,0.10999999999999943,0.0333,0.0504,1.522
1991-01-04,7.17,7.65,8.02,0.11000000000000121,0.034,0.0502,1.514
1991-01-07,7.2,7.75,8.13,0.16999999999999993,0.035,0.0503,2.684
1991-01-08,7.15,7.74,8.16,0.16999999999999993,0.036,0.0505,2.653
1991-01-09,7.1,7.81,8.25,0.2699999999999996,0.0373,0.0523,4.449
1991-01-10,7.14,7.76,8.16,0.21999999999999886,0.0385,0.0531,3.418
1991-01-11,7.14,7.79,8.2,0.240000000000002,0.0398,0.0539,3.714
1991-01-14,7.18,7.82,8.23,0.23000000000000043,0.0411,0.0545,3.466
1991-01-15,7.16,7.79,8.22,0.1999999999999993,0.0421,0.055,2.871
1991-01-16,7.21,7.83,8.24,0.20999999999999908,0.0432,0.0557,2.995
1991-01-17,7.19,7.71,8.05,0.17999999999999972,0.0442,0.0558,2.434
1991-01-18,7.14,7.68,8.03,0.1899999999999995,0.0452,0.0562,2.577
1991-01-22,7.13,7.7,8.07,0.1999999999999993,0.0461,0.0568,2.71
1991-01-23,7.08,7.67,8.04,0.22000000000000064,0.0472,0.0575,3.005
1991-01-24,7.04,7.61,8.0,0.17999999999999972,0.0482,0.0576,2.288
1991-01-25,7.1,7.67,8.06,0.17999999999999972,0.0492,0.0576,2.271
1991-01-28,7.12,7.67,8.06,0.15999999999999837,0.05,0.0579,1.9
1991-01-29,7.1,7.64,8.03,0.15000000000000036,0.0507,0.0579,1.715
1991-01-30,7.07,7.64,8.05,0.15999999999999837,0.0514,0.0582,1.866
1991-01-31,7.05,7.62,8.03,0.16000000000000192,0.0521,0.0584,1.848
1991-02-01,6.83,7.45,7.91,0.16000000000000014,0.0525,0.0588,1.828
1991-02-04,6.82,7.43,7.88,0.15999999999999925,0.0532,0.0591,1.807
1991-02-05,6.8,7.4,7.85,0.15000000000000036,0.0538,0.0593,1.622
1991-02-06,6.82,7.4,7.79,0.1900000000000004,0.0547,0.0597,2.266
1991-02-07,6.8,7.42,7.82,0.21999999999999886,0.0556,0.0604,2.722
1991-02-08,6.8,7.4,7.77,0.23000000000000043,0.0566,0.0612,2.833
1991-02-11,6.78,7.39,7.78,0.21999999999999886,0.0571,0.0621,2.623
1991-02-12,6.78,7.39,7.78,0.21999999999999886,0.0579,0.0629,2.577
1991-02-13,6.78,7.39,7.78,0.21999999999999886,0.0587,0.0637,2.532
1991-02-14,6.77,7.38,7.8,0.1900000000000004,0.0593,0.0642,2.036
1991-02-15,6.82,7.41,7.78,0.21999999999999975,0.0601,0.0649,2.464
1991-02-19,6.87,7.46,7.8,0.2500000000000009,0.0609,0.066,2.865
1991-02-20,6.87,7.49,7.84,0.2699999999999996,0.0619,0.0673,3.092
1991-02-21,6.9,7.51,7.88,0.23999999999999932,0.0627,0.0682,2.6
1991-02-22,6.98,7.57,7.91,0.25,0.0636,0.0691,2.698
1991-02-25,6.99,7.57,7.91,0.2400000000000002,0.0642,0.07,2.511
1991-02-26,7.0,7.62,7.96,0.28000000000000025,0.0655,0.0711,3.017
1991-02-27,7.02,7.64,7.98,0.27999999999999936,0.0667,0.0721,2.958
1991-02-28,7.04,7.66,8.02,0.26000000000000156,0.0679,0.0728,2.639
1991-03-01,7.18,7.78,8.12,0.26000000000000156,0.0692,0.0733,2.603
1991-03-04,7.16,7.77,8.12,0.2599999999999998,0.0704,0.0738,2.569
1991-03-05,7.13,7.73,8.08,0.2500000000000018,0.0717,0.0742,2.403
1991-03-06,7.15,7.77,8.11,0.27999999999999936,0.0729,0.0752,2.754
1991-03-07,7.12,7.73,8.07,0.2699999999999996,0.0741,0.0758,2.584
1991-03-08,7.08,7.77,8.13,0.3299999999999983,0.0754,0.0774,3.289
1991-03-11,7.05,7.71,8.06,0.3100000000000005,0.0766,0.0787,2.966
1991-03-12,7.07,7.74,8.09,0.3200000000000003,0.0779,0.0799,3.03
1991-03-13,7.0,7.67,8.02,0.3200000000000003,0.0793,0.0811,2.968
1991-03-14,6.95,7.64,8.02,0.3099999999999987,0.0805,0.0823,2.789
1991-03-15,7.01,7.73,8.1,0.3500000000000014,0.0819,0.0838,3.199
1991-03-18,7.09,7.79,8.15,0.33999999999999986,0.0833,0.0852,3.013
1991-03-19,7.22,7.93,8.25,0.39000000000000057,0.0848,0.0873,3.496
1991-03-20,7.2,7.88,8.2,0.35999999999999943,0.0862,0.0888,3.083
1991-03-21,7.13,7.82,8.16,0.3500000000000014,0.0875,0.0902,2.91
1991-03-22,7.13,7.82,8.13,0.3800000000000008,0.089,0.0919,3.166
1991-03-25,7.14,7.83,8.13,0.3899999999999988,0.0906,0.0937,3.195
1991-03-26,7.16,7.84,8.13,0.3899999999999988,0.0922,0.0953,3.125
1991-03-27,7.07,7.76,8.08,0.3699999999999992,0.0939,0.0964,2.864
1991-03-28,7.02,7.73,8.05,0.39000000000000057,0.0958,0.0976,3.014
1991-04-01,7.01,7.74,8.07,0.40000000000000036,0.0974,0.0992,3.05
1991-04-02,6.97,7.68,8.03,0.3600000000000012,0.0989,0.1003,2.603
1991-04-03,6.99,7.71,8.05,0.379999999999999,0.1005,0.1016,2.751
1991-04-04,6.94,7.67,8.0,0.3999999999999986,0.102,0.1032,2.888
1991-04-05,6.92,7.65,7.99,0.39000000000000057,0.1035,0.1046,2.739
1991-04-08,6.91,7.63,7.98,0.3699999999999992,0.1048,0.1059,2.504
1991-04-09,6.94,7.68,8.03,0.3899999999999988,0.1062,0.1073,2.645
1991-04-10,7.02,7.75,8.1,0.3800000000000008,0.1076,0.1086,2.508
1991-04-11,6.95,7.74,8.09,0.4400000000000013,0.1092,0.1104,2.996
1991-04-12,6.88,7.64,7.98,0.41999999999999815,0.1108,0.112,2.761
1991-04-15,6.9,7.64,7.95,0.4299999999999988,0.1124,0.1137,2.793
1991-04-16,6.92,7.66,7.97,0.4300000000000006,0.1141,0.1152,2.742
1991-04-17,6.9,7.64,7.95,0.4299999999999988,0.1157,0.1168,2.691
1991-04-18,6.99,7.74,8.02,0.47000000000000064,0.1175,0.1187,2.97
1991-04-19,7.03,7.8,8.1,0.47000000000000064,0.1194,0.1205,2.91
1991-04-22,7.07,7.83,8.15,0.4399999999999995,0.121,0.1221,2.613
1991-04-23,7.05,7.78,8.12,0.39000000000000234,0.1226,0.123,2.174
1991-04-24,6.95,7.73,8.06,0.45000000000000107,0.1244,0.1244,2.617
1991-04-25,6.93,7.7,8.07,0.40000000000000036,0.126,0.1253,2.187
1991-04-26,6.89,7.68,8.06,0.40999999999999837,0.1277,0.1263,2.235
1991-04-29,6.9,7.7,8.07,0.4299999999999997,0.1292,0.1277,2.356
1991-04-30,6.8,7.63,8.02,0.4400000000000013,0.1306,0.1291,2.397
1991-05-01,6.8,7.63,8.01,0.45000000000000107,0.1321,0.1306,2.434
1991-05-02,6.76,7.59,7.97,0.4500000000000002,0.1336,0.1321,2.395
1991-05-03,6.8,7.67,8.04,0.5,0.1353,0.134,2.722
1991-05-06,6.82,7.67,8.05,0.46999999999999886,0.1369,0.1356,2.456
1991-05-07,6.82,7.67,8.06,0.4599999999999991,0.1385,0.137,2.347
1991-05-08,6.84,7.68,8.04,0.4800000000000004,0.1402,0.1386,2.452
1991-05-09,6.84,7.68,8.02,0.5,0.142,0.1403,2.552
1991-05-10,6.87,7.76,8.12,0.5299999999999994,0.1438,0.1423,2.714
1991-05-13,6.84,7.72,8.07,0.5299999999999994,0.1455,0.1444,2.663
1991-05-14,6.86,7.78,8.14,0.5599999999999987,0.1474,0.1467,2.813
1991-05-15,6.84,7.77,8.13,0.5699999999999985,0.1493,0.149,2.823
1991-05-16,6.84,7.77,8.12,0.5800000000000001,0.1513,0.1514,2.832
1991-05-17,6.86,7.77,8.08,0.5999999999999996,0.1533,0.154,2.901
1991-05-20,6.86,7.78,8.1,0.5999999999999996,0.1553,0.1565,2.842
1991-05-21,6.84,7.74,8.06,0.5800000000000001,0.1571,0.1588,2.663
1991-05-22,6.77,7.72,8.06,0.6099999999999994,0.1591,0.1613,2.795
1991-05-23,6.74,7.71,8.1,0.5800000000000001,0.1609,0.1634,2.565
1991-05-24,6.69,7.68,8.1,0.5699999999999985,0.1626,0.1654,2.463
1991-05-28,6.66,7.66,8.07,0.5899999999999999,0.1646,0.1675,2.54
1991-05-29,6.61,7.66,8.07,0.6400000000000006,0.167,0.17,2.782
1991-05-30,6.6,7.63,8.02,0.6400000000000006,0.1695,0.1722,2.732
1991-05-31,6.68,7.69,8.06,0.6400000000000006,0.1721,0.1744,2.683
1991-06-03,6.79,7.8,8.14,0.6699999999999982,0.1746,0.177,2.799
1991-06-04,6.79,7.8,8.14,0.6699999999999982,0.1772,0.1794,2.747
1991-06-05,6.83,7.84,8.19,0.6600000000000001,0.1799,0.1816,2.644
1991-06-06,6.86,7.89,8.23,0.6899999999999977,0.1825,0.1842,2.755
1991-06-07,6.98,7.96,8.29,0.6500000000000004,0.185,0.1862,2.497
1991-06-10,7.01,7.95,8.29,0.6000000000000014,0.1871,0.1879,2.197
1991-06-11,6.99,7.96,8.29,0.6400000000000006,0.1896,0.1897,2.374
1991-06-12,7.08,8.02,8.36,0.5999999999999996,0.1917,0.1913,2.134
1991-06-13,7.08,8.0,8.34,0.5800000000000001,0.194,0.1925,2.005
1991-06-14,7.02,7.94,8.29,0.5700000000000021,0.1961,0.1937,1.93
1991-06-17,7.02,7.96,8.3,0.5999999999999996,0.1983,0.1951,2.059
1991-06-18,7.0,7.97,8.32,0.6199999999999992,0.2007,0.1966,2.133
1991-06-19,6.95,7.97,8.33,0.6599999999999984,0.2032,0.1984,2.302
1991-06-20,6.87,7.91,8.3,0.6499999999999986,0.2058,0.2,2.221
1991-06-21,6.94,7.95,8.32,0.6400000000000006,0.2082,0.2015,2.143
1991-06-24,6.96,7.98,8.33,0.6699999999999999,0.2107,0.2033,2.259
1991-06-25,7.04,7.99,8.33,0.6100000000000012,0.213,0.2046,1.94
1991-06-26,7.01,7.98,8.33,0.620000000000001,0.2154,0.2058,1.966
1991-06-27,7.0,7.97,8.32,0.6199999999999992,0.2178,0.207,1.943
1991-06-28,6.9,7.9,8.24,0.6600000000000001,0.2202,0.2086,2.108
1991-07-01,6.97,7.93,8.26,0.6300000000000008,0.2225,0.2099,1.941
1991-07-02,7.0,7.95,8.27,0.6300000000000008,0.2248,0.2111,1.919
1991-07-03,6.97,7.92,8.26,0.6100000000000012,0.2271,0.2122,1.804
1991-07-05,7.04,8.01,8.34,0.6400000000000006,0.2296,0.2133,1.924
1991-07-08,7.0,8.0,8.34,0.6600000000000001,0.2321,0.2147,1.993
1991-07-09,7.0,8.02,8.36,0.6799999999999997,0.2346,0.2162,2.06
1991-07-10,6.97,8.0,8.35,0.6800000000000015,0.2371,0.2177,2.034
1991-07-11,6.92,7.95,8.3,0.6799999999999997,0.2397,0.219,2.011
1991-07-12,6.88,7.9,8.26,0.6600000000000019,0.2422,0.2202,1.897
1991-07-15,6.88,7.9,8.26,0.6600000000000019,0.2448,0.2213,1.876
1991-07-16,6.9,7.91,8.27,0.6500000000000004,0.2472,0.2224,1.811
1991-07-17,6.94,7.94,8.3,0.6400000000000006,0.2495,0.2234,1.748
1991-07-18,6.91,7.95,8.31,0.6799999999999997,0.2521,0.2247,1.904
1991-07-19,6.89,7.91,8.28,0.6500000000000004,0.2546,0.2256,1.753
1991-07-22,6.91,7.92,8.28,0.6500000000000004,0.2569,0.2266,1.735
1991-07-23,6.94,7.96,8.31,0.6699999999999999,0.2595,0.2276,1.804
1991-07-24,6.88,7.86,8.24,0.5999999999999996,0.2619,0.228,1.483
1991-07-25,6.87,7.81,8.2,0.5500000000000007,0.264,0.2282,1.253
1991-07-26,6.85,7.82,8.2,0.5900000000000016,0.2661,0.2288,1.416
1991-07-29,6.82,7.81,8.2,0.5999999999999996,0.2683,0.2293,1.447
1991-07-30,6.84,7.81,8.21,0.5699999999999985,0.2704,0.2297,1.304
1991-07-31,6.81,7.77,8.2,0.5300000000000011,0.2721,0.2299,1.122
1991-08-01,6.84,7.78,8.2,0.5200000000000014,0.2742,0.2299,1.069
1991-08-02,6.69,7.62,8.06,0.4900000000000002,0.2762,0.2296,0.931
1991-08-05,6.69,7.62,8.04,0.5100000000000016,0.2783,0.2293,1.01
1991-08-06,6.57,7.54,7.97,0.54,0.2804,0.2291,1.133
1991-08-07,6.54,7.51,7.93,0.5500000000000007,0.2826,0.2291,1.167
1991-08-08,6.52,7.53,7.98,0.5600000000000005,0.285,0.2289,1.201
1991-08-09,6.49,7.51,7.98,0.5499999999999989,0.2871,0.2288,1.149
1991-08-12,6.49,7.49,7.95,0.54,0.289,0.2289,1.097
1991-08-13,6.48,7.46,7.91,0.5299999999999994,0.2911,0.2287,1.045
1991-08-14,6.37,7.37,7.82,0.5500000000000007,0.293,0.2289,1.123
1991-08-15,6.33,7.37,7.84,0.5700000000000003,0.295,0.2291,1.2
1991-08-16,6.31,7.33,7.84,0.5100000000000016,0.2967,0.2291,0.931
1991-08-19,6.24,7.31,7.83,0.5499999999999989,0.2985,0.2292,1.097
1991-08-20,6.17,7.24,7.81,0.5000000000000009,0.3003,0.2291,0.872
1991-08-21,6.27,7.27,7.8,0.46999999999999975,0.3019,0.2288,0.735
1991-08-22,6.27,7.25,7.78,0.4500000000000002,0.3035,0.2285,0.641
1991-08-23,6.46,7.39,7.88,0.4400000000000004,0.3048,0.2283,0.592
1991-08-26,6.48,7.44,7.91,0.4900000000000002,0.3065,0.2281,0.804
1991-08-27,6.41,7.42,7.89,0.54,0.3082,0.2283,1.015
1991-08-28,6.3,7.32,7.82,0.5199999999999996,0.3097,0.2284,0.921
1991-08-29,6.25,7.24,7.74,0.4900000000000002,0.3112,0.2283,0.783
1991-08-30,6.36,7.34,7.82,0.5,0.3125,0.2284,0.821
1991-09-03,6.33,7.32,7.81,0.5000000000000009,0.3144,0.2281,0.814
1991-09-04,6.31,7.31,7.81,0.4999999999999991,0.3161,0.2278,0.807
1991-09-05,6.31,7.32,7.83,0.5000000000000018,0.3178,0.2276,0.801
1991-09-06,6.26,7.24,7.76,0.46000000000000085,0.3194,0.2272,0.619
1991-09-09,6.23,7.2,7.73,0.4399999999999995,0.321,0.2266,0.525
1991-09-10,6.21,7.2,7.73,0.46000000000000085,0.3226,0.2261,0.608
1991-09-11,6.23,7.21,7.74,0.4499999999999993,0.3242,0.2256,0.558
1991-09-12,6.2,7.15,7.67,0.4300000000000015,0.3257,0.2251,0.463
1991-09-13,6.18,7.13,7.66,0.41999999999999993,0.3272,0.2244,0.414
1991-09-16,6.17,7.11,7.63,0.4200000000000008,0.3288,0.2236,0.408
1991-09-17,6.18,7.1,7.62,0.39999999999999947,0.3302,0.223,0.313
1991-09-18,6.18,7.1,7.62,0.39999999999999947,0.3315,0.2224,0.308
1991-09-19,6.2,7.1,7.61,0.3899999999999988,0.3329,0.2216,0.258
1991-09-20,6.18,7.09,7.57,0.4299999999999997,0.3345,0.2208,0.433
1991-09-23,6.17,7.09,7.55,0.45999999999999996,0.3361,0.2203,0.562
1991-09-24,6.11,7.09,7.56,0.5100000000000007,0.3379,0.2198,0.783
1991-09-25,6.12,7.06,7.58,0.41999999999999904,0.3394,0.2191,0.368
1991-09-26,6.05,7.03,7.56,0.45000000000000195,0.3411,0.2184,0.499
1991-09-27,6.02,6.95,7.49,0.39000000000000057,0.3423,0.2178,0.219
1991-09-30,5.99,6.92,7.47,0.3799999999999999,0.3434,0.2172,0.169
1991-10-01,5.99,6.9,7.45,0.3600000000000003,0.3445,0.2166,0.072
1991-10-02,5.99,6.9,7.47,0.34000000000000075,0.3455,0.216,-0.025
1991-10-03,5.98,6.88,7.47,0.3099999999999996,0.3463,0.2155,-0.168
1991-10-04,5.91,6.81,7.39,0.3199999999999994,0.3472,0.2149,-0.127
1991-10-07,5.93,6.81,7.4,0.28999999999999915,0.3481,0.2143,-0.271
1991-10-08,5.89,6.82,7.43,0.3200000000000012,0.3491,0.2135,-0.136
1991-10-09,5.93,6.87,7.51,0.3000000000000007,0.35,0.2128,-0.235
1991-10-10,5.98,6.93,7.58,0.29999999999999893,0.3508,0.2122,-0.239
1991-10-11,5.91,6.84,7.49,0.27999999999999936,0.3515,0.2117,-0.338
1991-10-15,5.85,6.81,7.46,0.3099999999999996,0.3523,0.2111,-0.2
1991-10-16,5.86,6.79,7.45,0.2699999999999996,0.353,0.2106,-0.394
1991-10-17,5.93,6.9,7.55,0.3200000000000012,0.354,0.2098,-0.162
1991-10-18,5.95,6.88,7.53,0.27999999999999936,0.3548,0.2091,-0.358
1991-10-21,5.99,6.95,7.62,0.29000000000000004,0.3558,0.2083,-0.316
1991-10-22,6.02,6.99,7.67,0.2900000000000009,0.3568,0.2072,-0.322
1991-10-23,6.01,7.0,7.69,0.2999999999999998,0.3579,0.2062,-0.281
1991-10-24,5.93,6.91,7.65,0.2400000000000002,0.3588,0.2053,-0.579
1991-10-25,5.93,6.96,7.68,0.3100000000000005,0.36,0.2041,-0.245
1991-10-28,5.88,6.91,7.65,0.29000000000000004,0.361,0.203,-0.35
1991-10-29,5.78,6.8,7.51,0.3099999999999996,0.3623,0.2018,-0.259
1991-10-30,5.73,6.77,7.48,0.3299999999999983,0.3635,0.2007,-0.167
1991-10-31,5.7,6.74,7.47,0.3100000000000005,0.3646,0.1995,-0.274
1991-11-01,5.65,6.71,7.48,0.28999999999999915,0.3655,0.1987,-0.38
1991-11-04,5.63,6.74,7.5,0.35000000000000053,0.3666,0.1978,-0.084
1991-11-05,5.7,6.79,7.56,0.3200000000000003,0.3677,0.1968,-0.242
1991-11-06,5.63,6.72,7.51,0.2999999999999998,0.3686,0.1959,-0.35
1991-11-07,5.62,6.65,7.43,0.2500000000000009,0.3693,0.1952,-0.611
1991-11-08,5.63,6.66,7.41,0.28000000000000025,0.3702,0.1942,-0.464
1991-11-12,5.65,6.65,7.37,0.28000000000000025,0.371,0.1934,-0.471
1991-11-13,5.65,6.69,7.41,0.3200000000000003,0.3719,0.1927,-0.269
1991-11-14,5.6,6.62,7.35,0.2900000000000009,0.3726,0.192,-0.43
1991-11-15,5.54,6.58,7.33,0.29000000000000004,0.3736,0.191,-0.438
1991-11-18,5.55,6.57,7.33,0.2600000000000007,0.3743,0.1903,-0.601
1991-11-19,5.5,6.55,7.37,0.22999999999999954,0.375,0.1894,-0.766
1991-11-20,5.52,6.56,7.38,0.21999999999999975,0.3757,0.1884,-0.826
1991-11-21,5.5,6.54,7.39,0.1900000000000004,0.3763,0.1877,-0.993
1991-11-22,5.49,6.56,7.44,0.18999999999999861,0.3769,0.1868,-1.001
1991-11-25,5.5,6.61,7.45,0.27000000000000046,0.3779,0.1855,-0.582
1991-11-26,5.45,6.53,7.42,0.1900000000000004,0.3785,0.1846,-1.021
1991-11-27,5.43,6.53,7.42,0.21000000000000085,0.3793,0.1835,-0.923
1991-11-29,5.38,6.48,7.38,0.20000000000000107,0.3797,0.183,-0.982
1991-12-02,5.33,6.43,7.32,0.20999999999999908,0.3804,0.1819,-0.937
1991-12-03,5.29,6.39,7.28,0.20999999999999908,0.3812,0.1808,-0.947
1991-12-04,5.22,6.27,7.17,0.14999999999999947,0.3817,0.18,-1.287
1991-12-05,5.22,6.3,7.21,0.16999999999999993,0.3822,0.1792,-1.184
1991-12-06,5.19,6.31,7.26,0.16999999999999904,0.3829,0.178,-1.196
1991-12-09,5.09,6.23,7.22,0.15000000000000124,0.3834,0.1772,-1.317
1991-12-10,5.07,6.25,7.21,0.21999999999999975,0.3844,0.1756,-0.936
1991-12-11,5.04,6.26,7.22,0.2599999999999998,0.3855,0.1739,-0.722
1991-12-12,5.06,6.23,7.19,0.21000000000000085,0.3863,0.1726,-1.021
1991-12-13,5.09,6.3,7.22,0.29000000000000004,0.3875,0.1709,-0.571
1991-12-16,5.06,6.28,7.21,0.2900000000000009,0.3884,0.1697,-0.58
1991-12-17,5.02,6.24,7.18,0.28000000000000114,0.3892,0.1687,-0.647
1991-12-18,5.11,6.3,7.19,0.29999999999999893,0.3901,0.1676,-0.538
1991-12-19,5.05,6.19,7.11,0.22000000000000064,0.3906,0.1669,-1.022
1991-12-20,4.8,6.02,6.97,0.2699999999999996,0.3914,0.1658,-0.732
1991-12-23,4.79,6.0,6.88,0.33000000000000007,0.3925,0.1646,-0.38
1991-12-24,4.84,6.01,6.88,0.2999999999999998,0.3935,0.1632,-0.573
1991-12-26,4.85,6.0,6.85,0.3000000000000007,0.3943,0.1622,-0.581
1991-12-27,4.85,6.0,6.82,0.33000000000000007,0.3951,0.1614,-0.403
1991-12-30,4.8,5.97,6.76,0.3799999999999999,0.3961,0.1606,-0.1
1991-12-31,4.77,5.93,6.71,0.3799999999999999,0.397,0.1598,-0.106
1992-01-02,4.77,5.98,6.78,0.41000000000000103,0.398,0.1591,0.075
1992-01-03,4.8,6.05,6.85,0.4500000000000002,0.3992,0.1583,0.321
1992-01-06,4.76,6.02,6.82,0.4599999999999991,0.4006,0.1574,0.377
1992-01-07,4.67,5.94,6.76,0.45000000000000107,0.4019,0.1563,0.308
1992-01-08,4.66,5.96,6.77,0.4900000000000002,0.4034,0.1553,0.558
1992-01-09,4.77,6.02,6.79,0.47999999999999954,0.4046,0.1547,0.487
1992-01-10,4.85,6.1,6.85,0.5,0.406,0.1541,0.61
1992-01-13,4.93,6.21,6.92,0.5700000000000003,0.4071,0.1542,1.056
1992-01-14,5.0,6.34,7.03,0.6499999999999995,0.4088,0.1545,1.561
1992-01-15,5.07,6.37,7.05,0.6200000000000001,0.4104,0.1547,1.355
1992-01-16,5.07,6.41,7.13,0.6200000000000001,0.4119,0.1548,1.344
1992-01-17,5.02,6.36,7.09,0.6100000000000012,0.4135,0.1548,1.269
1992-01-21,4.97,6.27,7.03,0.5399999999999991,0.4148,0.1544,0.811
1992-01-22,4.95,6.28,7.09,0.5200000000000005,0.4162,0.1539,0.674
1992-01-23,5.02,6.32,7.2,0.4200000000000008,0.4171,0.1532,0.019
1992-01-24,5.13,6.4,7.25,0.4200000000000008,0.418,0.1526,0.013
1992-01-27,5.15,6.41,7.24,0.4299999999999997,0.4188,0.1521,0.074
1992-01-28,5.1,6.32,7.16,0.3800000000000008,0.4196,0.1513,-0.262
1992-01-29,5.15,6.42,7.25,0.4399999999999995,0.4206,0.1506,0.129
1992-01-30,5.17,6.48,7.31,0.4800000000000013,0.4219,0.1497,0.388
1992-01-31,5.11,6.44,7.31,0.46000000000000085,0.4231,0.1487,0.248
1992-02-03,5.15,6.52,7.36,0.5299999999999985,0.4246,0.148,0.712
1992-02-04,5.12,6.46,7.29,0.5099999999999998,0.426,0.1471,0.571
1992-02-05,5.07,6.4,7.21,0.5200000000000005,0.4274,0.1463,0.633
1992-02-06,5.05,6.4,7.2,0.5500000000000007,0.429,0.1455,0.832
1992-02-07,4.97,6.4,7.2,0.6300000000000008,0.4309,0.145,1.373
1992-02-10,4.94,6.38,7.21,0.6099999999999994,0.4325,0.1446,1.228
1992-02-11,5.01,6.4,7.23,0.5600000000000005,0.4339,0.1442,0.874
1992-02-12,5.08,6.46,7.3,0.54,0.4351,0.1438,0.729
1992-02-13,5.22,6.61,7.4,0.5999999999999996,0.4366,0.1435,1.139
1992-02-14,5.27,6.65,7.41,0.620000000000001,0.4382,0.1433,1.269
1992-02-18,5.24,6.69,7.47,0.6700000000000008,0.44,0.1434,1.604
1992-02-19,5.28,6.67,7.42,0.6399999999999988,0.4418,0.143,1.386
1992-02-20,5.3,6.67,7.41,0.629999999999999,0.4434,0.1428,1.307
1992-02-21,5.46,6.77,7.45,0.6299999999999981,0.4449,0.1428,1.296
1992-02-24,5.46,6.81,7.47,0.6900000000000004,0.4466,0.1432,1.7
1992-02-25,5.43,6.78,7.44,0.6900000000000004,0.4484,0.1434,1.685
1992-02-26,5.37,6.66,7.33,0.6200000000000001,0.4498,0.1433,1.188
1992-02-27,5.34,6.67,7.35,0.6500000000000004,0.4515,0.1432,1.386
1992-02-28,5.27,6.58,7.27,0.620000000000001,0.4528,0.1432,1.168
1992-03-02,5.45,6.73,7.38,0.6300000000000017,0.4542,0.1432,1.228
1992-03-03,5.48,6.76,7.43,0.6099999999999994,0.4556,0.143,1.08
1992-03-04,5.5,6.76,7.43,0.5899999999999999,0.4569,0.1427,0.933
1992-03-05,5.62,6.87,7.51,0.6100000000000012,0.4583,0.1425,1.065
1992-03-06,5.6,6.85,7.48,0.6199999999999992,0.4598,0.1422,1.127
1992-03-09,5.54,6.77,7.42,0.5799999999999992,0.461,0.142,0.838
1992-03-10,5.56,6.78,7.43,0.5700000000000003,0.4621,0.1416,0.762
1992-03-11,5.58,6.86,7.51,0.6300000000000008,0.4633,0.1418,1.176
1992-03-12,5.74,7.01,7.62,0.6599999999999993,0.4647,0.142,1.375
1992-03-13,5.86,7.14,7.71,0.7099999999999982,0.4663,0.1425,1.71
1992-03-16,5.87,7.12,7.69,0.6800000000000006,0.4677,0.1429,1.486
1992-03-17,5.83,7.06,7.62,0.669999999999999,0.4691,0.1431,1.404
1992-03-18,5.84,7.06,7.62,0.6599999999999993,0.4704,0.1434,1.322
1992-03-19,5.79,7.03,7.57,0.6999999999999993,0.4718,0.1439,1.586
1992-03-20,5.86,7.12,7.64,0.7399999999999993,0.4732,0.1448,1.843
1992-03-23,5.87,7.1,7.62,0.7099999999999982,0.4746,0.1454,1.619
1992-03-24,5.78,7.0,7.53,0.6899999999999986,0.4759,0.1458,1.468
1992-03-25,5.72,6.96,7.53,0.669999999999999,0.4771,0.1462,1.319
1992-03-26,5.69,6.98,7.57,0.6999999999999993,0.4783,0.1467,1.511
1992-03-27,5.68,6.97,7.54,0.7199999999999998,0.4796,0.1474,1.631
1992-03-30,5.61,6.93,7.54,0.71,0.481,0.148,1.547
1992-03-31,5.6,6.94,7.54,0.7400000000000011,0.4823,0.1487,1.733
1992-04-01,5.53,6.82,7.46,0.6499999999999995,0.4833,0.149,1.119
1992-04-02,5.55,6.85,7.47,0.6799999999999988,0.4846,0.1493,1.309
1992-04-03,5.37,6.76,7.42,0.7299999999999986,0.486,0.15,1.627
1992-04-06,5.36,6.74,7.41,0.7100000000000009,0.4872,0.1505,1.48
1992-04-07,5.34,6.73,7.41,0.7100000000000009,0.4885,0.1511,1.466
1992-04-08,5.33,6.76,7.44,0.7499999999999991,0.49,0.1518,1.713
1992-04-09,5.09,6.59,7.35,0.7400000000000002,0.4914,0.1525,1.63
1992-04-10,5.16,6.62,7.37,0.71,0.4927,0.1529,1.421
1992-04-13,5.11,6.58,7.33,0.7200000000000006,0.4938,0.1535,1.474
1992-04-14,5.15,6.6,7.35,0.6999999999999993,0.4949,0.154,1.332
1992-04-15,5.22,6.66,7.37,0.7300000000000013,0.4961,0.1547,1.512
1992-04-16,5.34,6.76,7.45,0.7299999999999995,0.4973,0.1553,1.498
1992-04-20,5.45,6.9,7.59,0.7600000000000016,0.4986,0.1561,1.675
1992-04-21,5.41,6.89,7.58,0.7899999999999991,0.4999,0.1572,1.845
1992-04-22,5.41,6.89,7.57,0.7999999999999989,0.5012,0.1583,1.888
1992-04-23,5.41,6.91,7.59,0.8200000000000003,0.5027,0.1595,1.989
1992-04-24,5.33,6.85,7.55,0.8199999999999994,0.5044,0.1606,1.965
1992-04-27,5.42,6.9,7.6,0.7800000000000011,0.5057,0.1615,1.698
1992-04-28,5.4,6.87,7.57,0.7699999999999996,0.5072,0.1622,1.62
1992-04-29,5.39,6.88,7.6,0.7700000000000014,0.5086,0.163,1.604
1992-04-30,5.46,6.91,7.61,0.7499999999999991,0.5099,0.1636,1.468
1992-05-01,5.33,6.82,7.56,0.7500000000000009,0.5111,0.1642,1.455
1992-05-04,5.32,6.82,7.58,0.7400000000000002,0.5123,0.1648,1.382
1992-05-05,5.3,6.8,7.56,0.7400000000000011,0.5134,0.1654,1.37
1992-05-06,5.25,6.76,7.46,0.8099999999999996,0.5146,0.1664,1.775
1992-05-07,5.34,6.8,7.49,0.7699999999999996,0.5158,0.1672,1.52
1992-05-08,5.29,6.73,7.41,0.7600000000000016,0.517,0.1679,1.447
1992-05-11,5.24,6.71,7.4,0.7799999999999994,0.5182,0.1687,1.552
1992-05-12,5.19,6.66,7.36,0.7699999999999987,0.5193,0.1694,1.48
1992-05-13,5.14,6.64,7.34,0.8000000000000007,0.5204,0.1703,1.642
1992-05-14,5.13,6.63,7.34,0.7899999999999991,0.5214,0.1712,1.569
1992-05-15,5.11,6.6,7.28,0.8099999999999996,0.5224,0.1721,1.671
1992-05-18,5.12,6.59,7.28,0.7799999999999985,0.5232,0.1728,1.486
1992-05-19,5.0,6.47,7.2,0.7399999999999993,0.5238,0.1733,1.248
1992-05-20,5.13,6.55,7.25,0.7199999999999998,0.5243,0.1737,1.127
1992-05-21,5.34,6.77,7.39,0.8099999999999996,0.5252,0.1746,1.631
1992-05-22,5.24,6.69,7.35,0.7900000000000009,0.526,0.1753,1.506
1992-05-26,5.35,6.79,7.46,0.7700000000000005,0.5266,0.1759,1.384
1992-05-27,5.28,6.74,7.44,0.7599999999999989,0.5273,0.1765,1.318
1992-05-28,5.22,6.67,7.36,0.7600000000000007,0.5281,0.1771,1.309
1992-05-29,5.19,6.61,7.33,0.7000000000000011,0.5285,0.1774,0.967
1992-06-01,5.29,6.69,7.39,0.7000000000000002,0.5288,0.1776,0.964
1992-06-02,5.23,6.61,7.35,0.6400000000000006,0.5288,0.1776,0.626
1992-06-03,5.2,6.6,7.34,0.6599999999999993,0.5288,0.1776,0.739
1992-06-04,5.22,6.6,7.34,0.6399999999999997,0.5287,0.1776,0.627
1992-06-05,5.13,6.55,7.31,0.6600000000000001,0.5287,0.1775,0.74
1992-06-08,5.11,6.56,7.31,0.6999999999999984,0.5288,0.1777,0.963
1992-06-09,5.11,6.59,7.33,0.7400000000000002,0.529,0.1779,1.186
1992-06-10,5.13,6.59,7.35,0.7000000000000011,0.5292,0.178,0.96
1992-06-11,5.09,6.56,7.33,0.6999999999999993,0.5296,0.1783,0.956
1992-06-12,5.06,6.49,7.29,0.6300000000000008,0.5296,0.1783,0.563
1992-06-15,5.05,6.49,7.28,0.6500000000000004,0.5298,0.1784,0.674
1992-06-16,5.02,6.44,7.24,0.620000000000001,0.53,0.1784,0.504
1992-06-17,5.0,6.44,7.23,0.6500000000000004,0.5303,0.1786,0.67
1992-06-18,4.94,6.39,7.19,0.6499999999999986,0.5305,0.1787,0.669
1992-06-19,5.0,6.45,7.24,0.6600000000000001,0.5306,0.1788,0.724
1992-06-22,4.99,6.45,7.24,0.6699999999999999,0.5307,0.1788,0.779
1992-06-23,5.1,6.5,7.25,0.6500000000000004,0.5307,0.1788,0.667
1992-06-24,4.96,6.39,7.2,0.6199999999999992,0.5306,0.1788,0.5
1992-06-25,4.89,6.32,7.14,0.6100000000000012,0.5304,0.1786,0.446
1992-06-26,4.88,6.33,7.15,0.6299999999999999,0.5304,0.1787,0.557
1992-06-29,4.83,6.29,7.12,0.6299999999999999,0.5305,0.1787,0.557
1992-06-30,4.83,6.29,7.14,0.6100000000000003,0.5304,0.1787,0.445
1992-07-01,4.82,6.27,7.1,0.6199999999999992,0.5303,0.1786,0.502
1992-07-02,4.55,6.02,6.93,0.5599999999999996,0.53,0.1785,0.168
1992-07-06,4.46,5.97,6.9,0.5799999999999992,0.5298,0.1784,0.281
1992-07-07,4.4,5.91,6.87,0.5499999999999998,0.5296,0.1783,0.114
1992-07-08,4.4,5.93,6.91,0.5499999999999989,0.5292,0.1782,0.117
1992-07-09,4.4,5.93,6.91,0.5499999999999989,0.5288,0.178,0.119
1992-07-10,4.38,5.92,6.93,0.5300000000000002,0.5282,0.1777,0.01
1992-07-13,4.4,5.94,6.97,0.5100000000000007,0.5275,0.1775,-0.099
1992-07-14,4.32,5.9,6.97,0.5100000000000007,0.5268,0.1772,-0.095
1992-07-15,4.25,5.8,6.9,0.4499999999999993,0.526,0.1771,-0.429
1992-07-16,4.25,5.8,6.87,0.47999999999999954,0.5253,0.1769,-0.256
1992-07-17,4.27,5.82,6.9,0.47000000000000064,0.5246,0.1768,-0.309
1992-07-20,4.3,5.82,6.9,0.4400000000000004,0.5238,0.1767,-0.474
1992-07-21,4.34,5.82,6.89,0.41000000000000103,0.5227,0.1766,-0.638
1992-07-22,4.29,5.77,6.85,0.39999999999999947,0.5217,0.1766,-0.689
1992-07-23,4.2,5.62,6.72,0.3200000000000003,0.5204,0.1768,-1.133
1992-07-24,4.25,5.66,6.73,0.33999999999999986,0.5191,0.1769,-1.012
1992-07-27,4.27,5.66,6.69,0.3600000000000003,0.5181,0.1771,-0.893
1992-07-28,4.27,5.63,6.63,0.3600000000000003,0.5174,0.1774,-0.887
1992-07-29,4.25,5.62,6.6,0.39000000000000057,0.5166,0.1775,-0.713
1992-07-30,4.33,5.76,6.69,0.4999999999999991,0.5162,0.1775,-0.091
1992-07-31,4.42,5.84,6.72,0.54,0.5161,0.1774,0.135
1992-08-03,4.4,5.82,6.72,0.5200000000000005,0.516,0.1774,0.023
1992-08-04,4.31,5.72,6.66,0.46999999999999975,0.5158,0.1775,-0.258
1992-08-05,4.29,5.69,6.64,0.45000000000000107,0.5157,0.1775,-0.37
1992-08-06,4.29,5.67,6.65,0.39999999999999947,0.5152,0.1776,-0.649
1992-08-07,4.18,5.56,6.57,0.3699999999999992,0.5146,0.1779,-0.813
1992-08-10,4.12,5.5,6.52,0.3600000000000003,0.5138,0.1781,-0.864
1992-08-11,4.15,5.5,6.5,0.34999999999999964,0.513,0.1784,-0.914
1992-08-12,4.19,5.54,6.48,0.40999999999999925,0.5124,0.1785,-0.574
1992-08-13,4.19,5.57,6.55,0.40000000000000036,0.5119,0.1786,-0.627
1992-08-14,4.14,5.54,6.53,0.41000000000000014,0.5114,0.1787,-0.567
1992-08-17,4.13,5.55,6.56,0.41000000000000014,0.5108,0.1788,-0.564
1992-08-18,4.04,5.44,6.48,0.3600000000000003,0.51,0.1791,-0.838
1992-08-19,4.06,5.43,6.47,0.33000000000000007,0.5093,0.1794,-0.999
1992-08-20,4.04,5.42,6.46,0.33999999999999986,0.5085,0.1797,-0.938
1992-08-21,4.13,5.54,6.53,0.41999999999999993,0.5081,0.1798,-0.49
1992-08-24,4.27,5.72,6.68,0.4900000000000002,0.5082,0.1798,-0.101
1992-08-25,4.32,5.76,6.73,0.46999999999999886,0.5083,0.1798,-0.213
1992-08-26,4.26,5.7,6.68,0.46000000000000085,0.5084,0.1797,-0.269
1992-08-27,4.23,5.65,6.64,0.4300000000000006,0.5081,0.1798,-0.434
1992-08-28,4.16,5.6,6.63,0.40999999999999925,0.5076,0.1799,-0.543
1992-08-31,4.15,5.6,6.62,0.4299999999999988,0.5073,0.18,-0.429
1992-09-01,4.12,5.52,6.56,0.35999999999999943,0.5067,0.1802,-0.814
1992-09-02,4.1,5.5,6.54,0.3600000000000003,0.5062,0.1804,-0.81
1992-09-03,4.09,5.5,6.54,0.3700000000000001,0.5057,0.1806,-0.751
1992-09-04,3.89,5.3,6.4,0.3099999999999987,0.5049,0.1811,-1.076
1992-09-08,3.83,5.21,6.29,0.2999999999999998,0.5041,0.1815,-1.125
1992-09-09,3.85,5.25,6.31,0.34000000000000075,0.5037,0.1818,-0.9
1992-09-10,3.83,5.26,6.31,0.3799999999999999,0.5034,0.1819,-0.678
1992-09-11,3.87,5.33,6.37,0.41999999999999993,0.5033,0.182,-0.458
1992-09-14,3.8,5.28,6.32,0.4400000000000004,0.5032,0.182,-0.347
1992-09-15,3.89,5.37,6.4,0.4499999999999993,0.5033,0.182,-0.293
1992-09-16,3.87,5.4,6.41,0.5200000000000005,0.5037,0.1819,0.09
1992-09-17,3.86,5.41,6.4,0.5600000000000005,0.5042,0.1818,0.307
1992-09-18,3.86,5.41,6.41,0.5500000000000007,0.5048,0.1817,0.249
1992-09-21,3.91,5.46,6.42,0.5899999999999999,0.5056,0.1817,0.465
1992-09-22,3.98,5.52,6.5,0.5599999999999987,0.5063,0.1816,0.296
1992-09-23,3.97,5.54,6.54,0.5699999999999994,0.5068,0.1816,0.348
1992-09-24,3.91,5.47,6.48,0.5499999999999989,0.5072,0.1816,0.236
1992-09-25,3.78,5.33,6.41,0.47000000000000064,0.507,0.1816,-0.204
1992-09-28,3.77,5.28,6.37,0.4200000000000008,0.507,0.1816,-0.479
1992-09-29,3.8,5.31,6.37,0.4499999999999993,0.507,0.1816,-0.314
1992-09-30,3.8,5.33,6.37,0.4900000000000002,0.5074,0.1814,-0.096
1992-10-01,3.67,5.18,6.23,0.4599999999999991,0.5077,0.1813,-0.263
1992-10-02,3.71,5.22,6.26,0.46999999999999975,0.5082,0.181,-0.211
1992-10-05,3.68,5.18,6.24,0.4399999999999995,0.5086,0.1808,-0.379
1992-10-06,3.74,5.25,6.3,0.45999999999999996,0.5092,0.1804,-0.273
1992-10-07,3.88,5.43,6.46,0.5199999999999996,0.51,0.18,0.056
1992-10-08,3.83,5.37,6.41,0.5,0.5108,0.1794,-0.06
1992-10-09,4.0,5.5,6.52,0.4800000000000004,0.5114,0.179,-0.175
1992-10-13,3.99,5.49,6.51,0.4800000000000004,0.5121,0.1786,-0.18
1992-10-14,4.02,5.51,6.51,0.4900000000000002,0.5129,0.1781,-0.129
1992-10-15,4.02,5.52,6.53,0.4899999999999993,0.5137,0.1775,-0.134
1992-10-16,4.04,5.57,6.6,0.5000000000000009,0.5145,0.177,-0.082
1992-10-19,4.15,5.71,6.69,0.5799999999999992,0.5157,0.1764,0.365
1992-10-20,4.34,5.9,6.86,0.6000000000000005,0.5168,0.176,0.473
1992-10-21,4.29,5.82,6.8,0.5500000000000007,0.5179,0.1754,0.183
1992-10-22,4.24,5.79,6.74,0.5999999999999996,0.5191,0.1749,0.463
1992-10-23,4.37,5.91,6.83,0.6200000000000001,0.5204,0.1744,0.571
1992-10-26,4.39,5.92,6.83,0.6200000000000001,0.5217,0.1739,0.565
1992-10-27,4.32,5.82,6.78,0.54,0.5229,0.173,0.099
1992-10-28,4.33,5.83,6.76,0.5700000000000003,0.5239,0.1725,0.267
1992-10-29,4.33,5.79,6.71,0.54,0.5249,0.1719,0.088
1992-10-30,4.4,5.9,6.8,0.6000000000000005,0.5261,0.1714,0.431
1992-11-02,4.47,5.96,6.88,0.5700000000000003,0.527,0.171,0.251
1992-11-03,4.44,5.94,6.87,0.5700000000000003,0.5281,0.1704,0.246
1992-11-04,4.44,5.94,6.89,0.5500000000000007,0.5291,0.1698,0.123
1992-11-05,4.39,5.93,6.87,0.5999999999999996,0.5301,0.1695,0.412
1992-11-06,4.48,6.02,6.97,0.589999999999999,0.5312,0.169,0.348
1992-11-09,4.57,6.09,7.0,0.6099999999999994,0.5324,0.1684,0.461
1992-11-10,4.5,6.01,6.91,0.6099999999999994,0.5338,0.1675,0.455
1992-11-12,4.44,5.89,6.79,0.5499999999999989,0.5349,0.1668,0.091
1992-11-13,4.54,5.99,6.82,0.6200000000000001,0.5362,0.1661,0.505
1992-11-16,4.68,6.11,6.9,0.6400000000000006,0.5375,0.1656,0.619
1992-11-17,4.67,6.08,6.86,0.6299999999999999,0.5388,0.165,0.553
1992-11-18,4.58,5.97,6.78,0.5799999999999992,0.54,0.1643,0.243
1992-11-19,4.59,6.0,6.81,0.6000000000000005,0.5413,0.1633,0.359
1992-11-20,4.66,6.08,6.84,0.6600000000000001,0.5431,0.1623,0.72
1992-11-23,4.69,6.1,6.86,0.6499999999999986,0.5448,0.1612,0.653
1992-11-24,4.61,6.04,6.82,0.6499999999999995,0.5466,0.1597,0.647
1992-11-25,4.7,6.12,6.84,0.7000000000000002,0.5486,0.1584,0.956
1992-11-27,4.77,6.22,6.93,0.7400000000000002,0.5505,0.1579,1.2
1992-11-30,4.79,6.23,6.95,0.7200000000000006,0.5526,0.1566,1.069
1992-12-01,4.81,6.24,6.94,0.7300000000000004,0.5546,0.1555,1.128
1992-12-02,4.81,6.23,6.93,0.7200000000000015,0.5567,0.1542,1.059
1992-12-03,4.78,6.2,6.91,0.71,0.5587,0.1529,0.99
1992-12-04,4.7,6.11,6.84,0.6800000000000006,0.5606,0.1515,0.788
1992-12-07,4.62,6.05,6.78,0.6999999999999993,0.5627,0.1495,0.918
1992-12-08,4.59,5.99,6.73,0.6600000000000001,0.5647,0.1476,0.646
1992-12-09,4.61,6.01,6.76,0.6499999999999995,0.5666,0.1456,0.573
1992-12-10,4.67,6.04,6.77,0.6400000000000006,0.5685,0.1432,0.499
1992-12-11,4.78,6.1,6.8,0.6199999999999992,0.5701,0.1416,0.352
1992-12-14,4.8,6.15,6.83,0.6700000000000008,0.5717,0.1403,0.701
1992-12-15,4.77,6.12,6.83,0.6400000000000006,0.5735,0.1385,0.48
1992-12-16,4.67,6.06,6.77,0.6799999999999997,0.575,0.1375,0.764
1992-12-17,4.69,6.08,6.77,0.7000000000000002,0.5766,0.1365,0.904
1992-12-18,4.66,6.07,6.76,0.7200000000000006,0.5784,0.1356,1.044
1992-12-21,4.64,6.05,6.71,0.75,0.5802,0.1348,1.26
1992-12-22,4.64,6.02,6.65,0.7499999999999991,0.5823,0.1333,1.258
1992-12-23,4.63,6.01,6.68,0.71,0.584,0.1321,0.954
1992-12-24,4.6,6.02,6.69,0.7499999999999991,0.5857,0.1315,1.249
1992-12-28,4.64,6.06,6.72,0.7599999999999998,0.5875,0.1307,1.32
1992-12-29,4.61,6.04,6.69,0.7799999999999994,0.5894,0.13,1.466
1992-12-30,4.54,5.98,6.68,0.7400000000000011,0.591,0.1293,1.152
1992-12-31,4.56,6.04,6.7,0.8200000000000003,0.5928,0.1294,1.756
1993-01-04,4.48,5.9,6.6,0.7200000000000006,0.5941,0.129,0.976
1993-01-05,4.48,5.9,6.61,0.71,0.5953,0.1287,0.891
1993-01-06,4.52,5.94,6.63,0.7300000000000013,0.5964,0.1286,1.039
1993-01-07,4.64,6.05,6.76,0.7000000000000002,0.5974,0.1285,0.798
1993-01-08,4.5,5.97,6.75,0.6899999999999995,0.5983,0.1283,0.715
1993-01-11,4.48,5.93,6.71,0.669999999999999,0.599,0.1282,0.554
1993-01-12,4.48,5.95,6.72,0.7000000000000002,0.5999,0.1281,0.781
1993-01-13,4.46,5.93,6.71,0.6899999999999995,0.6007,0.1281,0.697
1993-01-14,4.4,5.88,6.65,0.7099999999999991,0.6012,0.1282,0.849
1993-01-15,4.31,5.8,6.6,0.6900000000000004,0.6014,0.1283,0.691
1993-01-19,4.39,5.82,6.59,0.660000000000001,0.6015,0.1284,0.456
1993-01-20,4.41,5.85,6.61,0.6799999999999988,0.6018,0.1285,0.609
1993-01-21,4.36,5.83,6.6,0.7000000000000002,0.6021,0.1286,0.761
1993-01-22,4.3,5.77,6.57,0.669999999999999,0.6027,0.1286,0.523
1993-01-25,4.26,5.71,6.48,0.6799999999999997,0.6033,0.1286,0.596
1993-01-26,4.3,5.75,6.5,0.7000000000000002,0.6044,0.1282,0.746
1993-01-27,4.24,5.68,6.48,0.6399999999999988,0.6053,0.1277,0.272
1993-01-28,4.2,5.61,6.44,0.5800000000000001,0.6059,0.1272,-0.204
1993-01-29,4.2,5.57,6.39,0.5500000000000007,0.6065,0.1265,-0.447
1993-02-01,4.19,5.55,6.38,0.5299999999999994,0.6069,0.1261,-0.61
1993-02-02,4.25,5.63,6.46,0.5499999999999998,0.6072,0.1259,-0.454
1993-02-03,4.27,5.62,6.45,0.5200000000000005,0.6074,0.1257,-0.695
1993-02-04,4.19,5.53,6.39,0.4800000000000004,0.6072,0.1259,-1.01
1993-02-05,4.07,5.42,6.32,0.4499999999999993,0.607,0.1261,-1.245
1993-02-08,4.16,5.49,6.37,0.4500000000000002,0.6067,0.1264,-1.24
1993-02-09,4.2,5.55,6.41,0.4899999999999993,0.6065,0.1265,-0.921
1993-02-10,4.27,5.63,6.4,0.5899999999999999,0.6063,0.1265,-0.129
1993-02-11,4.2,5.58,6.37,0.5899999999999999,0.6062,0.1265,-0.128
1993-02-12,4.2,5.57,6.35,0.5900000000000007,0.6063,0.1265,-0.129
1993-02-16,4.14,5.52,6.34,0.5599999999999996,0.6064,0.1265,-0.367
1993-02-17,4.06,5.43,6.28,0.5199999999999996,0.6061,0.1266,-0.68
1993-02-18,3.95,5.29,6.17,0.45999999999999996,0.6055,0.1269,-1.147
1993-02-19,3.99,5.3,6.15,0.4599999999999991,0.6046,0.1272,-1.137
1993-02-22,3.99,5.28,6.09,0.4800000000000004,0.604,0.1274,-0.973
1993-02-23,3.9,5.12,5.92,0.41999999999999993,0.6032,0.1279,-1.432
1993-02-24,3.97,5.2,6.01,0.41999999999999993,0.6023,0.1284,-1.42
1993-02-25,3.95,5.23,6.03,0.4800000000000004,0.6015,0.1285,-0.946
1993-02-26,3.92,5.21,6.03,0.46999999999999975,0.6006,0.1287,-1.015
1993-03-01,3.88,5.12,5.94,0.41999999999999993,0.5998,0.1292,-1.392
1993-03-02,3.88,5.13,5.95,0.4299999999999997,0.599,0.1296,-1.304
1993-03-03,3.81,5.05,5.88,0.40999999999999925,0.5981,0.1301,-1.446
1993-03-04,3.75,5.0,5.83,0.41999999999999993,0.5973,0.1306,-1.358
1993-03-05,3.91,5.14,5.9,0.46999999999999886,0.5967,0.1308,-0.969
1993-03-08,3.97,5.15,5.85,0.4800000000000004,0.5963,0.131,-0.888
1993-03-09,4.02,5.21,5.91,0.4900000000000002,0.5958,0.1312,-0.806
1993-03-10,4.05,5.24,5.97,0.46000000000000085,0.5952,0.1315,-1.028
1993-03-11,4.01,5.23,5.96,0.4900000000000011,0.5948,0.1316,-0.796
1993-03-12,4.11,5.35,6.11,0.47999999999999865,0.5945,0.1318,-0.869
1993-03-15,4.1,5.39,6.17,0.5099999999999998,0.594,0.1319,-0.637
1993-03-16,4.02,5.27,6.06,0.45999999999999996,0.5932,0.1321,-1.008
1993-03-17,3.98,5.21,6.02,0.41999999999999993,0.5921,0.1324,-1.3
1993-03-18,3.91,5.11,5.93,0.3800000000000008,0.5909,0.1329,-1.587
1993-03-19,3.95,5.17,5.95,0.4399999999999995,0.59,0.1332,-1.126
1993-03-22,3.92,5.18,5.96,0.47999999999999954,0.5892,0.1333,-0.819
1993-03-23,3.88,5.14,5.91,0.4899999999999993,0.5884,0.1332,-0.739
1993-03-24,3.93,5.19,5.95,0.5000000000000009,0.5875,0.133,-0.658
1993-03-25,3.92,5.19,5.98,0.4800000000000004,0.5865,0.1329,-0.801
1993-03-26,4.02,5.32,6.09,0.5300000000000011,0.5859,0.1328,-0.421
1993-03-29,3.95,5.25,6.06,0.4900000000000002,0.5852,0.1329,-0.716
1993-03-30,3.91,5.2,6.02,0.47000000000000064,0.5843,0.1329,-0.86
1993-03-31,3.96,5.24,6.03,0.4900000000000002,0.5834,0.1327,-0.704
1993-04-01,3.94,5.24,6.06,0.4800000000000013,0.5825,0.1326,-0.773
1993-04-02,3.99,5.31,6.16,0.46999999999999886,0.5814,0.1324,-0.841
1993-04-05,3.96,5.27,6.13,0.4499999999999993,0.5806,0.1326,-0.985
1993-04-06,3.93,5.22,6.08,0.4299999999999997,0.5796,0.1328,-1.127
1993-04-07,3.93,5.23,6.07,0.46000000000000085,0.5785,0.1327,-0.893
1993-04-08,3.85,5.13,5.97,0.4400000000000004,0.5775,0.1327,-1.036
1993-04-12,3.82,5.09,5.92,0.4399999999999995,0.5764,0.1327,-1.028
1993-04-13,3.82,5.1,5.93,0.4499999999999993,0.5752,0.1325,-0.945
1993-04-14,3.78,5.07,5.9,0.46000000000000085,0.5741,0.1323,-0.862
1993-04-15,3.79,5.06,5.88,0.4499999999999993,0.5731,0.1322,-0.931
1993-04-16,3.8,5.08,5.89,0.47000000000000064,0.5721,0.1321,-0.773
1993-04-19,3.78,5.07,5.87,0.4900000000000011,0.5712,0.1319,-0.616
1993-04-20,3.78,5.07,5.87,0.4900000000000011,0.5703,0.1316,-0.61
1993-04-21,3.77,5.05,5.86,0.46999999999999975,0.5692,0.1314,-0.755
1993-04-22,3.75,5.04,5.85,0.4800000000000004,0.5681,0.131,-0.673
1993-04-23,3.75,5.06,5.89,0.47999999999999954,0.5669,0.1303,-0.667
1993-04-26,3.79,5.09,5.94,0.4499999999999993,0.5655,0.1297,-0.891
1993-04-27,3.88,5.19,6.02,0.4800000000000013,0.5642,0.1288,-0.654
1993-04-28,3.86,5.18,6.03,0.46999999999999975,0.5628,0.1279,-0.726
1993-04-29,3.79,5.1,5.99,0.41999999999999904,0.5613,0.1275,-1.108
1993-04-30,3.83,5.14,6.05,0.39999999999999947,0.5599,0.1272,-1.257
1993-05-03,3.75,5.06,5.96,0.40999999999999925,0.5585,0.1269,-1.17
1993-05-04,3.75,5.04,5.92,0.41000000000000014,0.5571,0.1266,-1.162
1993-05-05,3.8,5.07,5.93,0.41000000000000103,0.5558,0.1264,-1.153
1993-05-06,3.8,5.03,5.89,0.370000000000001,0.5543,0.1264,-1.458
1993-05-07,3.79,5.04,5.92,0.3700000000000001,0.5528,0.1264,-1.446
1993-05-10,3.79,5.02,5.89,0.35999999999999943,0.551,0.1259,-1.517
1993-05-11,3.79,5.03,5.89,0.3800000000000008,0.5495,0.1256,-1.35
1993-05-12,3.82,5.07,5.96,0.3600000000000003,0.5479,0.1254,-1.498
1993-05-13,3.91,5.15,6.02,0.370000000000001,0.5463,0.1251,-1.409
1993-05-14,3.97,5.21,6.03,0.41999999999999904,0.5449,0.1245,-1.003
1993-05-17,4.05,5.27,6.07,0.41999999999999904,0.5434,0.1237,-0.998
1993-05-18,4.08,5.3,6.15,0.3699999999999992,0.5417,0.1232,-1.394
1993-05-19,4.03,5.26,6.11,0.379999999999999,0.54,0.1225,-1.306
1993-05-20,4.03,5.25,6.09,0.3799999999999999,0.5384,0.1219,-1.299
1993-05-21,4.14,5.34,6.16,0.3799999999999999,0.537,0.1217,-1.29
1993-05-24,4.19,5.37,6.16,0.3899999999999997,0.5357,0.1215,-1.199
1993-05-25,4.19,5.38,6.17,0.39999999999999947,0.534,0.1205,-1.112
1993-05-26,4.2,5.35,6.12,0.379999999999999,0.5324,0.1198,-1.272
1993-05-27,4.22,5.35,6.11,0.3699999999999992,0.5308,0.1193,-1.348
1993-05-28,4.24,5.37,6.16,0.33999999999999986,0.5292,0.119,-1.59
1993-06-01,4.16,5.28,6.07,0.33000000000000007,0.5275,0.1188,-1.662
1993-06-02,4.18,5.27,6.06,0.2999999999999998,0.5259,0.1191,-1.897
1993-06-03,4.14,5.23,6.02,0.3000000000000016,0.5243,0.1195,-1.877
1993-06-04,4.31,5.36,6.11,0.3000000000000007,0.5229,0.1201,-1.856
1993-06-07,4.3,5.34,6.08,0.2999999999999998,0.5215,0.1206,-1.837
1993-06-08,4.33,5.35,6.09,0.27999999999999936,0.5201,0.1213,-1.979
1993-06-09,4.29,5.33,6.07,0.2999999999999998,0.5187,0.1218,-1.796
1993-06-10,4.29,5.34,6.07,0.3199999999999994,0.5171,0.1219,-1.617
1993-06-11,4.15,5.22,5.97,0.3199999999999994,0.5155,0.1217,-1.606
1993-06-14,4.13,5.2,5.97,0.3000000000000007,0.5139,0.1219,-1.755
1993-06-15,4.11,5.19,5.96,0.3100000000000005,0.5123,0.122,-1.658
1993-06-16,4.09,5.18,5.96,0.3099999999999996,0.5111,0.1224,-1.643
1993-06-17,4.08,5.17,5.93,0.33000000000000007,0.5098,0.1226,-1.467
1993-06-18,4.16,5.23,5.97,0.33000000000000096,0.5087,0.1229,-1.454
1993-06-21,4.16,5.2,5.92,0.3200000000000003,0.5073,0.1232,-1.52
1993-06-22,4.15,5.21,5.91,0.35999999999999943,0.5062,0.1232,-1.187
1993-06-23,4.2,5.2,5.91,0.29000000000000004,0.5047,0.1236,-1.737
1993-06-24,4.15,5.16,5.88,0.29000000000000004,0.5032,0.1239,-1.721
1993-06-25,4.1,5.13,5.84,0.3200000000000003,0.5019,0.124,-1.467
1993-06-28,4.06,5.08,5.8,0.3000000000000007,0.5006,0.1245,-1.611
1993-06-29,4.03,5.05,5.79,0.27999999999999936,0.4993,0.125,-1.754
1993-06-30,4.03,5.05,5.8,0.2699999999999996,0.4979,0.1256,-1.814
1993-07-01,3.99,5.04,5.8,0.29000000000000004,0.4965,0.126,-1.639
1993-07-02,3.93,4.98,5.76,0.27000000000000135,0.4952,0.1266,-1.779
1993-07-06,4.0,5.04,5.8,0.28000000000000025,0.4938,0.1271,-1.682
1993-07-07,4.0,5.04,5.8,0.28000000000000025,0.4927,0.1277,-1.666
1993-07-08,4.0,5.02,5.78,0.2599999999999989,0.4915,0.1284,-1.803
1993-07-09,3.98,5.0,5.76,0.2599999999999998,0.4903,0.1292,-1.783
1993-07-12,3.99,5.0,5.75,0.2599999999999998,0.4892,0.13,-1.763
1993-07-13,4.04,5.03,5.78,0.2400000000000002,0.4879,0.1309,-1.894
1993-07-14,3.97,4.98,5.72,0.27000000000000046,0.4869,0.1315,-1.649
1993-07-15,3.99,4.99,5.72,0.27000000000000046,0.486,0.1322,-1.634
1993-07-16,3.99,4.99,5.71,0.28000000000000025,0.485,0.1329,-1.543
1993-07-19,3.99,5.0,5.71,0.2999999999999998,0.4844,0.1334,-1.382
1993-07-20,4.09,5.08,5.75,0.3200000000000003,0.4838,0.1338,-1.224
1993-07-21,4.15,5.17,5.83,0.35999999999999943,0.4834,0.134,-0.921
1993-07-22,4.22,5.24,5.9,0.3600000000000003,0.4831,0.1342,-0.917
1993-07-23,4.25,5.28,5.95,0.3600000000000003,0.4829,0.1343,-0.915
1993-07-26,4.22,5.25,5.93,0.35000000000000053,0.4827,0.1345,-0.987
1993-07-27,4.25,5.26,5.92,0.34999999999999964,0.4828,0.1344,-0.988
1993-07-28,4.21,5.23,5.9,0.35000000000000053,0.4828,0.1343,-0.989
1993-07-29,4.12,5.13,5.81,0.33000000000000007,0.4827,0.1344,-1.136
1993-07-30,4.13,5.16,5.83,0.3600000000000003,0.4827,0.1344,-0.913
1993-08-02,4.19,5.2,5.85,0.3600000000000003,0.4826,0.1345,-0.912
1993-08-03,4.17,5.19,5.83,0.3800000000000008,0.4821,0.1347,-0.758
1993-08-04,4.16,5.2,5.87,0.3700000000000001,0.4814,0.1348,-0.826
1993-08-05,4.12,5.18,5.86,0.379999999999999,0.4809,0.1349,-0.748
1993-08-06,4.09,5.16,5.86,0.3700000000000001,0.4805,0.1351,-0.818
1993-08-09,4.06,5.12,5.82,0.3600000000000003,0.4801,0.1353,-0.888
1993-08-10,4.1,5.14,5.82,0.35999999999999943,0.48,0.1354,-0.886
1993-08-11,4.1,5.13,5.75,0.41000000000000014,0.4801,0.1353,-0.518
1993-08-12,4.06,5.13,5.77,0.4300000000000006,0.4804,0.1352,-0.373
1993-08-13,4.0,5.08,5.72,0.4400000000000004,0.4808,0.1349,-0.302
1993-08-16,3.98,5.05,5.68,0.4399999999999995,0.4809,0.1349,-0.303
1993-08-17,4.02,5.07,5.7,0.4200000000000008,0.481,0.1348,-0.453
1993-08-18,3.98,5.04,5.69,0.40999999999999925,0.481,0.1348,-0.527
1993-08-19,3.93,4.97,5.64,0.3700000000000001,0.4808,0.135,-0.821
1993-08-20,3.93,4.96,5.61,0.3799999999999999,0.4809,0.1349,-0.748
1993-08-23,3.97,4.98,5.6,0.39000000000000057,0.4811,0.1347,-0.676
1993-08-24,3.89,4.9,5.54,0.3700000000000001,0.4812,0.1346,-0.826
1993-08-25,3.85,4.86,5.51,0.3600000000000012,0.481,0.1347,-0.898
1993-08-26,3.82,4.78,5.42,0.3200000000000003,0.4803,0.1351,-1.187
1993-08-27,3.87,4.83,5.48,0.3099999999999996,0.4797,0.1355,-1.252
1993-08-30,3.86,4.78,5.44,0.2600000000000007,0.4789,0.1362,-1.607
1993-08-31,3.88,4.8,5.45,0.2699999999999996,0.4783,0.1368,-1.523
1993-09-01,3.88,4.81,5.46,0.27999999999999936,0.4777,0.1373,-1.44
1993-09-02,3.83,4.76,5.41,0.27999999999999936,0.4771,0.1379,-1.429
1993-09-03,3.71,4.65,5.31,0.28000000000000114,0.4768,0.1382,-1.424
1993-09-07,3.7,4.6,5.23,0.2699999999999987,0.4765,0.1386,-1.49
1993-09-08,3.78,4.63,5.23,0.25,0.476,0.1392,-1.624
1993-09-09,3.88,4.74,5.35,0.2500000000000009,0.4758,0.1395,-1.619
1993-09-10,3.8,4.67,5.29,0.25,0.4756,0.1398,-1.614
1993-09-13,3.82,4.66,5.26,0.2400000000000002,0.4752,0.1404,-1.675
1993-09-14,3.91,4.77,5.37,0.2599999999999989,0.4747,0.1409,-1.524
1993-09-15,3.89,4.75,5.39,0.21999999999999975,0.4739,0.1418,-1.791
1993-09-16,3.88,4.74,5.37,0.23000000000000043,0.4731,0.1426,-1.705
1993-09-17,3.89,4.75,5.38,0.22999999999999954,0.4722,0.1434,-1.689
1993-09-20,3.92,4.79,5.42,0.2400000000000002,0.4711,0.1441,-1.604
1993-09-21,3.9,4.8,5.47,0.22999999999999954,0.4698,0.1448,-1.656
1993-09-22,3.9,4.81,5.45,0.2699999999999987,0.4687,0.1452,-1.368
1993-09-23,3.87,4.8,5.42,0.3099999999999996,0.4675,0.1454,-1.083
1993-09-24,3.9,4.81,5.42,0.29999999999999893,0.4665,0.1456,-1.144
1993-09-27,3.81,4.69,5.3,0.27000000000000046,0.4653,0.146,-1.338
1993-09-28,3.79,4.67,5.28,0.2699999999999996,0.4642,0.1464,-1.327
1993-09-29,3.84,4.74,5.35,0.2900000000000009,0.4635,0.1468,-1.182
1993-09-30,3.89,4.79,5.4,0.28999999999999915,0.463,0.1472,-1.175
1993-10-01,3.84,4.72,5.34,0.2599999999999998,0.4622,0.1478,-1.368
1993-10-04,3.85,4.71,5.34,0.23000000000000043,0.4612,0.1485,-1.557
1993-10-05,3.86,4.72,5.35,0.23000000000000043,0.4603,0.1492,-1.544
1993-10-06,3.85,4.7,5.35,0.20000000000000107,0.4592,0.1501,-1.727
1993-10-07,3.83,4.69,5.33,0.22000000000000064,0.4583,0.1509,-1.579
1993-10-08,3.78,4.61,5.26,0.1800000000000015,0.4572,0.1519,-1.825
1993-10-12,3.82,4.64,5.27,0.1899999999999995,0.4559,0.1527,-1.741
1993-10-13,3.84,4.64,5.27,0.16999999999999993,0.4546,0.1538,-1.85
1993-10-14,3.82,4.61,5.23,0.16999999999999993,0.4534,0.1548,-1.831
1993-10-15,3.81,4.57,5.19,0.13999999999999968,0.452,0.1561,-1.999
1993-10-18,3.84,4.66,5.27,0.21000000000000085,0.4509,0.1568,-1.536
1993-10-19,3.86,4.66,5.27,0.19000000000000128,0.4497,0.1576,-1.648
1993-10-20,3.86,4.64,5.26,0.16000000000000014,0.4484,0.1586,-1.818
1993-10-21,3.89,4.72,5.35,0.1999999999999993,0.4469,0.1592,-1.551
1993-10-22,3.91,4.76,5.42,0.1899999999999995,0.4452,0.1597,-1.598
1993-10-25,3.95,4.82,5.47,0.22000000000000064,0.4439,0.1602,-1.398
1993-10-26,3.93,4.79,5.43,0.22000000000000064,0.4424,0.1605,-1.386
1993-10-27,3.99,4.82,5.44,0.20999999999999996,0.4408,0.1608,-1.435
1993-10-28,3.97,4.83,5.41,0.27999999999999936,0.4394,0.1607,-0.992
1993-10-29,3.99,4.83,5.43,0.2400000000000002,0.4383,0.1611,-1.231
1993-11-01,4.11,4.96,5.56,0.25,0.437,0.1613,-1.159
1993-11-02,4.16,5.02,5.63,0.2499999999999991,0.4358,0.1616,-1.15
1993-11-03,4.13,5.01,5.67,0.21999999999999975,0.4343,0.1618,-1.324
1993-11-04,4.13,5.03,5.67,0.2600000000000007,0.4331,0.162,-1.069
1993-11-05,4.2,5.11,5.75,0.27000000000000046,0.4319,0.162,-0.999
1993-11-08,4.13,5.04,5.7,0.25,0.4307,0.1623,-1.113
1993-11-09,4.12,5.02,5.64,0.27999999999999936,0.4294,0.1622,-0.921
1993-11-10,4.17,5.08,5.72,0.27000000000000046,0.4282,0.1622,-0.975
1993-11-12,4.11,5.02,5.66,0.2699999999999987,0.4268,0.1621,-0.967
1993-11-15,4.11,5.02,5.69,0.23999999999999844,0.4254,0.1621,-1.144
1993-11-16,4.1,4.98,5.66,0.20000000000000107,0.424,0.1625,-1.378
1993-11-17,4.09,4.99,5.65,0.2400000000000002,0.4225,0.1625,-1.123
1993-11-18,4.15,5.06,5.72,0.2499999999999991,0.4209,0.1622,-1.054
1993-11-19,4.22,5.16,5.84,0.2600000000000007,0.4194,0.162,-0.984
1993-11-22,4.26,5.2,5.89,0.2500000000000009,0.4181,0.162,-1.038
1993-11-23,4.19,5.14,5.82,0.2699999999999987,0.4168,0.1619,-0.907
1993-11-24,4.18,5.11,5.84,0.20000000000000107,0.415,0.1617,-1.33
1993-11-26,4.16,5.08,5.78,0.21999999999999975,0.4133,0.1615,-1.197
1993-11-29,4.17,5.08,5.76,0.23000000000000043,0.4116,0.1612,-1.127
1993-11-30,4.22,5.15,5.83,0.2500000000000009,0.4098,0.1605,-0.996
1993-12-01,4.2,5.14,5.82,0.2599999999999989,0.4079,0.1594,-0.928
1993-12-02,4.22,5.16,5.81,0.2900000000000009,0.4062,0.1584,-0.734
1993-12-03,4.24,5.16,5.8,0.28000000000000025,0.4044,0.1572,-0.791
1993-12-06,4.19,5.09,5.72,0.2699999999999996,0.4027,0.1562,-0.85
1993-12-07,4.17,5.1,5.71,0.3199999999999994,0.4011,0.1551,-0.523
1993-12-08,4.18,5.09,5.71,0.29000000000000004,0.3996,0.1542,-0.711
1993-12-09,4.18,5.07,5.68,0.28000000000000114,0.3979,0.1532,-0.77
1993-12-10,4.21,5.13,5.73,0.3199999999999994,0.3965,0.1524,-0.502
1993-12-13,4.23,5.16,5.78,0.3099999999999996,0.3952,0.1516,-0.562
1993-12-14,4.25,5.2,5.82,0.33000000000000007,0.394,0.1509,-0.424
1993-12-15,4.22,5.19,5.83,0.33000000000000096,0.3928,0.1503,-0.418
1993-12-16,4.23,5.2,5.84,0.33000000000000007,0.3915,0.1493,-0.412
1993-12-17,4.2,5.17,5.81,0.33000000000000007,0.3902,0.1485,-0.405
1993-12-20,4.22,5.2,5.83,0.35000000000000053,0.3889,0.1474,-0.264
1993-12-21,4.26,5.22,5.85,0.33000000000000007,0.3875,0.1461,-0.394
1993-12-22,4.19,5.13,5.74,0.3299999999999992,0.3859,0.1447,-0.386
1993-12-23,4.18,5.1,5.72,0.2999999999999998,0.3841,0.1429,-0.589
1993-12-27,4.2,5.09,5.72,0.2599999999999998,0.3822,0.1412,-0.865
1993-12-28,4.2,5.1,5.72,0.27999999999999936,0.3805,0.1399,-0.718
1993-12-29,4.2,5.12,5.74,0.2999999999999998,0.3787,0.138,-0.57
1993-12-30,4.25,5.2,5.82,0.33000000000000007,0.377,0.1359,-0.346
1993-12-31,4.25,5.21,5.83,0.33999999999999986,0.3752,0.1335,-0.264
1994-01-03,4.3,5.29,5.92,0.3600000000000003,0.3737,0.1315,-0.104
1994-01-04,4.29,5.26,5.88,0.34999999999999964,0.3719,0.1284,-0.171
1994-01-05,4.31,5.27,5.9,0.3299999999999992,0.3703,0.1266,-0.318
1994-01-06,4.24,5.21,5.84,0.33999999999999986,0.3688,0.1247,-0.231
1994-01-07,4.09,5.03,5.7,0.27000000000000046,0.367,0.1228,-0.79
1994-01-10,4.08,5.01,5.67,0.2699999999999996,0.3653,0.1211,-0.787
1994-01-11,4.08,5.0,5.67,0.25,0.3636,0.1196,-0.95
1994-01-12,4.05,4.95,5.6,0.2500000000000009,0.3619,0.1182,-0.947
1994-01-13,4.13,5.08,5.71,0.3200000000000003,0.3604,0.1163,-0.347
1994-01-14,4.17,5.12,5.78,0.29000000000000004,0.3588,0.1145,-0.601
1994-01-18,4.14,5.09,5.74,0.2999999999999998,0.3572,0.1124,-0.509
1994-01-19,4.12,5.08,5.76,0.28000000000000025,0.3556,0.1105,-0.684
1994-01-20,4.07,5.02,5.71,0.2599999999999989,0.354,0.1089,-0.863
1994-01-21,4.09,5.05,5.73,0.27999999999999936,0.3524,0.1071,-0.676
1994-01-24,4.09,5.06,5.74,0.28999999999999915,0.3508,0.1049,-0.58
1994-01-25,4.11,5.08,5.78,0.2699999999999996,0.3492,0.103,-0.769
1994-01-26,4.13,5.09,5.77,0.28000000000000025,0.3476,0.101,-0.669
1994-01-27,4.11,5.04,5.73,0.23999999999999932,0.3458,0.0987,-1.072
1994-01-28,4.08,4.99,5.68,0.22000000000000064,0.3441,0.0972,-1.277
1994-01-31,4.12,5.02,5.7,0.21999999999999886,0.3427,0.0964,-1.273
1994-02-01,4.2,5.1,5.77,0.22999999999999954,0.3414,0.0958,-1.163
1994-02-02,4.2,5.11,5.77,0.2500000000000009,0.3403,0.0952,-0.949
1994-02-03,4.28,5.17,5.81,0.25,0.3391,0.0944,-0.944
1994-02-04,4.42,5.32,5.94,0.28000000000000025,0.3381,0.0938,-0.619
1994-02-07,4.41,5.36,5.96,0.35000000000000053,0.3376,0.0934,0.133
1994-02-08,4.44,5.38,6.01,0.3099999999999996,0.3371,0.0931,-0.291
1994-02-09,4.43,5.35,5.92,0.34999999999999964,0.3367,0.0929,0.143
1994-02-10,4.45,5.36,5.91,0.3600000000000003,0.3362,0.0924,0.258
1994-02-11,4.44,5.34,5.88,0.35999999999999943,0.3352,0.091,0.273
1994-02-14,4.44,5.36,5.9,0.3799999999999999,0.3344,0.0896,0.509
1994-02-15,4.44,5.34,5.88,0.35999999999999943,0.3335,0.0881,0.301
1994-02-16,4.44,5.35,5.89,0.3699999999999992,0.3327,0.087,0.429
1994-02-17,4.5,5.45,6.0,0.40000000000000036,0.3323,0.0863,0.784
1994-02-18,4.57,5.52,6.09,0.379999999999999,0.3319,0.086,0.559
1994-02-22,4.57,5.5,6.05,0.3799999999999999,0.3316,0.0856,0.565
1994-02-23,4.67,5.59,6.13,0.3799999999999999,0.3312,0.0852,0.573
1994-02-24,4.72,5.66,6.22,0.3800000000000008,0.3311,0.085,0.575
1994-02-25,4.72,5.65,6.21,0.370000000000001,0.3309,0.0849,0.461
1994-02-28,4.67,5.6,6.15,0.379999999999999,0.3305,0.0844,0.586
1994-03-01,4.81,5.74,6.28,0.39000000000000057,0.3302,0.084,0.712
1994-03-02,4.79,5.74,6.3,0.39000000000000057,0.33,0.0839,0.715
1994-03-03,4.83,5.79,6.35,0.40000000000000036,0.3299,0.0838,0.837
1994-03-04,4.88,5.82,6.38,0.3800000000000008,0.3298,0.0837,0.6
1994-03-07,4.87,5.77,6.32,0.34999999999999876,0.3295,0.0835,0.246
1994-03-08,4.92,5.84,6.38,0.3799999999999999,0.3292,0.0831,0.611
1994-03-09,4.96,5.84,6.38,0.33999999999999986,0.3286,0.0826,0.138
1994-03-10,4.96,5.9,6.48,0.3600000000000003,0.3281,0.082,0.389
1994-03-11,4.95,5.89,6.46,0.3699999999999992,0.3277,0.0816,0.518
1994-03-14,4.99,5.94,6.5,0.39000000000000057,0.3273,0.081,0.774
1994-03-15,4.99,5.91,6.47,0.3600000000000003,0.3269,0.0805,0.411
1994-03-16,4.96,5.86,6.4,0.3600000000000003,0.3263,0.0797,0.423
1994-03-17,4.94,5.88,6.4,0.41999999999999904,0.3261,0.0795,1.181
1994-03-18,5.03,5.97,6.49,0.41999999999999904,0.3261,0.0795,1.181
1994-03-21,5.09,6.03,6.55,0.4200000000000008,0.3263,0.0796,1.177
1994-03-22,5.03,5.92,6.44,0.3699999999999992,0.326,0.0793,0.555
1994-03-23,5.0,5.92,6.44,0.39999999999999947,0.3257,0.0789,0.942
1994-03-24,5.08,6.05,6.58,0.4399999999999995,0.3255,0.0785,1.459
1994-03-25,5.1,6.08,6.61,0.4500000000000002,0.3253,0.0781,1.597
1994-03-28,5.12,6.1,6.63,0.4499999999999993,0.3252,0.0779,1.602
1994-03-29,5.19,6.19,6.71,0.4800000000000004,0.325,0.0775,2.0
1994-03-30,5.19,6.24,6.78,0.5099999999999998,0.325,0.0776,2.384
1994-03-31,5.21,6.23,6.77,0.4800000000000013,0.3251,0.0777,1.994
1994-04-04,5.57,6.64,7.16,0.5499999999999989,0.3253,0.0783,2.87
1994-04-05,5.45,6.47,6.97,0.5199999999999996,0.3255,0.0787,2.471
1994-04-06,5.4,6.42,6.93,0.5099999999999998,0.3256,0.079,2.334
1994-04-07,5.37,6.38,6.86,0.5299999999999994,0.326,0.0797,2.56
1994-04-08,5.43,6.46,6.94,0.5499999999999998,0.3264,0.0806,2.774
1994-04-11,5.43,6.46,6.92,0.5700000000000003,0.3269,0.0816,2.979
1994-04-12,5.4,6.4,6.87,0.5300000000000002,0.3272,0.0823,2.464
1994-04-13,5.43,6.47,6.93,0.5800000000000001,0.3278,0.0836,3.017
1994-04-14,5.49,6.51,6.97,0.5599999999999996,0.3282,0.0845,2.743
1994-04-15,5.51,6.5,6.97,0.5200000000000005,0.3285,0.0849,2.256
1994-04-18,5.7,6.7,7.14,0.5600000000000005,0.3289,0.0858,2.693
1994-04-19,5.7,6.68,7.1,0.5599999999999996,0.3292,0.0866,2.665
1994-04-20,5.67,6.62,7.05,0.5200000000000005,0.3294,0.0869,2.193
1994-04-21,5.59,6.49,6.91,0.4800000000000004,0.3293,0.0868,1.736
1994-04-22,5.62,6.53,6.93,0.5100000000000007,0.3295,0.0871,2.072
1994-04-25,5.61,6.48,6.86,0.4900000000000002,0.3295,0.0872,1.841
1994-04-26,5.59,6.46,6.86,0.46999999999999975,0.3295,0.0871,1.613
1994-04-28,5.75,6.65,7.04,0.5100000000000007,0.3297,0.0875,2.061
1994-04-29,5.73,6.64,7.06,0.4899999999999993,0.3298,0.0876,1.829
1994-05-02,5.81,6.69,7.09,0.4800000000000013,0.3298,0.0876,1.715
1994-05-03,5.86,6.73,7.13,0.47000000000000064,0.33,0.0879,1.593
1994-05-04,5.89,6.74,7.14,0.45000000000000107,0.3302,0.0881,1.36
1994-05-05,5.88,6.7,7.11,0.41000000000000014,0.3302,0.0881,0.906
1994-05-06,6.12,6.95,7.35,0.4300000000000006,0.3303,0.0882,1.13
1994-05-09,6.26,7.09,7.49,0.4299999999999997,0.3304,0.0883,1.128
1994-05-10,6.13,6.93,7.33,0.39999999999999947,0.3305,0.0884,0.786
1994-05-11,6.2,7.02,7.4,0.4399999999999986,0.3308,0.0886,1.233
1994-05-12,6.13,6.97,7.36,0.4499999999999993,0.3311,0.0889,1.337
1994-05-13,6.05,6.89,7.29,0.4399999999999995,0.3313,0.0891,1.22
1994-05-16,6.03,6.85,7.24,0.4299999999999988,0.3316,0.0893,1.102
1994-05-17,5.88,6.66,7.03,0.41000000000000014,0.3318,0.0894,0.875
1994-05-18,5.83,6.61,7.03,0.3600000000000003,0.3315,0.0892,0.32
1994-05-19,5.73,6.52,6.96,0.34999999999999876,0.3313,0.0891,0.21
1994-05-20,5.8,6.59,7.02,0.3600000000000003,0.3312,0.0891,0.323
1994-05-23,5.94,6.76,7.19,0.3899999999999988,0.3313,0.0891,0.659
1994-05-24,5.94,6.75,7.17,0.3899999999999997,0.3313,0.0891,0.659
1994-05-25,5.95,6.74,7.14,0.39000000000000057,0.3313,0.0891,0.659
1994-05-26,5.92,6.69,7.09,0.370000000000001,0.3313,0.0891,0.434
1994-05-27,5.97,6.73,7.12,0.370000000000001,0.3312,0.089,0.436
1994-05-31,6.01,6.77,7.17,0.35999999999999943,0.3311,0.089,0.325
1994-06-01,5.98,6.74,7.12,0.3799999999999999,0.3311,0.089,0.549
1994-06-02,5.93,6.68,7.07,0.35999999999999943,0.3312,0.089,0.324
1994-06-03,5.84,6.59,6.98,0.35999999999999943,0.3313,0.089,0.322
1994-06-06,5.78,6.49,6.91,0.29000000000000004,0.3313,0.0891,-0.464
1994-06-07,5.8,6.53,6.95,0.3100000000000005,0.3313,0.089,-0.239
1994-06-08,5.78,6.53,6.96,0.3200000000000003,0.3314,0.089,-0.128
1994-06-09,5.8,6.54,6.98,0.2999999999999998,0.3314,0.089,-0.353
1994-06-10,5.85,6.6,7.03,0.3199999999999994,0.3315,0.089,-0.129
1994-06-13,5.91,6.66,7.07,0.33999999999999986,0.3317,0.0889,0.093
1994-06-14,5.81,6.58,7.0,0.35000000000000053,0.3318,0.089,0.204
1994-06-15,5.88,6.67,7.1,0.3600000000000003,0.332,0.089,0.315
1994-06-16,5.83,6.65,7.07,0.40000000000000036,0.3324,0.089,0.76
1994-06-17,5.88,6.71,7.14,0.40000000000000036,0.3327,0.0891,0.755
1994-06-20,5.92,6.74,7.16,0.40000000000000036,0.3331,0.0892,0.75
1994-06-21,6.04,6.82,7.22,0.3800000000000008,0.3333,0.0893,0.523
1994-06-22,5.97,6.75,7.13,0.40000000000000036,0.3336,0.0894,0.743
1994-06-23,5.94,6.7,7.1,0.3600000000000003,0.3337,0.0894,0.294
1994-06-24,6.06,6.81,7.22,0.33999999999999986,0.3337,0.0894,0.07
1994-06-27,6.05,6.79,7.18,0.35000000000000053,0.3339,0.0893,0.18
1994-06-28,6.13,6.88,7.26,0.3700000000000001,0.3342,0.0893,0.401
1994-06-29,6.12,6.87,7.24,0.3799999999999999,0.3344,0.0894,0.51
1994-06-30,6.19,6.97,7.34,0.40999999999999925,0.3349,0.0895,0.839
1994-07-01,6.19,6.95,7.34,0.3700000000000001,0.3352,0.0894,0.389
1994-07-05,6.14,6.93,7.31,0.41000000000000014,0.3358,0.0894,0.83
1994-07-06,6.11,6.92,7.32,0.40999999999999925,0.3363,0.0895,0.823
1994-07-07,6.11,6.89,7.3,0.3699999999999992,0.3367,0.0894,0.372
1994-07-08,6.25,7.04,7.42,0.41000000000000014,0.3372,0.0895,0.813
1994-07-11,6.29,7.09,7.47,0.41999999999999993,0.3377,0.0896,0.919
1994-07-12,6.24,7.03,7.43,0.39000000000000057,0.3383,0.0895,0.578
1994-07-13,6.22,7.02,7.41,0.40999999999999925,0.3388,0.0895,0.796
1994-07-14,6.05,6.85,7.25,0.39999999999999947,0.3394,0.0894,0.678
1994-07-15,6.04,6.84,7.25,0.3899999999999997,0.34,0.0893,0.56
1994-07-18,5.99,6.79,7.2,0.3899999999999997,0.3405,0.0892,0.555
1994-07-19,5.94,6.73,7.15,0.3700000000000001,0.3409,0.0891,0.327
1994-07-20,6.06,6.84,7.25,0.3700000000000001,0.3412,0.089,0.324
1994-07-21,6.11,6.89,7.27,0.39999999999999947,0.3416,0.0891,0.655
1994-07-22,6.15,6.92,7.29,0.39999999999999947,0.3419,0.0891,0.652
1994-07-25,6.13,6.9,7.27,0.40000000000000124,0.3421,0.0892,0.649
1994-07-26,6.16,6.9,7.28,0.3600000000000003,0.3421,0.0892,0.201
1994-07-27,6.22,6.99,7.34,0.4200000000000008,0.3423,0.0893,0.87
1994-07-28,6.21,6.94,7.29,0.3800000000000008,0.3425,0.0894,0.419
1994-07-29,5.99,6.73,7.12,0.35000000000000053,0.3425,0.0894,0.084
1994-08-01,6.03,6.75,7.13,0.33999999999999986,0.3424,0.0894,-0.027
1994-08-02,5.98,6.73,7.11,0.3700000000000001,0.3426,0.0894,0.306
1994-08-03,5.96,6.7,7.09,0.35000000000000053,0.3425,0.0894,0.084
1994-08-04,5.98,6.72,7.12,0.33999999999999897,0.3425,0.0894,-0.028
1994-08-05,6.18,6.93,7.28,0.39999999999999947,0.3425,0.0894,0.643
1994-08-08,6.22,6.93,7.28,0.35999999999999943,0.3425,0.0894,0.196
1994-08-09,6.26,6.97,7.33,0.34999999999999964,0.3424,0.0894,0.085
1994-08-10,6.21,6.95,7.3,0.39000000000000057,0.3425,0.0894,0.531
1994-08-11,6.26,7.0,7.36,0.3799999999999999,0.3425,0.0894,0.419
1994-08-12,6.22,6.94,7.27,0.39000000000000146,0.3427,0.0895,0.528
1994-08-15,6.26,6.96,7.3,0.3600000000000003,0.3425,0.0894,0.196
1994-08-16,6.21,6.86,7.19,0.3200000000000003,0.342,0.0892,-0.247
1994-08-17,6.14,6.81,7.15,0.3299999999999992,0.3416,0.089,-0.13
1994-08-18,6.23,6.93,7.28,0.34999999999999876,0.3412,0.0888,0.099
1994-08-19,6.23,6.92,7.27,0.33999999999999986,0.3409,0.0886,-0.01
1994-08-22,6.27,6.97,7.31,0.3600000000000003,0.3407,0.0885,0.218
1994-08-23,6.26,6.94,7.28,0.34000000000000075,0.3406,0.0885,-0.007
1994-08-24,6.18,6.87,7.22,0.34000000000000075,0.3404,0.0885,-0.005
1994-08-25,6.24,6.93,7.29,0.3299999999999992,0.3402,0.0884,-0.115
1994-08-26,6.21,6.87,7.24,0.29000000000000004,0.3399,0.0885,-0.564
1994-08-29,6.2,6.87,7.24,0.2999999999999998,0.3396,0.0885,-0.447
1994-08-30,6.18,6.83,7.2,0.28000000000000025,0.3395,0.0886,-0.672
1994-08-31,6.17,6.81,7.19,0.2599999999999989,0.3393,0.0887,-0.894
1994-09-01,6.15,6.81,7.19,0.2799999999999985,0.3394,0.0886,-0.67
1994-09-02,6.17,6.82,7.21,0.2600000000000007,0.3393,0.0887,-0.894
1994-09-06,6.22,6.88,7.27,0.27000000000000046,0.3393,0.0887,-0.781
1994-09-07,6.22,6.92,7.29,0.33000000000000007,0.3395,0.0886,-0.107
1994-09-08,6.22,6.92,7.3,0.3200000000000003,0.3396,0.0885,-0.221
1994-09-09,6.35,7.06,7.44,0.3299999999999992,0.3399,0.0884,-0.112
1994-09-12,6.37,7.08,7.46,0.33000000000000007,0.3402,0.0883,-0.116
1994-09-13,6.35,7.05,7.44,0.3099999999999996,0.3404,0.0881,-0.345
1994-09-14,6.33,7.02,7.41,0.29999999999999893,0.3406,0.0879,-0.462
1994-09-15,6.28,6.97,7.35,0.3099999999999996,0.3409,0.0877,-0.352
1994-09-16,6.42,7.13,7.52,0.3200000000000003,0.3412,0.0876,-0.242
1994-09-19,6.39,7.11,7.49,0.34000000000000075,0.3416,0.0873,-0.018
1994-09-20,6.44,7.15,7.53,0.33000000000000007,0.342,0.087,-0.138
1994-09-21,6.52,7.2,7.56,0.3200000000000012,0.3424,0.0867,-0.258
1994-09-22,6.5,7.2,7.56,0.34000000000000075,0.3428,0.0865,-0.032
1994-09-23,6.52,7.2,7.57,0.3100000000000005,0.3431,0.0862,-0.384
1994-09-26,6.54,7.21,7.57,0.3099999999999996,0.3433,0.0861,-0.387
1994-09-27,6.52,7.24,7.61,0.35000000000000053,0.3434,0.0861,0.077
1994-09-28,6.51,7.21,7.57,0.33999999999999986,0.3436,0.086,-0.042
1994-09-29,6.6,7.29,7.64,0.34000000000000075,0.3438,0.0859,-0.044
1994-09-30,6.62,7.28,7.62,0.3200000000000003,0.344,0.0858,-0.28
1994-10-03,6.69,7.35,7.66,0.34999999999999787,0.3443,0.0857,0.067
1994-10-04,6.68,7.37,7.7,0.3600000000000003,0.3446,0.0857,0.18
1994-10-05,6.73,7.42,7.77,0.33999999999999986,0.3449,0.0855,-0.057
1994-10-06,6.71,7.43,7.78,0.36999999999999833,0.3454,0.0852,0.289
1994-10-07,6.65,7.34,7.7,0.3299999999999992,0.3458,0.0849,-0.186
1994-10-11,6.63,7.3,7.65,0.3199999999999994,0.3463,0.0844,-0.312
1994-10-12,6.67,7.34,7.69,0.3199999999999994,0.3467,0.084,-0.318
1994-10-13,6.63,7.3,7.64,0.33000000000000007,0.3473,0.0834,-0.207
1994-10-14,6.57,7.26,7.61,0.33999999999999897,0.3479,0.0828,-0.095
1994-10-17,6.61,7.28,7.62,0.33000000000000007,0.3485,0.082,-0.226
1994-10-18,6.61,7.29,7.64,0.33000000000000007,0.3492,0.0813,-0.236
1994-10-19,6.66,7.34,7.68,0.33999999999999986,0.35,0.0802,-0.125
1994-10-20,6.77,7.46,7.8,0.35000000000000053,0.3505,0.0797,-0.006
1994-10-21,6.8,7.46,7.81,0.3100000000000014,0.351,0.0791,-0.518
1994-10-24,6.84,7.52,7.86,0.33999999999999897,0.3517,0.0782,-0.15
1994-10-25,6.87,7.54,7.88,0.33000000000000096,0.3522,0.0776,-0.286
1994-10-26,6.9,7.55,7.88,0.3199999999999994,0.3527,0.0769,-0.425
1994-10-27,6.89,7.55,7.88,0.33000000000000096,0.3532,0.0765,-0.303
1994-10-28,6.82,7.48,7.82,0.3200000000000003,0.3536,0.076,-0.442
1994-10-31,6.84,7.48,7.81,0.3100000000000014,0.354,0.0755,-0.583
1994-11-01,6.93,7.58,7.91,0.3200000000000003,0.3541,0.0754,-0.452
1994-11-02,6.96,7.63,7.96,0.34000000000000075,0.3545,0.0751,-0.193
1994-11-03,6.98,7.65,7.96,0.3600000000000003,0.355,0.0748,0.067
1994-11-04,7.05,7.72,8.04,0.3500000000000014,0.3554,0.0745,-0.072
1994-11-07,7.06,7.73,8.05,0.3500000000000014,0.3559,0.074,-0.08
1994-11-08,7.02,7.69,8.01,0.3500000000000014,0.3562,0.0738,-0.084
1994-11-09,7.01,7.64,7.94,0.3299999999999992,0.3565,0.0736,-0.36
1994-11-10,7.06,7.69,7.98,0.33999999999999986,0.3568,0.0733,-0.229
1994-11-14,7.06,7.66,7.94,0.3200000000000012,0.357,0.0732,-0.505
1994-11-15,7.1,7.69,7.92,0.3600000000000012,0.3573,0.073,0.037
1994-11-16,7.15,7.73,7.97,0.34000000000000075,0.3576,0.0728,-0.242
1994-11-17,7.21,7.79,8.03,0.34000000000000163,0.358,0.0724,-0.249
1994-11-18,7.23,7.79,8.01,0.33999999999999986,0.3586,0.0717,-0.259
1994-11-21,7.3,7.83,8.03,0.33000000000000007,0.3589,0.0713,-0.405
1994-11-22,7.29,7.82,8.0,0.3500000000000014,0.3593,0.071,-0.131
1994-11-23,7.18,7.64,7.81,0.29000000000000004,0.3594,0.0709,-0.979
1994-11-25,7.19,7.65,7.8,0.3099999999999996,0.3597,0.0706,-0.704
1994-11-28,7.35,7.77,7.88,0.3099999999999996,0.3598,0.0704,-0.707
1994-11-29,7.44,7.86,7.95,0.33000000000000096,0.3604,0.0697,-0.436
1994-11-30,7.4,7.79,7.91,0.2699999999999996,0.3606,0.0694,-1.305
1994-12-01,7.42,7.8,7.92,0.2599999999999998,0.3607,0.0692,-1.455
1994-12-02,7.44,7.71,7.81,0.16999999999999993,0.3604,0.0699,-2.724
1994-12-05,7.58,7.78,7.83,0.15000000000000036,0.3599,0.0709,-2.961
1994-12-06,7.44,7.65,7.73,0.1299999999999999,0.3593,0.0722,-3.176
1994-12-07,7.48,7.74,7.81,0.1900000000000004,0.3589,0.0728,-2.32
1994-12-08,7.51,7.77,7.79,0.23999999999999932,0.3588,0.073,-1.627
1994-12-09,7.53,7.74,7.79,0.16000000000000014,0.3582,0.074,-2.678
1994-12-12,7.62,7.82,7.85,0.16999999999999993,0.3577,0.0748,-2.509
1994-12-13,7.71,7.84,7.83,0.13999999999999968,0.3571,0.0759,-2.86
1994-12-14,7.59,7.74,7.8,0.09000000000000075,0.3562,0.0777,-3.426
1994-12-15,7.54,7.73,7.79,0.13000000000000078,0.3555,0.079,-2.854
1994-12-16,7.59,7.76,7.81,0.1200000000000001,0.3547,0.0803,-2.923
1994-12-19,7.59,7.77,7.81,0.13999999999999968,0.3539,0.0814,-2.628
1994-12-20,7.56,7.76,7.81,0.15000000000000036,0.3532,0.0824,-2.466
1994-12-21,7.58,7.75,7.8,0.1200000000000001,0.3524,0.0837,-2.777
1994-12-22,7.7,7.83,7.84,0.1200000000000001,0.3515,0.085,-2.724
1994-12-23,7.74,7.86,7.85,0.13000000000000078,0.3507,0.0861,-2.563
1994-12-27,7.67,7.78,7.76,0.13000000000000078,0.3499,0.0872,-2.522
1994-12-28,7.71,7.81,7.8,0.10999999999999943,0.3491,0.0885,-2.702
1994-12-29,7.69,7.83,7.82,0.14999999999999947,0.3487,0.0892,-2.228
1994-12-30,7.69,7.83,7.84,0.1299999999999999,0.3481,0.0901,-2.421
1995-01-03,7.73,7.88,7.88,0.14999999999999947,0.3475,0.091,-2.17
1995-01-04,7.62,7.81,7.82,0.17999999999999883,0.3469,0.0916,-1.822
1995-01-05,7.66,7.87,7.88,0.20000000000000018,0.3463,0.092,-1.59
1995-01-06,7.64,7.87,7.87,0.23000000000000131,0.3458,0.0923,-1.255
1995-01-09,7.68,7.9,7.89,0.23000000000000131,0.3454,0.0926,-1.246
1995-01-10,7.63,7.85,7.84,0.23000000000000043,0.345,0.0929,-1.238
1995-01-11,7.58,7.8,7.79,0.22999999999999954,0.3445,0.0932,-1.229
1995-01-12,7.56,7.8,7.8,0.23999999999999932,0.3444,0.0933,-1.119
1995-01-13,7.39,7.64,7.69,0.1999999999999993,0.3441,0.0936,-1.54
1995-01-17,7.44,7.68,7.7,0.21999999999999886,0.344,0.0937,-1.323
1995-01-18,7.48,7.71,7.71,0.22999999999999954,0.3439,0.0938,-1.214
1995-01-19,7.49,7.74,7.74,0.25,0.3437,0.094,-0.997
1995-01-20,7.5,7.8,7.82,0.27999999999999936,0.3436,0.094,-0.677
1995-01-23,7.5,7.8,7.83,0.2699999999999996,0.3435,0.0941,-0.781
1995-01-24,7.57,7.82,7.86,0.20999999999999996,0.3432,0.0944,-1.411
1995-01-25,7.5,7.76,7.8,0.21999999999999975,0.3431,0.0946,-1.301
1995-01-26,7.39,7.7,7.76,0.2500000000000018,0.3429,0.0947,-0.981
1995-01-27,7.29,7.6,7.66,0.2499999999999991,0.3428,0.0948,-0.979
1995-01-30,7.23,7.55,7.65,0.21999999999999886,0.3426,0.095,-1.291
1995-01-31,7.26,7.54,7.6,0.22000000000000064,0.3423,0.0952,-1.285
1995-02-01,7.33,7.56,7.66,0.129999999999999,0.3419,0.0959,-2.21
1995-02-02,7.4,7.63,7.68,0.17999999999999972,0.3417,0.0962,-1.681
1995-02-03,7.14,7.4,7.49,0.17000000000000082,0.3415,0.0965,-1.777
1995-02-06,7.18,7.43,7.53,0.14999999999999947,0.3412,0.097,-1.971
1995-02-07,7.19,7.44,7.52,0.17000000000000082,0.3409,0.0974,-1.755
1995-02-08,7.18,7.43,7.53,0.14999999999999947,0.3405,0.098,-1.944
1995-02-09,7.23,7.5,7.58,0.1899999999999995,0.3402,0.0984,-1.526
1995-02-10,7.33,7.55,7.62,0.14999999999999947,0.3394,0.0991,-1.911
1995-02-13,7.32,7.54,7.61,0.14999999999999947,0.3387,0.0998,-1.891
1995-02-14,7.21,7.45,7.51,0.1800000000000006,0.3381,0.1003,-1.576
1995-02-15,7.12,7.37,7.45,0.16999999999999993,0.3373,0.1008,-1.66
1995-02-16,7.02,7.29,7.4,0.16000000000000014,0.3365,0.1014,-1.741
1995-02-17,7.07,7.33,7.43,0.16000000000000014,0.3356,0.102,-1.722
1995-02-21,7.09,7.35,7.44,0.16999999999999904,0.3349,0.1025,-1.609
1995-02-22,6.92,7.2,7.34,0.14000000000000057,0.334,0.1032,-1.88
1995-02-23,6.92,7.2,7.34,0.14000000000000057,0.3329,0.1039,-1.857
1995-02-24,6.89,7.16,7.33,0.10000000000000053,0.3318,0.1049,-2.21
1995-02-27,6.79,7.06,7.24,0.08999999999999897,0.3307,0.1059,-2.273
1995-02-28,6.79,7.06,7.22,0.10999999999999943,0.3296,0.1068,-2.056
1995-03-01,6.81,7.06,7.23,0.07999999999999918,0.3284,0.1079,-2.302
1995-03-02,6.88,7.15,7.3,0.120000000000001,0.3274,0.1086,-1.91
1995-03-03,6.89,7.19,7.36,0.13000000000000078,0.3264,0.1093,-1.797
1995-03-06,6.96,7.24,7.41,0.11000000000000032,0.3253,0.1101,-1.955
1995-03-07,7.0,7.28,7.44,0.1200000000000001,0.3242,0.1108,-1.843
1995-03-08,6.93,7.2,7.36,0.11000000000000032,0.3231,0.1115,-1.911
1995-03-09,6.83,7.11,7.3,0.09000000000000075,0.3219,0.1124,-2.063
1995-03-10,6.83,7.07,7.23,0.08000000000000007,0.3209,0.1134,-2.124
1995-03-13,6.76,7.01,7.19,0.0699999999999994,0.3196,0.1144,-2.182
1995-03-14,6.69,6.93,7.09,0.07999999999999918,0.3186,0.1154,-2.068
1995-03-15,6.71,6.93,7.09,0.05999999999999961,0.3174,0.1165,-2.209
1995-03-16,6.68,6.89,7.05,0.04999999999999982,0.3162,0.1177,-2.262
1995-03-17,6.69,6.97,7.12,0.129999999999999,0.3151,0.1182,-1.566
1995-03-20,6.69,6.98,7.12,0.15000000000000036,0.3143,0.1186,-1.385
1995-03-21,6.71,7.01,7.16,0.14999999999999947,0.3135,0.119,-1.374
1995-03-22,6.75,7.05,7.21,0.13999999999999968,0.3123,0.1193,-1.444
1995-03-23,6.75,7.06,7.21,0.15999999999999925,0.3113,0.1195,-1.266
1995-03-24,6.64,6.93,7.09,0.1299999999999999,0.3102,0.1198,-1.504
1995-03-27,6.62,6.9,7.05,0.13000000000000078,0.3092,0.1203,-1.49
1995-03-28,6.73,7.02,7.16,0.14999999999999858,0.3082,0.1206,-1.312
1995-03-29,6.73,6.98,7.16,0.07000000000000028,0.3067,0.1212,-1.953
1995-03-30,6.76,7.05,7.18,0.16000000000000014,0.3056,0.1212,-1.201
1995-03-31,6.8,7.08,7.2,0.16000000000000014,0.3044,0.1212,-1.191
1995-04-03,6.75,7.0,7.14,0.11000000000000032,0.303,0.1214,-1.59
1995-04-04,6.71,6.96,7.12,0.08999999999999986,0.3013,0.1214,-1.741
1995-04-05,6.7,6.97,7.12,0.11999999999999922,0.2999,0.1214,-1.482
1995-04-06,6.66,6.92,7.09,0.08999999999999986,0.2981,0.1211,-1.718
1995-04-07,6.65,6.93,7.11,0.09999999999999876,0.2964,0.1209,-1.624
1995-04-10,6.66,6.94,7.12,0.10000000000000053,0.2948,0.1208,-1.613
1995-04-11,6.65,6.92,7.09,0.09999999999999964,0.2931,0.1205,-1.602
1995-04-12,6.61,6.89,7.06,0.10999999999999943,0.2913,0.1199,-1.512
1995-04-13,6.51,6.82,7.03,0.10000000000000053,0.2894,0.1192,-1.589
1995-04-17,6.48,6.8,7.04,0.07999999999999918,0.2877,0.119,-1.745
1995-04-18,6.44,6.77,7.04,0.05999999999999872,0.2856,0.1184,-1.905
1995-04-19,6.51,6.82,7.06,0.07000000000000117,0.2837,0.1179,-1.813
1995-04-20,6.43,6.76,7.02,0.07000000000000028,0.2819,0.1177,-1.8
1995-04-21,6.44,6.77,7.01,0.08999999999999897,0.28,0.117,-1.624
1995-04-24,6.46,6.77,7.01,0.0699999999999994,0.2781,0.1164,-1.788
1995-04-25,6.48,6.79,7.01,0.08999999999999986,0.2763,0.116,-1.606
1995-04-26,6.5,6.79,7.01,0.07000000000000028,0.2747,0.116,-1.765
1995-04-27,6.55,6.84,7.04,0.08999999999999986,0.2731,0.1156,-1.584
1995-04-28,6.6,6.88,7.07,0.08999999999999986,0.2715,0.1154,-1.573
1995-05-01,6.62,6.9,7.09,0.09000000000000075,0.27,0.1152,-1.562
1995-05-02,6.55,6.83,7.04,0.07000000000000028,0.2682,0.1149,-1.725
1995-05-03,6.47,6.73,6.96,0.030000000000001137,0.2664,0.115,-2.056
1995-05-04,6.35,6.63,6.85,0.0600000000000005,0.2647,0.115,-1.78
1995-05-05,6.16,6.42,6.69,-0.010000000000000675,0.2628,0.1155,-2.362
1995-05-08,6.18,6.44,6.7,8.881784197001252e-16,0.261,0.1161,-2.248
1995-05-09,6.08,6.33,6.61,-0.03000000000000025,0.2593,0.1172,-2.468
1995-05-10,6.11,6.39,6.66,0.009999999999998899,0.2576,0.1177,-2.104
1995-05-11,6.2,6.45,6.68,0.020000000000000462,0.256,0.1182,-1.997
1995-05-12,6.2,6.46,6.67,0.04999999999999982,0.2546,0.1185,-1.727
1995-05-15,6.16,6.41,6.62,0.040000000000000036,0.253,0.1187,-1.794
1995-05-16,6.11,6.36,6.57,0.040000000000000036,0.2514,0.1188,-1.779
1995-05-17,6.11,6.35,6.53,0.05999999999999872,0.2499,0.1188,-1.598
1995-05-18,6.18,6.44,6.61,0.09000000000000075,0.2485,0.1187,-1.335
1995-05-19,6.19,6.43,6.61,0.05999999999999872,0.2471,0.1188,-1.575
1995-05-22,6.19,6.46,6.63,0.09999999999999964,0.2461,0.119,-1.228
1995-05-23,6.15,6.37,6.57,0.019999999999999574,0.2448,0.1196,-1.88
1995-05-24,6.01,6.2,6.44,-0.04999999999999982,0.2432,0.1209,-2.425
1995-05-25,5.99,6.18,6.39,-0.020000000000000462,0.2415,0.1216,-2.15
1995-05-26,5.97,6.18,6.4,-0.010000000000000675,0.24,0.1223,-2.044
1995-05-30,5.89,6.08,6.3,-0.02999999999999936,0.2383,0.1231,-2.18
1995-05-31,5.89,6.08,6.3,-0.02999999999999936,0.2367,0.124,-2.151
1995-06-01,5.71,5.94,6.2,-0.02999999999999936,0.2351,0.1248,-2.124
1995-06-02,5.54,5.8,6.1,-0.040000000000000036,0.2335,0.1258,-2.174
1995-06-05,5.54,5.79,6.08,-0.040000000000000036,0.2319,0.1266,-2.148
1995-06-06,5.57,5.83,6.08,0.009999999999999787,0.2305,0.1271,-1.735
1995-06-07,5.74,5.95,6.2,-0.040000000000000036,0.2289,0.128,-2.101
1995-06-08,5.82,6.02,6.22,-8.881784197001252e-16,0.2277,0.1287,-1.769
1995-06-09,6.01,6.21,6.4,0.009999999999999787,0.2265,0.1293,-1.674
1995-06-12,5.96,6.16,6.37,-0.009999999999999787,0.2252,0.1301,-1.808
1995-06-13,5.63,5.88,6.14,-0.009999999999999787,0.224,0.1308,-1.789
1995-06-14,5.67,5.88,6.15,-0.0600000000000005,0.2225,0.1319,-2.142
1995-06-15,5.73,5.93,6.18,-0.05000000000000071,0.221,0.1328,-2.041
1995-06-16,5.77,5.96,6.21,-0.05999999999999961,0.2193,0.1337,-2.089
1995-06-19,5.65,5.87,6.13,-0.040000000000000036,0.2177,0.1344,-1.917
1995-06-20,5.72,5.92,6.16,-0.040000000000000036,0.216,0.1349,-1.898
1995-06-21,5.68,5.89,6.13,-0.03000000000000025,0.2143,0.1353,-1.806
1995-06-22,5.61,5.8,6.04,-0.05000000000000071,0.2125,0.1358,-1.933
1995-06-23,5.64,5.83,6.06,-0.03999999999999915,0.2108,0.1363,-1.84
1995-06-26,5.71,5.9,6.11,-0.019999999999999574,0.2092,0.1365,-1.679
1995-06-27,5.7,5.94,6.15,0.03000000000000025,0.2079,0.1367,-1.301
1995-06-28,5.67,5.88,6.1,-0.009999999999999787,0.2065,0.1371,-1.579
1995-06-29,5.89,6.07,6.28,-0.02999999999999936,0.205,0.1376,-1.708
1995-06-30,5.79,5.98,6.21,-0.03999999999999915,0.2033,0.1381,-1.762
1995-07-03,5.79,5.97,6.21,-0.0600000000000005,0.2016,0.1386,-1.887
1995-07-05,5.78,5.95,6.19,-0.07000000000000028,0.1997,0.139,-1.94
1995-07-06,5.56,5.75,6.05,-0.10999999999999943,0.1978,0.14,-2.199
1995-07-07,5.54,5.74,6.04,-0.09999999999999964,0.1958,0.1406,-2.104
1995-07-10,5.56,5.74,6.04,-0.11999999999999922,0.1937,0.1413,-2.22
1995-07-11,5.59,5.8,6.09,-0.08000000000000007,0.1919,0.1419,-1.916
1995-07-12,5.59,5.8,6.1,-0.08999999999999986,0.1899,0.1423,-1.967
1995-07-13,5.61,5.8,6.09,-0.10000000000000053,0.1878,0.1428,-2.015
1995-07-14,5.7,5.89,6.15,-0.07000000000000117,0.186,0.1431,-1.789
1995-07-17,5.77,5.97,6.22,-0.04999999999999982,0.1842,0.1432,-1.635
1995-07-18,5.77,6.01,6.25,0.0,0.1826,0.143,-1.277
1995-07-19,5.89,6.15,6.43,-0.019999999999998685,0.181,0.143,-1.406
1995-07-20,5.91,6.15,6.43,-0.03999999999999915,0.1792,0.143,-1.533
1995-07-21,5.95,6.26,6.53,0.03999999999999915,0.1779,0.1428,-0.966
1995-07-24,5.97,6.2,6.46,-0.02999999999999936,0.1763,0.1429,-1.444
1995-07-25,5.94,6.19,6.43,0.010000000000000675,0.1748,0.1425,-1.156
1995-07-26,5.97,6.24,6.48,0.03000000000000025,0.1733,0.1421,-1.008
1995-07-27,5.91,6.18,6.43,0.019999999999999574,0.1718,0.1417,-1.071
1995-07-28,5.92,6.22,6.49,0.02999999999999936,0.1705,0.1415,-0.993
1995-07-31,5.88,6.16,6.45,-0.009999999999999787,0.1688,0.1411,-1.267
1995-08-01,5.94,6.22,6.5,-8.881784197001252e-16,0.1673,0.1408,-1.188
1995-08-02,5.86,6.15,6.44,0.0,0.1659,0.1407,-1.179
1995-08-03,5.94,6.24,6.53,0.009999999999999787,0.1646,0.1407,-1.099
1995-08-04,5.91,6.2,6.5,-0.009999999999999787,0.1631,0.1405,-1.232
1995-08-07,5.9,6.18,6.48,-0.02000000000000135,0.1616,0.1404,-1.293
1995-08-08,5.9,6.17,6.47,-0.03000000000000025,0.1602,0.1405,-1.354
1995-08-09,5.93,6.21,6.47,0.020000000000000462,0.1587,0.14,-0.991
1995-08-10,5.95,6.25,6.51,0.040000000000000036,0.1574,0.1396,-0.841
1995-08-11,6.05,6.37,6.59,0.10000000000000053,0.1564,0.1391,-0.405
1995-08-14,6.05,6.36,6.59,0.08000000000000096,0.1552,0.1384,-0.543
1995-08-15,6.11,6.37,6.57,0.05999999999999961,0.1539,0.1378,-0.681
1995-08-16,6.07,6.32,6.54,0.03000000000000025,0.1525,0.1372,-0.893
1995-08-17,6.12,6.37,6.57,0.04999999999999982,0.1512,0.1367,-0.74
1995-08-18,6.13,6.36,6.57,0.020000000000000462,0.15,0.1365,-0.952
1995-08-21,6.08,6.31,6.54,-8.881784197001252e-16,0.1487,0.1364,-1.09
1995-08-22,6.1,6.35,6.57,0.02999999999999936,0.1475,0.136,-0.864
1995-08-23,6.11,6.37,6.6,0.03000000000000025,0.1462,0.1357,-0.856
1995-08-24,6.0,6.26,6.5,0.019999999999999574,0.1449,0.1352,-0.924
1995-08-25,5.9,6.13,6.38,-0.020000000000000462,0.1435,0.135,-1.211
1995-08-28,5.85,6.1,6.34,0.009999999999999787,0.1421,0.1347,-0.981
1995-08-29,5.93,6.15,6.36,0.010000000000000675,0.1409,0.1345,-0.973
1995-08-30,5.88,6.1,6.33,-0.010000000000000675,0.1397,0.1345,-1.113
1995-08-31,5.85,6.07,6.28,0.010000000000000675,0.1385,0.1343,-0.957
1995-09-01,5.78,6.0,6.22,0.0,0.1374,0.1343,-1.023
1995-09-05,5.77,5.96,6.18,-0.02999999999999936,0.1363,0.1345,-1.236
1995-09-06,5.76,5.95,6.17,-0.02999999999999936,0.135,0.1346,-1.226
1995-09-07,5.8,6.0,6.21,-0.009999999999999787,0.134,0.1347,-1.069
1995-09-08,5.85,6.04,6.24,-0.009999999999999787,0.1329,0.1347,-1.061
1995-09-11,5.83,6.05,6.24,0.02999999999999936,0.1317,0.1343,-0.757
1995-09-12,5.77,5.96,6.16,-0.009999999999999787,0.1304,0.134,-1.048
1995-09-13,5.8,5.99,6.18,8.881784197001252e-16,0.129,0.1337,-0.965
1995-09-14,5.68,5.87,6.08,-0.019999999999999574,0.1277,0.1334,-1.107
1995-09-15,5.71,5.91,6.11,0.0,0.1264,0.1332,-0.949
1995-09-18,5.77,5.97,6.17,0.0,0.1252,0.1329,-0.942
1995-09-19,5.75,5.94,6.14,-0.009999999999998899,0.124,0.1327,-1.01
1995-09-20,5.73,5.92,6.1,0.009999999999999787,0.1227,0.1323,-0.852
1995-09-21,5.83,6.03,6.21,0.020000000000000462,0.1215,0.1317,-0.771
1995-09-22,5.85,6.06,6.25,0.019999999999999574,0.1202,0.1312,-0.764
1995-09-25,5.89,6.08,6.26,0.010000000000000675,0.119,0.1308,-0.833
1995-09-26,5.88,6.11,6.28,0.0600000000000005,0.1179,0.1301,-0.445
1995-09-27,5.92,6.08,6.3,-0.05999999999999961,0.1164,0.13,-1.357
1995-09-28,5.92,6.1,6.28,-8.881784197001252e-16,0.1152,0.1297,-0.888
1995-09-29,5.83,6.01,6.17,0.019999999999999574,0.1139,0.1289,-0.728
1995-10-02,5.82,5.98,6.15,-0.009999999999999787,0.1125,0.1284,-0.954
1995-10-03,5.8,5.96,6.13,-0.009999999999999787,0.1111,0.1278,-0.948
1995-10-04,5.75,5.91,6.12,-0.04999999999999982,0.1096,0.1275,-1.252
1995-10-05,5.72,5.88,6.06,-0.019999999999999574,0.1082,0.1269,-1.01
1995-10-06,5.73,5.89,6.06,-0.010000000000000675,0.1067,0.1261,-0.925
1995-10-10,5.74,5.91,6.07,0.009999999999999787,0.1054,0.1253,-0.761
1995-10-11,5.75,5.91,6.09,-0.019999999999999574,0.1038,0.1245,-0.994
1995-10-12,5.72,5.88,6.07,-0.03000000000000025,0.1024,0.1239,-1.069
1995-10-13,5.67,5.8,5.97,-0.040000000000000036,0.101,0.1235,-1.142
1995-10-16,5.67,5.8,5.97,-0.040000000000000036,0.0996,0.123,-1.135
1995-10-17,5.65,5.8,5.97,-0.020000000000000462,0.0982,0.1224,-0.966
1995-10-18,5.67,5.83,5.99,0.0,0.0968,0.1216,-0.796
1995-10-19,5.67,5.83,5.98,0.009999999999999787,0.0956,0.1208,-0.709
1995-10-20,5.72,5.9,6.04,0.040000000000000924,0.0944,0.1199,-0.454
1995-10-23,5.76,5.92,6.07,0.009999999999999787,0.0931,0.119,-0.698
1995-10-24,5.68,5.85,6.02,0.0,0.0917,0.1181,-0.776
1995-10-25,5.64,5.8,6.0,-0.040000000000000036,0.0903,0.1176,-1.108
1995-10-26,5.61,5.81,6.06,-0.05000000000000071,0.0888,0.1168,-1.188
1995-10-27,5.64,5.83,6.05,-0.02999999999999936,0.0873,0.1161,-1.01
1995-10-30,5.62,5.82,6.04,-0.019999999999999574,0.086,0.1153,-0.919
1995-10-31,5.61,5.81,6.03,-0.02000000000000135,0.0846,0.1145,-0.914
1995-11-01,5.52,5.74,5.98,-0.019999999999999574,0.0833,0.1137,-0.909
1995-11-02,5.46,5.68,5.92,-0.020000000000000462,0.0819,0.113,-0.902
1995-11-03,5.49,5.7,5.94,-0.03000000000000025,0.0806,0.1122,-0.986
1995-11-06,5.51,5.73,5.96,-0.009999999999998899,0.0792,0.1111,-0.803
1995-11-07,5.54,5.77,5.99,0.009999999999998899,0.0778,0.1098,-0.617
1995-11-08,5.47,5.69,5.92,-0.009999999999998899,0.0763,0.1085,-0.795
1995-11-09,5.49,5.72,5.97,-0.020000000000000462,0.0749,0.1073,-0.884
1995-11-10,5.52,5.76,6.0,0.0,0.0735,0.106,-0.693
1995-11-13,5.49,5.72,5.98,-0.030000000000001137,0.0721,0.105,-0.972
1995-11-14,5.47,5.71,5.97,-0.019999999999999574,0.0706,0.1037,-0.874
1995-11-15,5.53,5.77,6.0,0.009999999999998899,0.0694,0.1026,-0.579
1995-11-16,5.46,5.68,5.93,-0.03000000000000025,0.0679,0.1011,-0.968
1995-11-17,5.46,5.66,5.92,-0.05999999999999961,0.0663,0.1,-1.263
1995-11-20,5.46,5.66,5.93,-0.0699999999999994,0.0646,0.0988,-1.362
1995-11-21,5.49,5.7,5.92,-0.009999999999999787,0.0633,0.0974,-0.753
1995-11-22,5.51,5.72,5.93,0.0,0.0619,0.096,-0.645
1995-11-24,5.49,5.7,5.91,0.0,0.0606,0.0943,-0.643
1995-11-27,5.46,5.67,5.88,0.0,0.0594,0.0933,-0.637
1995-11-28,5.45,5.67,5.88,0.009999999999999787,0.0582,0.092,-0.524
1995-11-29,5.42,5.6,5.85,-0.07000000000000028,0.0567,0.0909,-1.394
1995-11-30,5.36,5.53,5.76,-0.05999999999999961,0.0552,0.0896,-1.286
1995-12-01,5.32,5.49,5.71,-0.04999999999999982,0.0539,0.0888,-1.17
1995-12-04,5.27,5.43,5.63,-0.040000000000000036,0.0527,0.088,-1.053
1995-12-05,5.29,5.45,5.65,-0.040000000000000036,0.0519,0.0879,-1.046
1995-12-06,5.32,5.49,5.67,-0.009999999999999787,0.0512,0.0878,-0.697
1995-12-07,5.39,5.54,5.72,-0.02999999999999936,0.0506,0.0878,-0.918
1995-12-08,5.39,5.56,5.73,-8.881784197001252e-16,0.0498,0.0874,-0.57
1995-12-11,5.38,5.53,5.71,-0.02999999999999936,0.0488,0.0867,-0.909
1995-12-12,5.39,5.55,5.72,-0.009999999999999787,0.0481,0.0865,-0.672
1995-12-13,5.39,5.56,5.74,-0.010000000000000675,0.0474,0.0862,-0.666
1995-12-14,5.38,5.55,5.74,-0.020000000000000462,0.0467,0.0861,-0.775
1995-12-15,5.36,5.55,5.75,-0.010000000000000675,0.0463,0.0862,-0.653
1995-12-18,5.43,5.66,5.85,0.040000000000000924,0.046,0.086,-0.07
1995-12-19,5.36,5.58,5.81,-0.009999999999999787,0.0455,0.0859,-0.646
1995-12-20,5.33,5.55,5.76,0.009999999999999787,0.045,0.0858,-0.408
1995-12-21,5.33,5.53,5.77,-0.03999999999999915,0.0442,0.0857,-0.982
1995-12-22,5.28,5.5,5.71,0.009999999999999787,0.0438,0.0856,-0.395
1995-12-26,5.27,5.48,5.69,8.881784197001252e-16,0.0433,0.0855,-0.506
1995-12-27,5.23,5.46,5.66,0.02999999999999936,0.0429,0.0853,-0.151
1995-12-28,5.2,5.43,5.63,0.02999999999999936,0.0425,0.0851,-0.147
1995-12-29,5.18,5.38,5.58,0.0,0.0421,0.0851,-0.495
1996-01-02,5.18,5.39,5.6,0.0,0.0415,0.0848,-0.489
1996-01-03,5.17,5.36,5.58,-0.02999999999999936,0.0408,0.0848,-0.835
1996-01-04,5.17,5.39,5.65,-0.040000000000000924,0.0401,0.0846,-0.947
1996-01-05,5.2,5.42,5.69,-0.05000000000000071,0.0392,0.0844,-1.057
1996-01-08,5.2,5.41,5.68,-0.05999999999999961,0.0381,0.084,-1.168
1996-01-09,5.18,5.41,5.7,-0.05999999999999961,0.037,0.0833,-1.164
1996-01-10,5.22,5.5,5.8,-0.019999999999999574,0.036,0.0825,-0.679
1996-01-11,5.22,5.47,5.78,-0.0600000000000005,0.0348,0.0818,-1.159
1996-01-12,5.17,5.4,5.75,-0.11999999999999922,0.0335,0.0814,-1.886
1996-01-16,5.08,5.37,5.66,0.0,0.0325,0.0804,-0.404
1996-01-17,5.05,5.29,5.58,-0.04999999999999982,0.0315,0.0799,-1.02
1996-01-18,5.01,5.25,5.53,-0.040000000000000036,0.0305,0.0791,-0.891
1996-01-19,5.03,5.27,5.54,-0.030000000000001137,0.0294,0.0782,-0.76
1996-01-22,5.08,5.34,5.61,-0.010000000000000675,0.0284,0.077,-0.499
1996-01-23,5.09,5.37,5.66,-0.009999999999999787,0.0273,0.0753,-0.495
1996-01-24,5.07,5.3,5.62,-0.09000000000000075,0.0258,0.0741,-1.563
1996-01-25,5.11,5.41,5.7,0.009999999999999787,0.025,0.0732,-0.205
1996-01-26,5.08,5.34,5.65,-0.05000000000000071,0.024,0.0723,-1.024
1996-01-29,5.1,5.37,5.69,-0.04999999999999982,0.0228,0.071,-1.025
1996-01-30,5.02,5.3,5.63,-0.04999999999999982,0.0216,0.0697,-1.027
1996-01-31,4.93,5.25,5.6,-0.02999999999999936,0.0206,0.0687,-0.737
1996-02-01,4.93,5.24,5.63,-0.07999999999999918,0.0194,0.0678,-1.466
1996-02-02,4.9,5.24,5.66,-0.08000000000000007,0.0186,0.0677,-1.456
1996-02-05,4.95,5.3,5.7,-0.05000000000000071,0.0177,0.0671,-1.009
1996-02-06,4.93,5.28,5.68,-0.049999999999998934,0.0168,0.0665,-1.005
1996-02-07,4.92,5.27,5.66,-0.040000000000000924,0.016,0.0661,-0.847
1996-02-08,4.9,5.27,5.66,-0.02000000000000135,0.0153,0.0654,-0.54
1996-02-09,4.85,5.25,5.66,-0.009999999999999787,0.0146,0.0648,-0.38
1996-02-12,4.83,5.17,5.61,-0.10000000000000053,0.0135,0.0643,-1.765
1996-02-13,4.8,5.14,5.58,-0.10000000000000053,0.0125,0.0641,-1.755
1996-02-14,4.82,5.17,5.62,-0.10000000000000053,0.0115,0.0639,-1.745
1996-02-15,4.87,5.23,5.7,-0.10999999999999943,0.0104,0.0635,-1.896
1996-02-16,4.9,5.29,5.76,-0.08000000000000007,0.0094,0.0629,-1.421
1996-02-20,5.18,5.53,6.01,-0.129999999999999,0.0082,0.0628,-2.201
1996-02-21,5.16,5.56,5.98,-0.02000000000000135,0.0075,0.0621,-0.443
1996-02-22,5.11,5.47,5.92,-0.09000000000000075,0.0065,0.0615,-1.569
1996-02-23,5.13,5.53,5.97,-0.03999999999999915,0.0058,0.061,-0.751
1996-02-26,5.18,5.56,6.01,-0.07000000000000028,0.0049,0.0606,-1.236
1996-02-27,5.28,5.63,6.06,-0.08000000000000007,0.0042,0.0605,-1.392
1996-02-28,5.43,5.73,6.11,-0.07999999999999918,0.0035,0.0605,-1.38
1996-02-29,5.44,5.73,6.13,-0.10999999999999943,0.0027,0.0606,-1.86
1996-03-01,5.26,5.6,5.99,-0.05000000000000071,0.0021,0.0605,-0.861
1996-03-04,5.21,5.52,5.92,-0.09000000000000075,0.0013,0.0603,-1.514
1996-03-05,5.28,5.6,5.96,-0.040000000000000924,0.0006,0.0598,-0.679
1996-03-06,5.36,5.68,6.05,-0.05000000000000071,-0.0,0.0595,-0.84
1996-03-07,5.4,5.71,6.07,-0.05000000000000071,-0.0007,0.0591,-0.834
1996-03-08,5.73,6.05,6.41,-0.040000000000000924,-0.0013,0.0587,-0.659
1996-03-11,5.71,6.0,6.33,-0.040000000000000036,-0.0018,0.0585,-0.653
1996-03-12,5.78,6.04,6.36,-0.0600000000000005,-0.0023,0.0583,-0.99
1996-03-13,5.73,6.03,6.35,-0.019999999999999574,-0.0027,0.0582,-0.297
1996-03-14,5.7,6.03,6.36,0.0,-0.003,0.0579,0.052
1996-03-15,5.87,6.19,6.46,0.05000000000000071,-0.0031,0.0579,0.917
1996-03-18,5.89,6.16,6.43,8.881784197001252e-16,-0.0033,0.0578,0.057
1996-03-19,5.85,6.15,6.41,0.040000000000000924,-0.0036,0.0573,0.761
1996-03-20,5.76,6.05,6.34,0.0,-0.0042,0.0564,0.074
1996-03-21,5.72,6.01,6.28,0.019999999999999574,-0.0047,0.0556,0.444
1996-03-22,5.74,6.05,6.32,0.03999999999999915,-0.0051,0.0549,0.821
1996-03-25,5.69,6.0,6.26,0.04999999999999982,-0.0056,0.054,1.03
1996-03-26,5.72,6.0,6.25,0.03000000000000025,-0.006,0.0534,0.674
1996-03-27,5.81,6.12,6.34,0.09000000000000075,-0.0061,0.053,1.813
1996-03-28,5.88,6.2,6.41,0.11000000000000032,-0.0063,0.0526,2.211
1996-03-29,5.79,6.1,6.34,0.0699999999999994,-0.0063,0.0526,1.451
1996-04-01,5.79,6.09,6.31,0.08000000000000007,-0.0066,0.0519,1.669
1996-04-02,5.74,6.02,6.25,0.049999999999998934,-0.007,0.0509,1.12
1996-04-03,5.77,6.06,6.27,0.08000000000000007,-0.0071,0.0507,1.718
1996-04-04,5.83,6.12,6.33,0.08000000000000007,-0.0072,0.0506,1.723
1996-04-05,6.09,6.4,6.57,0.14000000000000057,-0.0071,0.0508,2.896
1996-04-08,6.11,6.46,6.63,0.17999999999999972,-0.0067,0.0518,3.604
1996-04-09,6.06,6.37,6.56,0.120000000000001,-0.0067,0.052,2.437
1996-04-10,6.1,6.44,6.63,0.15000000000000124,-0.0065,0.0525,2.981
1996-04-11,6.12,6.5,6.68,0.20000000000000018,-0.0061,0.0537,3.838
1996-04-12,5.96,6.31,6.52,0.13999999999999968,-0.006,0.0539,2.709
1996-04-15,5.93,6.27,6.47,0.13999999999999968,-0.0058,0.0543,2.685
1996-04-16,5.91,6.28,6.48,0.16999999999999993,-0.0054,0.0552,3.178
1996-04-17,5.96,6.33,6.52,0.1800000000000006,-0.005,0.0562,3.292
1996-04-18,6.02,6.39,6.58,0.17999999999999972,-0.0045,0.0572,3.226
1996-04-19,5.95,6.32,6.53,0.16000000000000014,-0.0042,0.058,2.831
1996-04-22,5.92,6.28,6.48,0.16000000000000014,-0.0039,0.0586,2.797
1996-04-23,5.93,6.31,6.52,0.16999999999999993,-0.0035,0.0594,2.921
1996-04-24,5.95,6.34,6.57,0.15999999999999925,-0.0032,0.06,2.72
1996-04-25,5.99,6.31,6.56,0.0699999999999994,-0.0032,0.06,1.22
1996-04-26,5.92,6.29,6.54,0.1200000000000001,-0.0031,0.0603,2.041
1996-04-29,5.98,6.33,6.59,0.08999999999999986,-0.0031,0.0603,1.544
1996-04-30,6.03,6.4,6.66,0.11000000000000032,-0.003,0.0604,1.871
1996-05-01,6.03,6.39,6.68,0.0699999999999994,-0.003,0.0604,1.209
1996-05-02,6.16,6.56,6.85,0.10999999999999943,-0.0027,0.0608,1.854
1996-05-03,6.2,6.61,6.9,0.1200000000000001,-0.0025,0.0611,2.005
1996-05-06,6.15,6.57,6.86,0.1299999999999999,-0.0019,0.0617,2.138
1996-05-07,6.2,6.6,6.87,0.129999999999999,-0.0014,0.0623,2.109
1996-05-08,6.15,6.56,6.78,0.18999999999999861,-0.0005,0.0634,3.005
1996-05-09,6.14,6.57,6.84,0.16000000000000103,0.0001,0.0642,2.491
1996-05-10,6.04,6.45,6.75,0.11000000000000032,0.0004,0.0646,1.697
1996-05-13,6.06,6.45,6.72,0.120000000000001,0.0007,0.0649,1.838
1996-05-14,6.01,6.4,6.66,0.13000000000000078,0.0011,0.0654,1.971
1996-05-15,6.01,6.39,6.65,0.11999999999999922,0.0014,0.0658,1.802
1996-05-16,6.08,6.45,6.7,0.1200000000000001,0.0016,0.0661,1.791
1996-05-17,6.04,6.41,6.65,0.1299999999999999,0.0018,0.0663,1.934
1996-05-20,6.02,6.38,6.62,0.1200000000000001,0.002,0.0667,1.769
1996-05-21,6.03,6.41,6.65,0.13999999999999968,0.0022,0.0669,2.06
1996-05-22,6.03,6.38,6.63,0.09999999999999964,0.0025,0.0672,1.451
1996-05-23,6.05,6.44,6.68,0.15000000000000124,0.0033,0.0678,2.164
1996-05-24,6.03,6.42,6.65,0.15999999999999925,0.004,0.0685,2.277
1996-05-28,6.05,6.44,6.67,0.16000000000000103,0.0047,0.0692,2.244
1996-05-29,6.16,6.56,6.77,0.1899999999999995,0.0056,0.0701,2.631
1996-05-30,6.18,6.55,6.78,0.13999999999999968,0.0062,0.0706,1.895
1996-05-31,6.27,6.64,6.85,0.16000000000000014,0.007,0.0712,2.149
1996-06-03,6.26,6.64,6.87,0.14999999999999947,0.0077,0.0717,1.985
1996-06-04,6.24,6.62,6.86,0.13999999999999968,0.0085,0.0721,1.824
1996-06-05,6.24,6.6,6.82,0.1399999999999988,0.009,0.0726,1.804
1996-06-06,6.16,6.52,6.76,0.11999999999999922,0.0096,0.0729,1.514
1996-06-07,6.4,6.75,6.93,0.16999999999999993,0.0103,0.0736,2.17
1996-06-10,6.4,6.77,6.97,0.16999999999999904,0.0109,0.0742,2.144
1996-06-11,6.37,6.77,6.99,0.17999999999999883,0.0117,0.075,2.244
1996-06-12,6.39,6.81,7.03,0.1999999999999993,0.0125,0.0759,2.47
1996-06-13,6.36,6.8,7.01,0.22999999999999954,0.0137,0.077,2.809
1996-06-14,6.29,6.72,6.95,0.1999999999999993,0.0146,0.0778,2.383
1996-06-17,6.27,6.68,6.9,0.1899999999999995,0.0156,0.0784,2.224
1996-06-18,6.28,6.71,6.93,0.20999999999999996,0.0166,0.0793,2.439
1996-06-19,6.31,6.74,6.96,0.21000000000000085,0.0176,0.0801,2.402
1996-06-20,6.38,6.77,6.98,0.17999999999999883,0.0185,0.0807,2.001
1996-06-21,6.35,6.74,6.96,0.17000000000000082,0.0193,0.0812,1.856
1996-06-24,6.32,6.72,6.94,0.17999999999999883,0.0202,0.0817,1.956
1996-06-25,6.3,6.7,6.91,0.1900000000000004,0.021,0.0824,2.051
1996-06-26,6.3,6.67,6.91,0.1299999999999999,0.0214,0.0827,1.313
1996-06-27,6.21,6.59,6.83,0.13999999999999968,0.022,0.083,1.422
1996-06-28,6.11,6.47,6.73,0.09999999999999876,0.0225,0.083,0.934
1996-07-01,6.15,6.49,6.74,0.08999999999999986,0.0231,0.0831,0.805
1996-07-02,6.22,6.56,6.8,0.09999999999999964,0.0237,0.083,0.919
1996-07-03,6.2,6.53,6.78,0.08000000000000007,0.0243,0.0829,0.672
1996-07-05,6.44,6.82,7.06,0.14000000000000057,0.0253,0.0828,1.385
1996-07-08,6.43,6.81,7.05,0.13999999999999968,0.0262,0.0827,1.376
1996-07-09,6.41,6.78,7.0,0.15000000000000036,0.0273,0.0826,1.485
1996-07-10,6.34,6.71,6.95,0.1299999999999999,0.0281,0.0825,1.235
1996-07-11,6.28,6.67,6.9,0.15999999999999925,0.0291,0.0826,1.585
1996-07-12,6.26,6.65,6.85,0.19000000000000128,0.0303,0.0828,1.929
1996-07-15,6.32,6.67,6.89,0.1299999999999999,0.0311,0.0828,1.194
1996-07-16,6.23,6.61,6.84,0.15000000000000036,0.0319,0.083,1.423
1996-07-17,6.23,6.61,6.83,0.16000000000000014,0.0325,0.0834,1.529
1996-07-18,6.16,6.5,6.72,0.1200000000000001,0.0331,0.0835,1.041
1996-07-19,6.18,6.55,6.78,0.13999999999999968,0.0338,0.0836,1.27
1996-07-22,6.23,6.62,6.84,0.16999999999999993,0.0343,0.0841,1.614
1996-07-23,6.23,6.6,6.8,0.16999999999999904,0.0351,0.0844,1.598
1996-07-24,6.26,6.63,6.87,0.1299999999999999,0.0356,0.0846,1.116
1996-07-25,6.28,6.65,6.87,0.15000000000000036,0.036,0.0849,1.343
1996-07-26,6.25,6.62,6.85,0.14000000000000057,0.0365,0.0851,1.216
1996-07-29,6.32,6.69,6.93,0.13000000000000078,0.0369,0.0853,1.091
1996-07-30,6.3,6.65,6.89,0.11000000000000121,0.0374,0.0854,0.85
1996-07-31,6.22,6.57,6.8,0.120000000000001,0.0379,0.0855,0.96
1996-08-01,6.08,6.41,6.65,0.08999999999999986,0.0382,0.0856,0.605
1996-08-02,5.91,6.26,6.51,0.09999999999999964,0.0386,0.0856,0.717
1996-08-05,5.93,6.28,6.53,0.10000000000000053,0.039,0.0857,0.712
1996-08-06,5.93,6.29,6.54,0.11000000000000032,0.0395,0.0857,0.823
1996-08-07,5.97,6.3,6.55,0.08000000000000007,0.04,0.0856,0.467
1996-08-08,5.97,6.29,6.56,0.05000000000000071,0.0401,0.0856,0.116
1996-08-09,5.93,6.25,6.5,0.07000000000000028,0.0402,0.0856,0.348
1996-08-12,5.92,6.24,6.49,0.07000000000000028,0.0401,0.0856,0.349
1996-08-13,5.97,6.32,6.57,0.10000000000000053,0.0402,0.0856,0.699
1996-08-14,5.97,6.33,6.58,0.11000000000000032,0.0404,0.0857,0.812
1996-08-15,6.0,6.37,6.62,0.1200000000000001,0.0407,0.0859,0.923
1996-08-16,5.95,6.31,6.56,0.10999999999999943,0.041,0.086,0.802
1996-08-19,5.97,6.34,6.59,0.1200000000000001,0.0413,0.0861,0.914
1996-08-20,5.97,6.34,6.59,0.1200000000000001,0.0418,0.0862,0.907
1996-08-21,5.99,6.35,6.61,0.09999999999999876,0.0421,0.0863,0.671
1996-08-22,6.0,6.38,6.62,0.13999999999999968,0.0425,0.0865,1.127
1996-08-23,6.09,6.48,6.72,0.15000000000000124,0.0431,0.0868,1.232
1996-08-26,6.18,6.57,6.8,0.16000000000000103,0.0438,0.087,1.336
1996-08-27,6.17,6.55,6.78,0.14999999999999947,0.0443,0.0872,1.212
1996-08-28,6.17,6.56,6.79,0.15999999999999925,0.0449,0.0875,1.315
1996-08-29,6.23,6.61,6.86,0.1299999999999999,0.0455,0.0876,0.965
1996-08-30,6.34,6.73,6.96,0.16000000000000103,0.0461,0.0879,1.296
1996-09-03,6.35,6.71,6.92,0.15000000000000036,0.0467,0.088,1.174
1996-09-04,6.38,6.74,6.94,0.16000000000000014,0.0474,0.0882,1.277
1996-09-05,6.38,6.76,6.98,0.15999999999999925,0.0482,0.0883,1.266
1996-09-06,6.33,6.72,6.94,0.16999999999999904,0.0489,0.0886,1.367
1996-09-09,6.32,6.67,6.9,0.11999999999999922,0.0494,0.0886,0.797
1996-09-10,6.34,6.7,6.94,0.1200000000000001,0.0498,0.0887,0.791
1996-09-11,6.34,6.7,6.94,0.1200000000000001,0.0503,0.0888,0.785
1996-09-12,6.27,6.64,6.88,0.1299999999999999,0.0508,0.0889,0.891
1996-09-13,6.1,6.48,6.74,0.120000000000001,0.0513,0.0888,0.774
1996-09-16,6.14,6.49,6.73,0.11000000000000032,0.0518,0.0889,0.655
1996-09-17,6.22,6.57,6.81,0.11000000000000121,0.0522,0.0889,0.65
1996-09-18,6.26,6.61,6.83,0.13000000000000078,0.0528,0.0889,0.868
1996-09-19,6.29,6.65,6.87,0.14000000000000057,0.0533,0.0891,0.973
1996-09-20,6.26,6.62,6.85,0.13000000000000078,0.0537,0.0892,0.855
1996-09-23,6.24,6.6,6.83,0.129999999999999,0.0542,0.0893,0.849
1996-09-24,6.16,6.52,6.77,0.10999999999999943,0.0546,0.0893,0.62
1996-09-25,6.08,6.46,6.71,0.1299999999999999,0.0548,0.0894,0.841
1996-09-26,6.05,6.41,6.66,0.11000000000000032,0.0555,0.0892,0.611
1996-09-27,6.07,6.43,6.68,0.10999999999999943,0.056,0.0892,0.605
1996-09-30,6.1,6.46,6.72,0.10000000000000053,0.0563,0.0892,0.49
1996-10-01,6.03,6.39,6.65,0.09999999999999876,0.0567,0.0891,0.486
1996-10-02,5.98,6.35,6.61,0.10999999999999854,0.0572,0.0891,0.593
1996-10-03,6.0,6.35,6.61,0.08999999999999897,0.0577,0.0889,0.363
1996-10-04,5.85,6.2,6.48,0.07000000000000028,0.0581,0.0887,0.134
1996-10-07,5.89,6.25,6.53,0.08000000000000007,0.0585,0.0886,0.243
1996-10-08,5.9,6.26,6.53,0.08999999999999897,0.0588,0.0886,0.352
1996-10-09,5.96,6.31,6.55,0.10999999999999943,0.0593,0.0885,0.573
1996-10-10,6.01,6.37,6.61,0.1200000000000001,0.0599,0.0884,0.68
1996-10-11,5.92,6.29,6.55,0.11000000000000032,0.0605,0.0883,0.561
1996-10-15,5.93,6.3,6.56,0.11000000000000032,0.0611,0.0881,0.555
1996-10-16,5.94,6.31,6.57,0.10999999999999854,0.0616,0.088,0.55
1996-10-17,5.89,6.25,6.51,0.10000000000000053,0.062,0.0879,0.432
1996-10-18,5.89,6.25,6.5,0.11000000000000032,0.0624,0.0879,0.542
1996-10-21,5.91,6.27,6.52,0.10999999999999943,0.0627,0.088,0.537
1996-10-22,5.95,6.31,6.56,0.10999999999999943,0.0631,0.088,0.533
1996-10-23,5.94,6.31,6.56,0.11999999999999922,0.0635,0.0879,0.643
1996-10-24,5.94,6.29,6.57,0.0699999999999994,0.064,0.0877,0.068
1996-10-25,5.9,6.26,6.54,0.07999999999999918,0.0645,0.0874,0.177
1996-10-28,5.92,6.29,6.56,0.10000000000000053,0.065,0.0872,0.401
1996-10-29,5.77,6.12,6.4,0.07000000000000028,0.0654,0.0871,0.053
1996-10-30,5.79,6.12,6.4,0.04999999999999982,0.0656,0.0869,-0.18
1996-10-31,5.77,6.1,6.37,0.05999999999999961,0.066,0.0867,-0.069
1996-11-01,5.79,6.11,6.38,0.05000000000000071,0.0662,0.0866,-0.187
1996-11-04,5.78,6.1,6.36,0.05999999999999872,0.0666,0.0863,-0.076
1996-11-05,5.74,6.03,6.28,0.040000000000000036,0.0668,0.0862,-0.311
1996-11-06,5.76,6.05,6.3,0.040000000000000036,0.0669,0.0862,-0.312
1996-11-07,5.75,6.01,6.26,0.009999999999999787,0.067,0.0861,-0.662
1996-11-08,5.76,6.04,6.29,0.03000000000000025,0.0672,0.086,-0.433
1996-11-12,5.73,5.98,6.19,0.040000000000000036,0.0673,0.0859,-0.318
1996-11-13,5.71,5.99,6.2,0.07000000000000028,0.0677,0.0857,0.027
1996-11-14,5.66,5.93,6.15,0.049999999999998934,0.068,0.0855,-0.211
1996-11-15,5.68,5.96,6.19,0.04999999999999982,0.0682,0.0854,-0.213
1996-11-18,5.7,5.97,6.2,0.03999999999999915,0.0685,0.0852,-0.335
1996-11-19,5.68,5.94,6.17,0.030000000000001137,0.0688,0.0849,-0.457
1996-11-20,5.65,5.92,6.14,0.04999999999999982,0.0693,0.0844,-0.229
1996-11-21,5.67,5.94,6.15,0.0600000000000005,0.0696,0.0843,-0.114
1996-11-22,5.69,5.94,6.15,0.040000000000000036,0.0697,0.0842,-0.353
1996-11-25,5.67,5.92,6.13,0.040000000000000036,0.0699,0.0841,-0.356
1996-11-26,5.66,5.91,6.13,0.03000000000000025,0.07,0.084,-0.476
1996-11-27,5.66,5.91,6.14,0.020000000000000462,0.07,0.084,-0.595
1996-11-29,5.59,5.84,6.06,0.03000000000000025,0.0704,0.0835,-0.484
1996-12-02,5.61,5.85,6.08,0.009999999999998899,0.0707,0.0832,-0.73
1996-12-03,5.61,5.84,6.06,0.009999999999999787,0.071,0.083,-0.735
1996-12-04,5.64,5.89,6.11,0.02999999999999936,0.0712,0.0827,-0.498
1996-12-05,5.71,5.99,6.22,0.05000000000000071,0.0716,0.0824,-0.262
1996-12-06,5.73,6.02,6.26,0.049999999999998934,0.0718,0.0823,-0.265
1996-12-09,5.7,5.97,6.21,0.02999999999999936,0.0721,0.0821,-0.513
1996-12-10,5.71,5.99,6.23,0.040000000000000036,0.0722,0.082,-0.393
1996-12-11,5.82,6.14,6.38,0.07999999999999918,0.0727,0.0817,0.089
1996-12-12,5.84,6.14,6.4,0.03999999999999915,0.0729,0.0816,-0.403
1996-12-13,5.77,6.06,6.33,0.019999999999999574,0.073,0.0815,-0.65
1996-12-16,5.82,6.13,6.39,0.04999999999999982,0.0733,0.0813,-0.287
1996-12-17,5.87,6.17,6.42,0.04999999999999982,0.0735,0.0811,-0.29
1996-12-18,5.89,6.21,6.46,0.07000000000000028,0.0736,0.0811,-0.044
1996-12-19,5.83,6.13,6.36,0.0699999999999994,0.0739,0.0809,-0.048
1996-12-20,5.83,6.12,6.35,0.0600000000000005,0.0741,0.0808,-0.175
1996-12-23,5.85,6.12,6.34,0.05000000000000071,0.0745,0.0805,-0.304
1996-12-24,5.85,6.13,6.36,0.04999999999999982,0.0746,0.0804,-0.306
1996-12-26,5.85,6.13,6.35,0.0600000000000005,0.0749,0.0803,-0.186
1996-12-27,5.81,6.09,6.3,0.07000000000000028,0.075,0.0802,-0.062
1996-12-30,5.8,6.1,6.31,0.08999999999999986,0.0753,0.0802,0.183
1996-12-31,5.88,6.21,6.43,0.11000000000000032,0.0757,0.0801,0.428
1997-01-02,5.97,6.3,6.54,0.08999999999999986,0.0761,0.0799,0.174
1997-01-03,5.95,6.28,6.52,0.09000000000000075,0.0765,0.0797,0.169
1997-01-06,5.97,6.3,6.54,0.08999999999999986,0.0771,0.0793,0.163
1997-01-07,5.98,6.32,6.57,0.08999999999999986,0.0776,0.0789,0.157
1997-01-08,6.01,6.34,6.6,0.07000000000000028,0.0781,0.0784,-0.103
1997-01-09,5.94,6.27,6.52,0.07999999999999918,0.0787,0.0779,0.017
1997-01-10,6.06,6.4,6.63,0.11000000000000121,0.0792,0.0777,0.396
1997-01-13,6.07,6.4,6.63,0.10000000000000053,0.0798,0.0772,0.262
1997-01-14,5.98,6.3,6.53,0.08999999999999897,0.0807,0.0762,0.122
1997-01-15,5.98,6.3,6.53,0.08999999999999897,0.081,0.076,0.118
1997-01-16,6.0,6.33,6.57,0.08999999999999986,0.0816,0.0756,0.111
1997-01-17,6.0,6.32,6.56,0.08000000000000096,0.0821,0.0752,-0.028
1997-01-21,5.99,6.29,6.52,0.07000000000000028,0.0825,0.0748,-0.167
1997-01-22,6.0,6.32,6.56,0.08000000000000096,0.0828,0.0746,-0.038
1997-01-23,6.06,6.35,6.6,0.040000000000000036,0.083,0.0744,-0.578
1997-01-24,6.07,6.39,6.64,0.0699999999999994,0.0837,0.0736,-0.186
1997-01-27,6.11,6.42,6.69,0.03999999999999915,0.0838,0.0735,-0.596
1997-01-28,6.04,6.38,6.64,0.08000000000000007,0.0843,0.073,-0.059
1997-01-29,6.04,6.38,6.63,0.08999999999999986,0.0848,0.0726,0.072
1997-01-30,6.01,6.35,6.61,0.07999999999999918,0.0854,0.0721,-0.075
1997-01-31,5.94,6.26,6.53,0.049999999999998934,0.0857,0.0717,-0.498
1997-02-03,5.89,6.21,6.47,0.0600000000000005,0.0862,0.071,-0.369
1997-02-04,5.88,6.19,6.45,0.05000000000000071,0.0867,0.0702,-0.523
1997-02-05,5.91,6.21,6.47,0.040000000000000036,0.0871,0.0698,-0.675
1997-02-06,5.91,6.22,6.49,0.03999999999999915,0.0875,0.0693,-0.685
1997-02-07,5.86,6.17,6.43,0.04999999999999982,0.0878,0.0688,-0.549
1997-02-10,5.87,6.16,6.43,0.020000000000000462,0.088,0.0686,-0.991
1997-02-11,5.88,6.18,6.43,0.04999999999999982,0.0882,0.0684,-0.558
1997-02-12,5.9,6.19,6.39,0.09000000000000075,0.089,0.0674,0.015
1997-02-13,5.83,6.12,6.32,0.08999999999999986,0.0897,0.0663,0.005
1997-02-14,5.79,6.07,6.28,0.07000000000000028,0.0904,0.0652,-0.313
1997-02-18,5.8,6.08,6.28,0.08000000000000007,0.0912,0.064,-0.175
1997-02-19,5.82,6.1,6.3,0.07999999999999918,0.0918,0.0631,-0.187
1997-02-20,5.85,6.17,6.38,0.11000000000000032,0.0927,0.0615,0.281
1997-02-21,5.85,6.16,6.36,0.11000000000000032,0.0933,0.0611,0.273
1997-02-24,5.89,6.19,6.39,0.10000000000000142,0.094,0.06,0.1
1997-02-25,5.9,6.2,6.4,0.09999999999999964,0.0946,0.0594,0.091
1997-02-26,6.06,6.37,6.56,0.120000000000001,0.0953,0.0585,0.422
1997-02-27,6.09,6.4,6.58,0.13000000000000078,0.0962,0.0574,0.589
1997-02-28,6.09,6.39,6.56,0.1299999999999999,0.097,0.0564,0.585
1997-03-03,6.11,6.41,6.58,0.1299999999999999,0.0979,0.0549,0.585
1997-03-04,6.11,6.44,6.6,0.17000000000000082,0.0988,0.0543,1.311
1997-03-05,6.13,6.43,6.6,0.1299999999999999,0.0997,0.053,0.572
1997-03-06,6.15,6.45,6.62,0.1299999999999999,0.1004,0.0523,0.566
1997-03-07,6.1,6.39,6.57,0.10999999999999943,0.101,0.0514,0.175
1997-03-10,6.1,6.4,6.56,0.14000000000000146,0.1017,0.0506,0.757
1997-03-11,6.09,6.4,6.57,0.14000000000000057,0.1025,0.0498,0.753
1997-03-12,6.12,6.43,6.6,0.13999999999999968,0.1032,0.0491,0.749
1997-03-13,6.21,6.55,6.72,0.16999999999999993,0.1041,0.0481,1.37
1997-03-14,6.18,6.53,6.71,0.17000000000000082,0.1048,0.0477,1.367
1997-03-17,6.22,6.55,6.72,0.16000000000000014,0.1055,0.0473,1.152
1997-03-18,6.22,6.56,6.72,0.17999999999999972,0.106,0.0474,1.561
1997-03-19,6.24,6.58,6.74,0.17999999999999972,0.1067,0.0472,1.553
1997-03-20,6.27,6.61,6.75,0.20000000000000107,0.1073,0.0474,1.956
1997-03-21,6.29,6.61,6.74,0.1900000000000004,0.1081,0.0472,1.735
1997-03-24,6.29,6.58,6.72,0.15000000000000036,0.1086,0.0469,0.883
1997-03-25,6.33,6.63,6.75,0.17999999999999972,0.1092,0.0469,1.51
1997-03-26,6.38,6.66,6.8,0.14000000000000057,0.1095,0.0468,0.652
1997-03-27,6.45,6.76,6.9,0.16999999999999904,0.1101,0.0467,1.283
1997-03-31,6.45,6.77,6.92,0.16999999999999904,0.1104,0.0468,1.274
1997-04-01,6.42,6.74,6.9,0.16000000000000014,0.1106,0.0469,1.053
1997-04-02,6.42,6.73,6.88,0.16000000000000103,0.111,0.047,1.043
1997-04-03,6.4,6.72,6.86,0.17999999999999883,0.1113,0.0471,1.459
1997-04-04,6.44,6.78,6.92,0.20000000000000018,0.1119,0.0473,1.863
1997-04-07,6.41,6.73,6.87,0.1800000000000006,0.1123,0.0474,1.428
1997-04-08,6.44,6.76,6.91,0.16999999999999904,0.1127,0.0475,1.206
1997-04-09,6.44,6.77,6.91,0.18999999999999861,0.1129,0.0478,1.613
1997-04-10,6.46,6.78,6.91,0.1900000000000004,0.1129,0.0478,1.613
1997-04-11,6.53,6.85,6.98,0.18999999999999861,0.1132,0.0481,1.597
1997-04-14,6.54,6.86,6.98,0.20000000000000018,0.1134,0.0483,1.793
1997-04-15,6.45,6.76,6.88,0.1899999999999995,0.1134,0.0482,1.589
1997-04-16,6.49,6.79,6.9,0.1899999999999995,0.1136,0.0485,1.575
1997-04-17,6.44,6.75,6.86,0.1999999999999993,0.1138,0.0487,1.77
1997-04-18,6.42,6.73,6.84,0.20000000000000107,0.1139,0.0489,1.761
1997-04-21,6.46,6.76,6.87,0.1899999999999995,0.114,0.049,1.551
1997-04-22,6.43,6.73,6.84,0.19000000000000128,0.114,0.049,1.551
1997-04-23,6.47,6.78,6.89,0.20000000000000107,0.1142,0.0492,1.744
1997-04-24,6.52,6.83,6.93,0.21000000000000085,0.1144,0.0495,1.931
1997-04-25,6.54,6.83,6.94,0.17999999999999972,0.1144,0.0496,1.323
1997-04-28,6.51,6.81,6.92,0.1899999999999995,0.1145,0.0497,1.519
1997-04-29,6.34,6.64,6.77,0.16999999999999993,0.1149,0.0498,1.106
1997-04-30,6.29,6.57,6.72,0.13000000000000078,0.115,0.0498,0.301
1997-05-01,6.27,6.55,6.69,0.13999999999999968,0.1152,0.0498,0.498
1997-05-02,6.26,6.54,6.68,0.14000000000000057,0.1153,0.0498,0.496
1997-05-05,6.28,6.54,6.67,0.1299999999999999,0.1155,0.0497,0.292
1997-05-06,6.29,6.56,6.67,0.15999999999999925,0.1157,0.0498,0.89
1997-05-07,6.36,6.63,6.76,0.13999999999999968,0.1158,0.0498,0.486
1997-05-08,6.33,6.59,6.72,0.1299999999999999,0.1158,0.0498,0.285
1997-05-09,6.24,6.51,6.67,0.10999999999999943,0.1157,0.0498,-0.114
1997-05-12,6.23,6.5,6.65,0.11999999999999922,0.1154,0.0496,0.093
1997-05-13,6.3,6.6,6.71,0.1899999999999995,0.1156,0.0497,1.497
1997-05-14,6.26,6.54,6.68,0.14000000000000057,0.1157,0.0498,0.488
1997-05-15,6.25,6.52,6.67,0.11999999999999922,0.1157,0.0498,0.086
1997-05-16,6.28,6.55,6.7,0.11999999999999922,0.1156,0.0497,0.089
1997-05-19,6.28,6.57,6.71,0.15000000000000036,0.1158,0.0498,0.687
1997-05-20,6.25,6.54,6.7,0.1299999999999999,0.1158,0.0498,0.285
1997-05-21,6.25,6.57,6.74,0.15000000000000036,0.1159,0.0498,0.685
1997-05-22,6.27,6.61,6.76,0.19000000000000128,0.1162,0.0501,1.473
1997-05-23,6.25,6.59,6.74,0.1899999999999995,0.1163,0.0503,1.465
1997-05-27,6.3,6.64,6.79,0.1899999999999995,0.1167,0.0505,1.451
1997-05-28,6.34,6.65,6.8,0.16000000000000103,0.1167,0.0505,0.857
1997-05-29,6.3,6.61,6.75,0.17000000000000082,0.1168,0.0505,1.053
1997-05-30,6.22,6.51,6.67,0.1299999999999999,0.1167,0.0505,0.263
1997-06-02,6.23,6.52,6.66,0.14999999999999858,0.1165,0.0503,0.666
1997-06-03,6.2,6.49,6.63,0.15000000000000036,0.1165,0.0503,0.666
1997-06-04,6.2,6.49,6.62,0.16000000000000014,0.1165,0.0503,0.865
1997-06-05,6.2,6.49,6.62,0.16000000000000014,0.1166,0.0503,0.863
1997-06-06,6.12,6.39,6.51,0.14999999999999947,0.1166,0.0504,0.663
1997-06-09,6.15,6.44,6.55,0.1800000000000006,0.1168,0.0505,1.251
1997-06-10,6.17,6.46,6.57,0.17999999999999972,0.117,0.0507,1.243
1997-06-11,6.19,6.45,6.56,0.15000000000000036,0.1169,0.0506,0.654
1997-06-12,6.07,6.35,6.48,0.14999999999999858,0.1169,0.0505,0.655
1997-06-13,6.03,6.3,6.43,0.13999999999999968,0.1167,0.0504,0.462
1997-06-16,6.02,6.28,6.4,0.14000000000000057,0.1165,0.0501,0.469
1997-06-17,6.05,6.31,6.43,0.13999999999999968,0.1161,0.0496,0.482
1997-06-18,6.02,6.29,6.4,0.16000000000000014,0.116,0.0494,0.891
1997-06-19,6.04,6.29,6.4,0.13999999999999968,0.1158,0.0492,0.492
1997-06-20,6.02,6.27,6.37,0.14999999999999947,0.1155,0.0489,0.706
1997-06-23,6.04,6.3,6.4,0.15999999999999925,0.1153,0.0486,0.92
1997-06-24,6.03,6.31,6.42,0.16999999999999904,0.1153,0.0486,1.126
1997-06-25,6.05,6.34,6.45,0.17999999999999972,0.1153,0.0486,1.331
1997-06-26,6.05,6.36,6.5,0.17000000000000082,0.1153,0.0486,1.126
1997-06-27,6.03,6.35,6.46,0.20999999999999908,0.1154,0.0487,1.943
1997-06-30,6.08,6.4,6.51,0.21000000000000085,0.1157,0.0491,1.921
1997-07-01,6.02,6.33,6.45,0.1900000000000004,0.1159,0.0493,1.503
1997-07-02,6.02,6.3,6.42,0.16000000000000014,0.1161,0.0493,0.89
1997-07-03,5.93,6.2,6.31,0.16000000000000103,0.1164,0.0494,0.883
1997-07-07,5.92,6.17,6.27,0.15000000000000036,0.1166,0.0494,0.676
1997-07-08,5.92,6.17,6.27,0.15000000000000036,0.1169,0.0494,0.67
1997-07-09,5.9,6.15,6.25,0.15000000000000036,0.1169,0.0494,0.67
1997-07-10,5.91,6.15,6.26,0.13000000000000078,0.1169,0.0494,0.265
1997-07-11,5.89,6.13,6.23,0.13999999999999968,0.1168,0.0494,0.47
1997-07-14,5.94,6.16,6.26,0.1200000000000001,0.1168,0.0494,0.065
1997-07-15,5.92,6.16,6.26,0.14000000000000057,0.1167,0.0493,0.473
1997-07-16,5.87,6.11,6.2,0.15000000000000036,0.1165,0.0492,0.681
1997-07-17,5.87,6.11,6.19,0.16000000000000014,0.1167,0.0492,0.88
1997-07-18,5.91,6.16,6.24,0.16999999999999993,0.1167,0.0493,1.081
1997-07-21,5.94,6.18,6.27,0.14999999999999947,0.1167,0.0493,0.675
1997-07-22,5.9,6.07,6.15,0.08999999999999986,0.1166,0.0493,-0.54
1997-07-23,5.85,6.06,6.14,0.1299999999999999,0.1165,0.0493,0.274
1997-07-24,5.87,6.06,6.16,0.08999999999999897,0.1162,0.0492,-0.533
1997-07-25,5.87,6.08,6.18,0.11000000000000032,0.116,0.0491,-0.122
1997-07-28,5.86,6.06,6.16,0.09999999999999876,0.1159,0.0491,-0.324
1997-07-29,5.79,6.0,6.11,0.09999999999999964,0.1157,0.0491,-0.32
1997-07-30,5.76,5.95,6.05,0.09000000000000075,0.1155,0.0491,-0.519
1997-07-31,5.74,5.9,6.02,0.040000000000000924,0.1151,0.0493,-1.523
1997-08-01,5.89,6.08,6.2,0.07000000000000028,0.115,0.0494,-0.911
1997-08-04,5.91,6.12,6.23,0.09999999999999964,0.1149,0.0494,-0.302
1997-08-05,5.93,6.13,6.23,0.09999999999999964,0.1149,0.0494,-0.302
1997-08-06,5.91,6.11,6.21,0.10000000000000053,0.1149,0.0494,-0.302
1997-08-07,5.93,6.14,6.24,0.10999999999999943,0.115,0.0493,-0.101
1997-08-08,6.02,6.23,6.38,0.060000000000001386,0.1148,0.0495,-1.107
1997-08-11,5.99,6.2,6.36,0.04999999999999982,0.1146,0.0496,-1.302
1997-08-12,6.0,6.22,6.39,0.04999999999999982,0.1146,0.0496,-1.302
1997-08-13,5.95,6.19,6.36,0.07000000000000028,0.1146,0.0496,-0.899
1997-08-14,5.92,6.13,6.27,0.07000000000000028,0.1146,0.0496,-0.899
1997-08-15,5.87,6.1,6.27,0.05999999999999961,0.1145,0.0497,-1.097
1997-08-18,5.82,6.06,6.21,0.08999999999999897,0.1144,0.0497,-0.491
1997-08-19,5.85,6.07,6.21,0.08000000000000096,0.1142,0.0498,-0.687
1997-08-20,5.88,6.1,6.24,0.07999999999999918,0.1141,0.0498,-0.685
1997-08-21,5.95,6.15,6.3,0.05000000000000071,0.1138,0.05,-1.276
1997-08-22,5.98,6.21,6.38,0.05999999999999961,0.1136,0.0501,-1.07
1997-08-25,6.01,6.25,6.39,0.10000000000000053,0.1136,0.0501,-0.271
1997-08-26,5.99,6.24,6.38,0.11000000000000032,0.1135,0.0501,-0.07
1997-08-27,6.01,6.23,6.38,0.07000000000000117,0.1132,0.0501,-0.862
1997-08-28,5.94,6.18,6.3,0.11999999999999922,0.113,0.05,0.14
1997-08-29,5.97,6.22,6.34,0.1299999999999999,0.1129,0.0499,0.343
1997-09-02,5.94,6.2,6.31,0.15000000000000036,0.1129,0.0499,0.743
1997-09-03,5.96,6.21,6.33,0.1299999999999999,0.1129,0.0499,0.343
1997-09-04,5.98,6.22,6.33,0.129999999999999,0.1128,0.0498,0.345
1997-09-05,5.98,6.24,6.37,0.1299999999999999,0.1127,0.0498,0.347
1997-09-08,5.98,6.23,6.33,0.15000000000000036,0.1127,0.0498,0.749
1997-09-09,5.98,6.24,6.34,0.16000000000000014,0.1127,0.0498,0.95
1997-09-10,6.0,6.26,6.37,0.14999999999999947,0.1126,0.0497,0.753
1997-09-11,6.0,6.27,6.39,0.14999999999999947,0.1127,0.0497,0.751
1997-09-12,5.93,6.17,6.29,0.1200000000000001,0.1127,0.0497,0.147
1997-09-15,5.93,6.17,6.28,0.1299999999999999,0.1127,0.0497,0.348
1997-09-16,5.81,6.0,6.11,0.08000000000000007,0.1125,0.0498,-0.653
1997-09-17,5.79,5.99,6.1,0.09000000000000075,0.1124,0.0498,-0.45
1997-09-18,5.81,6.02,6.11,0.11999999999999922,0.1125,0.0498,0.151
1997-09-19,5.81,6.01,6.09,0.1200000000000001,0.1125,0.0498,0.151
1997-09-22,5.79,5.99,6.06,0.13000000000000078,0.1125,0.0498,0.351
1997-09-23,5.8,6.02,6.1,0.13999999999999968,0.1125,0.0498,0.552
1997-09-24,5.78,5.97,6.04,0.11999999999999922,0.1125,0.0498,0.151
1997-09-25,5.85,6.04,6.13,0.10000000000000053,0.1123,0.0498,-0.247
1997-09-26,5.8,5.99,6.08,0.10000000000000053,0.1123,0.0498,-0.247
1997-09-29,5.8,5.99,6.1,0.08000000000000096,0.1121,0.0498,-0.645
1997-09-30,5.8,6.0,6.12,0.08000000000000007,0.112,0.0499,-0.641
1997-10-01,5.75,5.93,6.04,0.0699999999999994,0.1118,0.0499,-0.838
1997-10-02,5.73,5.91,6.01,0.08000000000000007,0.1117,0.05,-0.634
1997-10-03,5.72,5.89,6.01,0.04999999999999982,0.1115,0.0501,-1.228
1997-10-06,5.68,5.85,5.96,0.05999999999999961,0.1113,0.0502,-1.022
1997-10-07,5.67,5.82,5.94,0.03000000000000025,0.1111,0.0505,-1.606
1997-10-08,5.79,5.96,6.08,0.04999999999999982,0.111,0.0505,-1.208
1997-10-09,5.8,5.98,6.09,0.07000000000000117,0.111,0.0506,-0.81
1997-10-10,5.86,6.03,6.15,0.04999999999999982,0.1108,0.0507,-1.199
1997-10-14,5.81,5.97,6.07,0.05999999999999961,0.1106,0.0508,-0.996
1997-10-15,5.84,6.0,6.1,0.0600000000000005,0.1104,0.0509,-0.99
1997-10-16,5.84,6.0,6.09,0.07000000000000028,0.1102,0.051,-0.788
1997-10-17,5.91,6.08,6.17,0.08000000000000007,0.1101,0.051,-0.59
1997-10-20,5.9,6.07,6.15,0.08999999999999986,0.11,0.051,-0.392
1997-10-21,5.92,6.07,6.14,0.08000000000000096,0.11,0.051,-0.588
1997-10-22,5.91,6.06,6.12,0.08999999999999897,0.1099,0.0511,-0.389
1997-10-23,5.79,5.95,6.04,0.07000000000000028,0.1097,0.0511,-0.777
1997-10-24,5.79,5.94,6.01,0.08000000000000096,0.1096,0.0512,-0.578
1997-10-27,5.62,5.79,5.91,0.04999999999999982,0.1093,0.0513,-1.156
1997-10-28,5.74,5.89,5.98,0.05999999999999872,0.1093,0.0513,-0.961
1997-10-29,5.67,5.78,5.91,-0.019999999999999574,0.1089,0.0519,-2.484
1997-10-30,5.61,5.73,5.84,0.010000000000000675,0.1085,0.0523,-1.883
1997-10-31,5.63,5.72,5.84,-0.03000000000000025,0.1081,0.053,-2.606
1997-11-03,5.69,5.79,5.91,-0.020000000000000462,0.1079,0.0535,-2.391
1997-11-04,5.73,5.83,5.95,-0.020000000000000462,0.1075,0.054,-2.361
1997-11-05,5.73,5.84,5.95,-8.881784197001252e-16,0.1073,0.0543,-1.976
1997-11-06,5.7,5.79,5.9,-0.020000000000000462,0.107,0.0548,-2.318
1997-11-07,5.71,5.81,5.9,0.009999999999998899,0.1069,0.055,-1.762
1997-11-10,5.73,5.82,5.91,0.0,0.1067,0.0552,-1.933
1997-11-12,5.7,5.81,5.89,0.02999999999999936,0.1068,0.0551,-1.394
1997-11-13,5.7,5.79,5.87,0.009999999999999787,0.1067,0.0552,-1.752
1997-11-14,5.7,5.8,5.86,0.03999999999999915,0.1067,0.0552,-1.208
1997-11-17,5.7,5.79,5.85,0.03000000000000025,0.1066,0.0554,-1.383
1997-11-18,5.71,5.8,5.85,0.040000000000000036,0.1065,0.0554,-1.2
1997-11-19,5.7,5.77,5.82,0.019999999999998685,0.1064,0.0556,-1.554
1997-11-20,5.73,5.8,5.84,0.02999999999999936,0.1064,0.0556,-1.374
1997-11-21,5.68,5.77,5.82,0.03999999999999915,0.1064,0.0556,-1.194
1997-11-24,5.71,5.81,5.86,0.049999999999998934,0.1064,0.0556,-1.014
1997-11-25,5.71,5.8,5.85,0.040000000000000036,0.1063,0.0557,-1.19
1997-11-26,5.74,5.82,5.86,0.040000000000000036,0.1063,0.0557,-1.19
1997-11-28,5.76,5.83,5.86,0.040000000000000036,0.1063,0.0557,-1.19
1997-12-01,5.78,5.83,5.86,0.019999999999999574,0.1063,0.0557,-1.549
1997-12-02,5.78,5.83,5.86,0.019999999999999574,0.1063,0.0557,-1.549
1997-12-03,5.74,5.8,5.83,0.02999999999999936,0.1063,0.0557,-1.37
1997-12-04,5.71,5.78,5.84,0.010000000000000675,0.1063,0.0557,-1.729
1997-12-05,5.8,5.87,5.92,0.020000000000000462,0.1063,0.0557,-1.549
1997-12-08,5.85,5.92,5.96,0.03000000000000025,0.1063,0.0557,-1.37
1997-12-09,5.81,5.9,5.95,0.040000000000000924,0.1063,0.0557,-1.19
1997-12-10,5.75,5.85,5.9,0.049999999999998934,0.1063,0.0557,-1.011
1997-12-11,5.68,5.77,5.82,0.03999999999999915,0.1063,0.0556,-1.192
1997-12-12,5.63,5.71,5.74,0.04999999999999982,0.1064,0.0556,-1.014
1997-12-15,5.68,5.74,5.78,0.020000000000000462,0.1062,0.0558,-1.545
1997-12-16,5.68,5.74,5.77,0.030000000000001137,0.1061,0.0559,-1.361
1997-12-17,5.7,5.77,5.81,0.02999999999999936,0.1062,0.0558,-1.366
1997-12-18,5.68,5.74,5.76,0.040000000000000924,0.1061,0.0559,-1.182
1997-12-19,5.66,5.7,5.72,0.020000000000000462,0.106,0.056,-1.536
1997-12-22,5.69,5.71,5.72,0.009999999999999787,0.1058,0.0563,-1.702
1997-12-23,5.69,5.71,5.73,-8.881784197001252e-16,0.1055,0.0567,-1.861
1997-12-24,5.67,5.72,5.76,0.009999999999999787,0.1053,0.0569,-1.675
1997-12-26,5.69,5.72,5.75,-8.881784197001252e-16,0.1051,0.0572,-1.837
1997-12-29,5.69,5.73,5.76,0.010000000000000675,0.1049,0.0574,-1.653
1997-12-30,5.71,5.76,5.8,0.009999999999999787,0.1047,0.0576,-1.644
1997-12-31,5.66,5.71,5.75,0.009999999999999787,0.1045,0.0579,-1.632
1998-01-02,5.59,5.63,5.67,0.0,0.1041,0.0583,-1.786
1998-01-05,5.47,5.46,5.52,-0.0699999999999994,0.1034,0.0593,-2.924
1998-01-06,5.39,5.41,5.49,-0.05999999999999961,0.1028,0.0602,-2.704
1998-01-07,5.42,5.45,5.55,-0.0699999999999994,0.1022,0.0611,-2.818
1998-01-08,5.31,5.34,5.49,-0.1200000000000001,0.1013,0.0627,-3.53
1998-01-09,5.17,5.22,5.4,-0.13000000000000078,0.1005,0.0644,-3.579
1998-01-12,5.2,5.24,5.39,-0.10999999999999943,0.0998,0.0657,-3.193
1998-01-13,5.25,5.28,5.41,-0.09999999999999964,0.099,0.0669,-2.975
1998-01-14,5.29,5.33,5.45,-0.08000000000000007,0.0983,0.0678,-2.63
1998-01-15,5.29,5.34,5.48,-0.09000000000000075,0.0975,0.0689,-2.721
1998-01-16,5.35,5.42,5.54,-0.04999999999999982,0.097,0.0695,-2.115
1998-01-20,5.37,5.45,5.57,-0.040000000000000036,0.0965,0.07,-1.95
1998-01-21,5.33,5.41,5.54,-0.04999999999999982,0.0959,0.0706,-2.067
1998-01-22,5.3,5.39,5.56,-0.08000000000000007,0.0953,0.0715,-2.452
1998-01-23,5.42,5.53,5.7,-0.05999999999999961,0.0948,0.0721,-2.147
1998-01-26,5.39,5.49,5.63,-0.03999999999999915,0.0943,0.0726,-1.85
1998-01-27,5.46,5.57,5.7,-0.019999999999999574,0.094,0.0729,-1.564
1998-01-28,5.46,5.54,5.69,-0.07000000000000028,0.0935,0.0736,-2.221
1998-01-29,5.36,5.43,5.58,-0.08000000000000096,0.093,0.0743,-2.328
1998-01-30,5.32,5.39,5.53,-0.07000000000000117,0.0924,0.0751,-2.162
1998-02-02,5.36,5.43,5.57,-0.07000000000000117,0.0918,0.0757,-2.137
1998-02-03,5.34,5.41,5.56,-0.07999999999999918,0.0912,0.0765,-2.238
1998-02-04,5.32,5.41,5.57,-0.07000000000000028,0.0907,0.0771,-2.084
1998-02-05,5.36,5.46,5.62,-0.0600000000000005,0.0902,0.0777,-1.933
1998-02-06,5.38,5.48,5.62,-0.03999999999999915,0.0898,0.0781,-1.662
1998-02-09,5.41,5.51,5.65,-0.040000000000000924,0.0895,0.0785,-1.65
1998-02-10,5.41,5.49,5.64,-0.0699999999999994,0.0891,0.079,-2.014
1998-02-11,5.39,5.46,5.53,0.0,0.0889,0.0792,-1.122
1998-02-12,5.39,5.46,5.52,0.010000000000000675,0.0888,0.0792,-0.995
1998-02-13,5.36,5.44,5.49,0.03000000000000025,0.0888,0.0793,-0.741
1998-02-17,5.34,5.41,5.44,0.040000000000000036,0.0886,0.0793,-0.613
1998-02-18,5.37,5.44,5.49,0.020000000000000462,0.0883,0.0795,-0.859
1998-02-19,5.39,5.47,5.51,0.040000000000000036,0.0882,0.0795,-0.606
1998-02-20,5.41,5.49,5.54,0.03000000000000025,0.088,0.0796,-0.729
1998-02-23,5.46,5.53,5.58,0.020000000000000462,0.0877,0.0797,-0.849
1998-02-24,5.57,5.66,5.69,0.05999999999999961,0.0875,0.0797,-0.345
1998-02-25,5.55,5.6,5.63,0.019999999999999574,0.0872,0.0798,-0.842
1998-02-26,5.58,5.62,5.65,0.009999999999999787,0.0868,0.08,-0.96
1998-02-27,5.55,5.59,5.62,0.009999999999999787,0.0865,0.0801,-0.955
1998-03-02,5.6,5.67,5.72,0.020000000000000462,0.0861,0.0802,-0.824
1998-03-03,5.64,5.72,5.77,0.03000000000000025,0.0857,0.0802,-0.695
1998-03-04,5.63,5.71,5.76,0.03000000000000025,0.0853,0.0802,-0.69
1998-03-05,5.62,5.71,5.78,0.019999999999999574,0.0848,0.0803,-0.807
1998-03-06,5.58,5.65,5.73,-0.009999999999999787,0.0841,0.0803,-1.172
1998-03-09,5.57,5.61,5.67,-0.019999999999999574,0.0835,0.0805,-1.286
1998-03-10,5.55,5.62,5.67,0.020000000000000462,0.0831,0.0806,-0.783
1998-03-11,5.53,5.57,5.63,-0.019999999999999574,0.0826,0.0808,-1.27
1998-03-12,5.5,5.52,5.56,-0.020000000000000462,0.0819,0.081,-1.258
1998-03-13,5.5,5.54,5.58,0.0,0.0814,0.0811,-1.004
1998-03-16,5.47,5.52,5.54,0.02999999999999936,0.081,0.0811,-0.629
1998-03-17,5.5,5.53,5.56,8.881784197001252e-16,0.0803,0.081,-0.991
1998-03-18,5.52,5.55,5.58,0.0,0.0796,0.081,-0.983
1998-03-19,5.52,5.56,5.58,0.019999999999999574,0.079,0.0809,-0.729
1998-03-20,5.52,5.56,5.57,0.02999999999999936,0.0785,0.0807,-0.601
1998-03-23,5.52,5.56,5.57,0.02999999999999936,0.0779,0.0805,-0.595
1998-03-24,5.5,5.57,5.58,0.0600000000000005,0.0773,0.0802,-0.216
1998-03-25,5.58,5.62,5.64,0.020000000000000462,0.0766,0.0799,-0.708
1998-03-26,5.62,5.66,5.68,0.020000000000000462,0.0761,0.0799,-0.702
1998-03-27,5.63,5.67,5.68,0.03000000000000025,0.0755,0.0796,-0.572
1998-03-30,5.65,5.7,5.72,0.03000000000000025,0.0751,0.0796,-0.567
1998-03-31,5.6,5.64,5.67,0.009999999999999787,0.0744,0.0795,-0.81
1998-04-01,5.55,5.59,5.62,0.009999999999999787,0.0738,0.0793,-0.805
1998-04-02,5.52,5.54,5.56,8.881784197001252e-16,0.0732,0.0793,-0.923
1998-04-03,5.42,5.44,5.47,-0.009999999999998899,0.0725,0.0793,-1.04
1998-04-06,5.45,5.49,5.51,0.020000000000000462,0.0719,0.079,-0.657
1998-04-07,5.45,5.5,5.53,0.019999999999999574,0.0712,0.0787,-0.651
1998-04-08,5.49,5.54,5.58,0.009999999999999787,0.0705,0.0785,-0.771
1998-04-09,5.5,5.56,5.59,0.02999999999999936,0.0699,0.0783,-0.51
1998-04-13,5.59,5.64,5.66,0.02999999999999936,0.0693,0.0779,-0.504
1998-04-14,5.57,5.6,5.63,-8.881784197001252e-16,0.0685,0.0777,-0.882
1998-04-15,5.55,5.59,5.6,0.03000000000000025,0.0679,0.0774,-0.49
1998-04-16,5.53,5.57,5.59,0.020000000000000462,0.0672,0.077,-0.613
1998-04-17,5.54,5.57,5.59,0.010000000000000675,0.0665,0.0766,-0.738
1998-04-20,5.57,5.61,5.65,0.0,0.0657,0.0764,-0.86
1998-04-21,5.6,5.66,5.68,0.040000000000000924,0.0651,0.0759,-0.331
1998-04-22,5.6,5.66,5.68,0.040000000000000924,0.0644,0.0754,-0.324
1998-04-23,5.61,5.66,5.69,0.019999999999999574,0.0638,0.0751,-0.583
1998-04-24,5.61,5.65,5.67,0.020000000000000462,0.0631,0.0747,-0.577
1998-04-27,5.71,5.77,5.8,0.02999999999999936,0.0624,0.0742,-0.437
1998-04-28,5.69,5.78,5.8,0.07000000000000028,0.0619,0.0736,0.11
1998-04-29,5.71,5.78,5.81,0.040000000000000924,0.0613,0.0733,-0.291
1998-04-30,5.59,5.65,5.68,0.030000000000001137,0.0607,0.0728,-0.422
1998-05-01,5.59,5.63,5.67,0.0,0.06,0.0726,-0.826
1998-05-04,5.59,5.63,5.67,0.0,0.0595,0.0726,-0.82
1998-05-05,5.61,5.66,5.7,0.009999999999999787,0.059,0.0725,-0.676
1998-05-06,5.56,5.6,5.67,-0.03000000000000025,0.0583,0.0725,-1.218
1998-05-07,5.56,5.6,5.67,-0.03000000000000025,0.0577,0.0726,-1.208
1998-05-08,5.61,5.65,5.71,-0.019999999999999574,0.0569,0.0724,-1.062
1998-05-11,5.66,5.72,5.79,-0.010000000000000675,0.0563,0.0724,-0.916
1998-05-12,5.59,5.65,5.7,0.010000000000000675,0.0559,0.0723,-0.635
1998-05-13,5.59,5.63,5.64,0.03000000000000025,0.0556,0.0722,-0.355
1998-05-14,5.63,5.66,5.67,0.020000000000000462,0.0552,0.0721,-0.488
1998-05-15,5.63,5.67,5.68,0.03000000000000025,0.0545,0.0716,-0.342
1998-05-18,5.59,5.63,5.64,0.03000000000000025,0.0541,0.0715,-0.337
1998-05-19,5.59,5.63,5.65,0.019999999999999574,0.0537,0.0714,-0.472
1998-05-20,5.57,5.6,5.61,0.019999999999998685,0.0533,0.0713,-0.467
1998-05-21,5.63,5.66,5.65,0.040000000000000036,0.0529,0.071,-0.182
1998-05-22,5.63,5.65,5.64,0.030000000000001137,0.0525,0.0709,-0.317
1998-05-26,5.61,5.6,5.59,-8.881784197001252e-16,0.0519,0.0707,-0.734
1998-05-27,5.53,5.57,5.56,0.05000000000000071,0.0513,0.0701,-0.019
1998-05-28,5.57,5.56,5.58,-0.030000000000001137,0.0504,0.0698,-1.152
1998-05-29,5.53,5.56,5.56,0.02999999999999936,0.0498,0.0692,-0.286
1998-06-01,5.52,5.53,5.53,0.010000000000000675,0.0492,0.0689,-0.569
1998-06-02,5.53,5.56,5.56,0.02999999999999936,0.0487,0.0685,-0.273
1998-06-03,5.55,5.57,5.57,0.020000000000000462,0.0482,0.0683,-0.413
1998-06-04,5.58,5.6,5.59,0.02999999999999936,0.0477,0.068,-0.26
1998-06-05,5.58,5.6,5.58,0.03999999999999915,0.0473,0.0677,-0.108
1998-06-08,5.58,5.6,5.58,0.03999999999999915,0.0468,0.0673,-0.101
1998-06-09,5.6,5.61,5.59,0.030000000000001137,0.0463,0.067,-0.243
1998-06-10,5.55,5.55,5.51,0.040000000000000036,0.0459,0.0666,-0.089
1998-06-11,5.45,5.46,5.44,0.02999999999999936,0.0453,0.0661,-0.231
1998-06-12,5.43,5.43,5.43,0.0,0.0446,0.0656,-0.68
1998-06-15,5.43,5.42,5.38,0.03000000000000025,0.0441,0.0653,-0.216
1998-06-16,5.5,5.49,5.45,0.03000000000000025,0.0436,0.0649,-0.21
1998-06-17,5.55,5.57,5.54,0.05000000000000071,0.0433,0.0647,0.104
1998-06-18,5.53,5.55,5.5,0.0699999999999994,0.043,0.0644,0.419
1998-06-19,5.52,5.52,5.47,0.04999999999999982,0.0426,0.0641,0.115
1998-06-22,5.52,5.52,5.46,0.05999999999999961,0.0422,0.0637,0.279
1998-06-23,5.49,5.51,5.45,0.07999999999999918,0.042,0.0634,0.599
1998-06-24,5.49,5.48,5.46,0.010000000000000675,0.0414,0.0631,-0.498
1998-06-25,5.53,5.5,5.46,0.009999999999999787,0.0408,0.0627,-0.491
1998-06-26,5.51,5.49,5.46,0.010000000000000675,0.0402,0.0622,-0.486
1998-06-29,5.51,5.5,5.47,0.020000000000000462,0.0396,0.0615,-0.319
1998-06-30,5.49,5.47,5.44,0.009999999999998899,0.0389,0.061,-0.474
1998-07-01,5.46,5.43,5.44,-0.040000000000000924,0.0379,0.0603,-1.292
1998-07-02,5.44,5.43,5.42,-8.881784197001252e-16,0.0371,0.0593,-0.626
1998-07-06,5.43,5.4,5.39,-0.019999999999998685,0.0363,0.0586,-0.961
1998-07-07,5.44,5.43,5.42,-8.881784197001252e-16,0.0356,0.0581,-0.613
1998-07-08,5.44,5.43,5.43,-0.010000000000000675,0.035,0.0577,-0.78
1998-07-09,5.43,5.4,5.41,-0.03999999999999915,0.0342,0.0574,-1.293
1998-07-10,5.41,5.4,5.42,-0.02999999999999936,0.0335,0.0571,-1.112
1998-07-13,5.44,5.45,5.46,0.0,0.0329,0.0566,-0.581
1998-07-14,5.46,5.47,5.49,-0.010000000000000675,0.0323,0.0564,-0.75
1998-07-15,5.46,5.46,5.48,-0.020000000000000462,0.0317,0.0561,-0.922
1998-07-16,5.46,5.48,5.5,8.881784197001252e-16,0.0312,0.0558,-0.559
1998-07-17,5.46,5.49,5.51,0.010000000000000675,0.0307,0.0554,-0.374
1998-07-20,5.46,5.47,5.48,-8.881784197001252e-16,0.0301,0.0549,-0.548
1998-07-21,5.46,5.46,5.45,0.009999999999999787,0.0295,0.0543,-0.359
1998-07-22,5.48,5.47,5.46,-8.881784197001252e-16,0.0288,0.0536,-0.537
1998-07-23,5.46,5.46,5.45,0.009999999999999787,0.0283,0.0531,-0.345
1998-07-24,5.48,5.48,5.45,0.03000000000000025,0.0281,0.0529,0.036
1998-07-27,5.48,5.49,5.47,0.03000000000000025,0.0277,0.0525,0.044
1998-07-28,5.46,5.49,5.5,0.020000000000000462,0.0274,0.0524,-0.141
1998-07-29,5.49,5.52,5.52,0.02999999999999936,0.0271,0.0521,0.056
1998-07-30,5.49,5.52,5.5,0.049999999999998934,0.0269,0.052,0.444
1998-07-31,5.49,5.52,5.5,0.049999999999998934,0.0267,0.0518,0.45
1998-08-03,5.46,5.46,5.46,0.0,0.0263,0.0516,-0.51
1998-08-04,5.43,5.44,5.43,0.02000000000000135,0.0262,0.0516,-0.12
1998-08-05,5.39,5.43,5.43,0.040000000000000036,0.0261,0.0516,0.269
1998-08-06,5.39,5.43,5.44,0.02999999999999936,0.0258,0.0514,0.082
1998-08-07,5.34,5.39,5.4,0.03999999999999915,0.0256,0.0511,0.282
1998-08-10,5.34,5.39,5.41,0.02999999999999936,0.0253,0.0509,0.092
1998-08-11,5.31,5.33,5.37,-0.019999999999999574,0.0248,0.0507,-0.884
1998-08-12,5.32,5.34,5.4,-0.040000000000000924,0.0244,0.0508,-1.268
1998-08-13,5.37,5.38,5.44,-0.05000000000000071,0.024,0.051,-1.451
1998-08-14,5.34,5.34,5.4,-0.0600000000000005,0.0236,0.0513,-1.63
1998-08-17,5.34,5.33,5.4,-0.08000000000000007,0.023,0.0516,-1.996
1998-08-18,5.36,5.35,5.41,-0.07000000000000117,0.0224,0.0519,-1.78
1998-08-19,5.34,5.35,5.42,-0.0600000000000005,0.0219,0.0521,-1.572
1998-08-20,5.32,5.32,5.38,-0.05999999999999961,0.0213,0.0521,-1.56
1998-08-21,5.25,5.24,5.32,-0.08999999999999986,0.0207,0.0525,-2.109
1998-08-24,5.22,5.19,5.3,-0.1399999999999988,0.0198,0.0533,-2.998
1998-08-25,5.18,5.13,5.25,-0.16999999999999993,0.0189,0.0546,-3.46
1998-08-26,5.12,5.11,5.26,-0.15999999999999925,0.0181,0.0557,-3.197
1998-08-27,4.98,4.97,5.12,-0.16000000000000103,0.017,0.0566,-3.127
1998-08-28,4.93,4.94,5.09,-0.1399999999999988,0.016,0.0571,-2.732
1998-08-31,4.91,4.91,5.05,-0.13999999999999968,0.0152,0.0578,-2.685
1998-09-01,4.86,4.91,5.05,-0.08999999999999986,0.0144,0.0578,-1.806
1998-09-02,4.96,4.96,5.1,-0.13999999999999968,0.0133,0.0582,-2.634
1998-09-03,4.91,4.91,5.03,-0.1200000000000001,0.0122,0.0582,-2.271
1998-09-04,4.91,4.9,5.02,-0.129999999999999,0.0112,0.0584,-2.418
1998-09-08,4.91,4.89,5.04,-0.17000000000000082,0.01,0.059,-3.051
1998-09-09,4.79,4.79,4.95,-0.16000000000000014,0.0088,0.0595,-2.837
1998-09-10,4.57,4.55,4.76,-0.23000000000000043,0.0073,0.0607,-3.909
1998-09-11,4.68,4.65,4.85,-0.22999999999999865,0.0058,0.0617,-3.822
1998-09-14,4.72,4.65,4.87,-0.28999999999999915,0.004,0.0638,-4.608
1998-09-15,4.73,4.68,4.9,-0.27000000000000135,0.0024,0.0655,-4.159
1998-09-16,4.75,4.69,4.88,-0.2499999999999991,0.0009,0.0669,-3.75
1998-09-17,4.7,4.6,4.8,-0.3000000000000007,-0.0008,0.0691,-4.33
1998-09-18,4.61,4.5,4.7,-0.3100000000000005,-0.0023,0.0716,-4.297
1998-09-21,4.63,4.51,4.69,-0.3000000000000007,-0.0039,0.0738,-4.012
1998-09-22,4.66,4.57,4.73,-0.25,-0.0054,0.075,-3.261
1998-09-23,4.52,4.48,4.69,-0.2499999999999991,-0.0068,0.0761,-3.196
1998-09-24,4.43,4.43,4.64,-0.20999999999999996,-0.0082,0.0767,-2.631
1998-09-25,4.43,4.4,4.6,-0.22999999999999865,-0.0096,0.0774,-2.848
1998-09-28,4.45,4.4,4.61,-0.2599999999999998,-0.0112,0.0785,-3.169
1998-09-29,4.47,4.4,4.59,-0.2599999999999989,-0.0126,0.0798,-3.1
1998-09-30,4.3,4.23,4.44,-0.27999999999999936,-0.0141,0.0812,-3.275
1998-10-01,4.17,4.1,4.33,-0.3000000000000007,-0.0156,0.083,-3.427
1998-10-02,4.17,4.08,4.31,-0.3199999999999994,-0.0172,0.0849,-3.567
1998-10-05,4.04,3.95,4.16,-0.2999999999999998,-0.0187,0.0866,-3.248
1998-10-06,4.1,4.05,4.24,-0.2400000000000002,-0.0199,0.0875,-2.515
1998-10-07,4.12,4.13,4.34,-0.20000000000000018,-0.0209,0.0881,-2.033
1998-10-08,4.1,4.29,4.56,-0.07999999999999918,-0.0215,0.088,-0.665
1998-10-09,4.19,4.46,4.77,-0.040000000000000036,-0.0217,0.088,-0.208
1998-10-13,4.13,4.37,4.73,-0.1200000000000001,-0.0224,0.0881,-1.108
1998-10-14,4.08,4.23,4.58,-0.1999999999999993,-0.0235,0.0886,-1.992
1998-10-15,4.13,4.23,4.58,-0.2499999999999991,-0.0247,0.0896,-2.515
1998-10-16,3.86,4.04,4.44,-0.21999999999999975,-0.0258,0.0903,-2.151
1998-10-19,3.9,4.06,4.47,-0.2500000000000009,-0.027,0.0912,-2.445
1998-10-20,3.98,4.14,4.57,-0.27000000000000135,-0.0284,0.0923,-2.618
1998-10-21,4.12,4.17,4.59,-0.3700000000000001,-0.0302,0.0945,-3.596
1998-10-22,4.16,4.19,4.62,-0.39999999999999947,-0.0321,0.097,-3.793
1998-10-23,4.2,4.28,4.7,-0.33999999999999986,-0.0338,0.0987,-3.102
1998-10-26,4.23,4.32,4.73,-0.3200000000000003,-0.0354,0.1,-2.846
1998-10-27,4.12,4.23,4.63,-0.28999999999999915,-0.0368,0.1011,-2.504
1998-10-28,4.01,4.18,4.6,-0.25,-0.0381,0.1017,-2.084
1998-10-29,4.0,4.13,4.54,-0.28000000000000025,-0.0394,0.1027,-2.343
1998-10-30,4.12,4.24,4.64,-0.27999999999999936,-0.0408,0.1036,-2.309
1998-11-02,4.26,4.39,4.77,-0.25,-0.0417,0.1044,-1.995
1998-11-03,4.25,4.33,4.78,-0.3700000000000001,-0.0432,0.1064,-3.071
1998-11-04,4.43,4.48,4.83,-0.29999999999999893,-0.0443,0.1076,-2.376
1998-11-05,4.47,4.48,4.82,-0.3299999999999992,-0.0455,0.1091,-2.608
1998-11-06,4.59,4.58,4.93,-0.35999999999999943,-0.0469,0.1109,-2.823
1998-11-09,4.57,4.55,4.88,-0.35000000000000053,-0.0483,0.1125,-2.682
1998-11-10,4.5,4.5,4.81,-0.3099999999999996,-0.0494,0.1136,-2.294
1998-11-12,4.47,4.47,4.77,-0.2999999999999998,-0.0506,0.1147,-2.174
1998-11-13,4.54,4.53,4.82,-0.2999999999999998,-0.0518,0.1157,-2.145
1998-11-16,4.56,4.55,4.85,-0.3099999999999996,-0.0532,0.1167,-2.201
1998-11-17,4.58,4.57,4.87,-0.3099999999999996,-0.0544,0.1178,-2.17
1998-11-18,4.63,4.58,4.85,-0.3199999999999994,-0.0559,0.1188,-2.223
1998-11-19,4.66,4.63,4.85,-0.25,-0.057,0.1193,-1.618
1998-11-20,4.66,4.6,4.82,-0.28000000000000114,-0.0583,0.12,-1.848
1998-11-23,4.63,4.6,4.84,-0.27000000000000046,-0.0594,0.1206,-1.746
1998-11-24,4.64,4.63,4.85,-0.22999999999999954,-0.0604,0.1209,-1.403
1998-11-25,4.66,4.63,4.83,-0.23000000000000043,-0.0615,0.1212,-1.39
1998-11-27,4.62,4.6,4.81,-0.23000000000000043,-0.0626,0.1215,-1.378
1998-11-30,4.54,4.51,4.74,-0.2600000000000007,-0.0638,0.122,-1.608
1998-12-01,4.44,4.43,4.67,-0.2500000000000009,-0.065,0.1223,-1.513
1998-12-02,4.36,4.31,4.59,-0.33000000000000096,-0.0664,0.1233,-2.138
1998-12-03,4.36,4.31,4.58,-0.3200000000000012,-0.0678,0.1242,-2.031
1998-12-04,4.46,4.38,4.62,-0.3200000000000003,-0.0691,0.1251,-2.006
1998-12-07,4.54,4.47,4.69,-0.2900000000000009,-0.0704,0.1257,-1.747
1998-12-08,4.46,4.4,4.6,-0.2599999999999989,-0.0715,0.1262,-1.494
1998-12-09,4.42,4.37,4.56,-0.23999999999999932,-0.0725,0.1265,-1.324
1998-12-10,4.39,4.33,4.53,-0.2599999999999998,-0.0737,0.1269,-1.468
1998-12-11,4.46,4.39,4.61,-0.2900000000000009,-0.075,0.1274,-1.688
1998-12-14,4.42,4.35,4.58,-0.3000000000000007,-0.0763,0.1279,-1.749
1998-12-15,4.47,4.39,4.62,-0.3100000000000005,-0.0777,0.1286,-1.806
1998-12-16,4.4,4.34,4.58,-0.3000000000000007,-0.0791,0.1291,-1.711
1998-12-17,4.42,4.34,4.58,-0.3200000000000003,-0.0805,0.1298,-1.845
1998-12-18,4.45,4.38,4.58,-0.27000000000000046,-0.0817,0.1301,-1.447
1998-12-21,4.56,4.45,4.64,-0.29999999999999893,-0.083,0.1307,-1.66
1998-12-22,4.59,4.5,4.7,-0.29000000000000004,-0.0843,0.1311,-1.569
1998-12-23,4.73,4.65,4.81,-0.23999999999999932,-0.0853,0.1313,-1.178
1998-12-24,4.78,4.74,4.86,-0.16000000000000014,-0.086,0.1312,-0.564
1998-12-28,4.73,4.66,4.78,-0.1900000000000004,-0.0867,0.1313,-0.787
1998-12-29,4.6,4.6,4.71,-0.11000000000000032,-0.0872,0.1312,-0.174
1998-12-30,4.56,4.55,4.65,-0.11000000000000032,-0.0877,0.131,-0.17
1998-12-31,4.54,4.56,4.65,-0.07000000000000117,-0.088,0.1309,0.138
1999-01-04,4.58,4.57,4.69,-0.1299999999999999,-0.0885,0.1308,-0.317
1999-01-05,4.64,4.62,4.74,-0.13999999999999968,-0.0891,0.1307,-0.389
1999-01-06,4.62,4.61,4.73,-0.1299999999999999,-0.0896,0.1306,-0.309
1999-01-07,4.63,4.62,4.77,-0.15999999999999925,-0.09,0.1306,-0.536
1999-01-08,4.71,4.72,4.86,-0.13000000000000078,-0.0903,0.1307,-0.304
1999-01-11,4.74,4.76,4.9,-0.120000000000001,-0.0905,0.1307,-0.226
1999-01-12,4.68,4.68,4.82,-0.14000000000000057,-0.0906,0.1307,-0.378
1999-01-13,4.61,4.6,4.74,-0.15000000000000124,-0.0906,0.1307,-0.454
1999-01-14,4.47,4.48,4.63,-0.1399999999999988,-0.0908,0.1307,-0.376
1999-01-15,4.56,4.54,4.66,-0.13999999999999968,-0.0909,0.1308,-0.375
1999-01-19,4.62,4.6,4.71,-0.13000000000000078,-0.0911,0.1308,-0.297
1999-01-20,4.66,4.65,4.76,-0.11999999999999922,-0.0912,0.1308,-0.22
1999-01-21,4.63,4.6,4.7,-0.13000000000000078,-0.0915,0.1308,-0.294
1999-01-22,4.59,4.54,4.64,-0.14999999999999947,-0.092,0.1308,-0.443
1999-01-25,4.59,4.55,4.67,-0.16000000000000014,-0.0924,0.1309,-0.516
1999-01-26,4.63,4.58,4.69,-0.16000000000000014,-0.0927,0.1309,-0.514
1999-01-27,4.57,4.57,4.68,-0.10999999999999943,-0.0929,0.1309,-0.131
1999-01-28,4.58,4.57,4.67,-0.10999999999999943,-0.0932,0.1309,-0.128
1999-01-29,4.58,4.55,4.66,-0.14000000000000057,-0.0937,0.1308,-0.354
1999-02-01,4.65,4.65,4.75,-0.09999999999999964,-0.0938,0.1308,-0.047
1999-02-02,4.7,4.7,4.79,-0.08999999999999986,-0.0938,0.1308,0.029
1999-02-03,4.72,4.74,4.83,-0.0699999999999994,-0.0938,0.1308,0.182
1999-02-04,4.77,4.82,4.89,-0.019999999999998685,-0.0937,0.1309,0.563
1999-02-05,4.8,4.88,4.94,0.019999999999999574,-0.0933,0.1311,0.864
1999-02-08,4.8,4.86,4.94,-0.019999999999999574,-0.0931,0.1312,0.557
1999-02-09,4.79,4.78,4.91,-0.13999999999999968,-0.0934,0.1312,-0.355
1999-02-10,4.77,4.79,4.9,-0.08999999999999986,-0.0936,0.1311,0.027
1999-02-11,4.8,4.83,4.93,-0.0699999999999994,-0.0937,0.1311,0.181
1999-02-12,4.91,4.96,5.06,-0.04999999999999982,-0.0936,0.1311,0.333
1999-02-16,4.93,4.96,5.03,-0.040000000000000036,-0.0938,0.131,0.411
1999-02-17,4.89,4.91,4.98,-0.04999999999999982,-0.094,0.1309,0.336
1999-02-18,4.93,4.96,5.04,-0.04999999999999982,-0.0943,0.1307,0.339
1999-02-19,4.95,4.99,5.07,-0.040000000000000036,-0.0946,0.1305,0.418
1999-02-22,4.91,4.95,5.03,-0.040000000000000036,-0.0949,0.1303,0.421
1999-02-23,5.0,5.04,5.1,-0.019999999999999574,-0.0951,0.1301,0.577
1999-02-24,5.05,5.12,5.18,0.010000000000000675,-0.0952,0.13,0.809
1999-02-25,5.15,5.23,5.32,-0.009999999999999787,-0.0953,0.13,0.656
1999-02-26,5.13,5.21,5.29,0.0,-0.0956,0.1297,0.737
1999-03-01,5.2,5.32,5.4,0.040000000000000036,-0.0955,0.1298,1.044
1999-03-02,5.18,5.27,5.35,0.009999999999999787,-0.0955,0.1298,0.813
1999-03-03,5.19,5.29,5.39,0.0,-0.0955,0.1298,0.736
1999-03-04,5.2,5.32,5.41,0.03000000000000025,-0.0955,0.1298,0.967
1999-03-05,5.14,5.24,5.34,8.881784197001252e-16,-0.0956,0.1297,0.737
1999-03-08,5.12,5.21,5.29,0.009999999999999787,-0.0957,0.1296,0.816
1999-03-09,5.02,5.11,5.18,0.02000000000000135,-0.0957,0.1296,0.893
1999-03-10,5.04,5.13,5.2,0.019999999999999574,-0.0956,0.1297,0.891
1999-03-11,5.05,5.13,5.21,0.0,-0.0955,0.1298,0.736
1999-03-12,5.0,5.08,5.16,0.0,-0.0956,0.1297,0.737
1999-03-15,4.99,5.07,5.15,0.0,-0.0955,0.1298,0.736
1999-03-16,4.97,5.03,5.11,-0.019999999999999574,-0.0955,0.1298,0.582
1999-03-17,5.01,5.05,5.14,-0.04999999999999982,-0.0957,0.1297,0.352
1999-03-18,4.99,5.02,5.11,-0.060000000000001386,-0.096,0.1294,0.278
1999-03-19,5.04,5.07,5.17,-0.0699999999999994,-0.0963,0.1293,0.203
1999-03-22,5.08,5.13,5.21,-0.03000000000000025,-0.0964,0.1292,0.514
1999-03-23,5.03,5.11,5.2,-0.009999999999999787,-0.0965,0.1291,0.67
1999-03-24,4.98,5.07,5.17,-0.009999999999999787,-0.0967,0.129,0.672
1999-03-25,5.02,5.12,5.21,0.010000000000000675,-0.0968,0.1289,0.829
1999-03-26,4.99,5.1,5.21,-8.881784197001252e-16,-0.097,0.1287,0.754
1999-03-29,5.02,5.15,5.28,8.881784197001252e-16,-0.0971,0.1286,0.755
1999-03-30,4.97,5.09,5.21,0.0,-0.0972,0.1286,0.756
1999-03-31,4.99,5.12,5.25,0.0,-0.0973,0.1285,0.757
1999-04-01,5.01,5.15,5.27,0.02000000000000135,-0.0973,0.1284,0.914
1999-04-02,4.96,5.07,5.2,-0.019999999999999574,-0.0975,0.1283,0.604
1999-04-05,4.96,5.07,5.2,-0.019999999999999574,-0.0976,0.1282,0.605
1999-04-06,4.93,5.01,5.13,-0.040000000000000036,-0.0977,0.1281,0.45
1999-04-07,4.93,5.04,5.14,0.010000000000000675,-0.0977,0.1282,0.84
1999-04-08,4.86,4.94,5.03,-0.009999999999999787,-0.0978,0.1281,0.685
1999-04-09,4.88,4.96,5.05,-0.009999999999999787,-0.0979,0.128,0.687
1999-04-12,4.93,4.98,5.06,-0.029999999999998472,-0.0981,0.1279,0.532
1999-04-13,4.94,5.02,5.12,-0.02000000000000135,-0.0983,0.1277,0.613
1999-04-14,4.95,5.04,5.13,0.0,-0.0984,0.1276,0.771
1999-04-15,4.97,5.08,5.18,0.010000000000000675,-0.0983,0.1277,0.848
1999-04-16,5.02,5.13,5.23,0.009999999999999787,-0.0984,0.1276,0.85
1999-04-19,4.99,5.08,5.18,-0.009999999999999787,-0.0985,0.1275,0.694
1999-04-20,4.95,5.06,5.16,0.009999999999998899,-0.0985,0.1275,0.851
1999-04-21,4.99,5.07,5.17,-0.019999999999999574,-0.0986,0.1274,0.617
1999-04-22,5.05,5.15,5.25,8.881784197001252e-16,-0.0988,0.1273,0.776
1999-04-23,5.04,5.15,5.26,8.881784197001252e-16,-0.0989,0.1272,0.778
1999-04-26,5.04,5.14,5.23,0.009999999999998899,-0.099,0.1271,0.858
1999-04-27,5.04,5.12,5.22,-0.019999999999999574,-0.0991,0.127,0.623
1999-04-28,5.02,5.16,5.27,0.030000000000001137,-0.0991,0.127,1.017
1999-04-29,4.95,5.09,5.22,0.009999999999999787,-0.0994,0.1267,0.863
1999-04-30,5.08,5.24,5.36,0.040000000000000036,-0.0994,0.1267,1.1
1999-05-03,5.08,5.25,5.38,0.040000000000000036,-0.0993,0.1268,1.099
1999-05-04,5.12,5.3,5.42,0.05999999999999961,-0.0991,0.127,1.253
1999-05-05,5.09,5.27,5.4,0.049999999999998934,-0.0989,0.1272,1.171
1999-05-06,5.19,5.39,5.52,0.0699999999999994,-0.0987,0.1275,1.323
1999-05-07,5.19,5.4,5.54,0.07000000000000028,-0.0983,0.1278,1.317
1999-05-10,5.15,5.38,5.54,0.0699999999999994,-0.0979,0.1282,1.31
1999-05-11,5.19,5.4,5.59,0.020000000000000462,-0.0977,0.1283,0.917
1999-05-12,5.19,5.39,5.51,0.07999999999999918,-0.0973,0.1287,1.378
1999-05-13,5.12,5.29,5.41,0.04999999999999982,-0.0972,0.1289,1.142
1999-05-14,5.3,5.48,5.62,0.040000000000000924,-0.0971,0.1289,1.064
1999-05-17,5.31,5.53,5.66,0.09000000000000075,-0.0969,0.1292,1.447
1999-05-18,5.38,5.58,5.68,0.10000000000000053,-0.0966,0.1296,1.517
1999-05-19,5.37,5.54,5.6,0.11000000000000032,-0.0963,0.13,1.587
1999-05-20,5.35,5.53,5.6,0.11000000000000121,-0.0959,0.1304,1.579
1999-05-21,5.3,5.46,5.52,0.10000000000000053,-0.0956,0.1308,1.495
1999-05-24,5.28,5.43,5.5,0.07999999999999918,-0.0954,0.131,1.339
1999-05-25,5.3,5.44,5.49,0.09000000000000075,-0.0952,0.1313,1.411
1999-05-26,5.33,5.49,5.55,0.10000000000000053,-0.0948,0.1317,1.479
1999-05-27,5.43,5.59,5.62,0.1299999999999999,-0.0945,0.1322,1.698
1999-05-28,5.42,5.6,5.64,0.13999999999999968,-0.0938,0.1329,1.759
1999-06-01,5.54,5.74,5.78,0.16000000000000014,-0.0933,0.1337,1.895
1999-06-02,5.55,5.75,5.8,0.15000000000000036,-0.0927,0.1344,1.806
1999-06-03,5.54,5.75,5.8,0.16000000000000014,-0.0922,0.1351,1.867
1999-06-04,5.56,5.75,5.82,0.1200000000000001,-0.0918,0.1356,1.562
1999-06-07,5.56,5.73,5.81,0.09000000000000163,-0.0916,0.1358,1.337
1999-06-08,5.57,5.74,5.83,0.08000000000000007,-0.0914,0.136,1.26
1999-06-09,5.61,5.79,5.87,0.09999999999999964,-0.0912,0.1363,1.403
1999-06-10,5.66,5.85,5.92,0.11999999999999922,-0.0908,0.1367,1.542
1999-06-11,5.7,5.92,6.02,0.1200000000000001,-0.0905,0.1371,1.535
1999-06-14,5.66,5.89,5.98,0.1399999999999988,-0.0901,0.1377,1.671
1999-06-15,5.66,5.87,5.98,0.09999999999999964,-0.0897,0.1381,1.374
1999-06-16,5.61,5.84,5.94,0.129999999999999,-0.0893,0.1386,1.582
1999-06-17,5.49,5.67,5.79,0.05999999999999961,-0.0892,0.1387,1.076
1999-06-18,5.56,5.75,5.84,0.10000000000000053,-0.089,0.1389,1.361
1999-06-21,5.62,5.81,5.9,0.09999999999999876,-0.0888,0.1391,1.357
1999-06-22,5.65,5.84,5.94,0.08999999999999897,-0.0887,0.1393,1.283
1999-06-23,5.7,5.9,6.0,0.10000000000000053,-0.0885,0.1395,1.351
1999-06-24,5.75,5.93,6.05,0.05999999999999961,-0.0886,0.1394,1.066
1999-06-25,5.73,5.91,6.02,0.07000000000000028,-0.0884,0.1396,1.135
1999-06-28,5.68,5.86,5.96,0.08000000000000096,-0.0881,0.1399,1.202
1999-06-29,5.68,5.84,5.93,0.07000000000000028,-0.0879,0.1401,1.127
1999-06-30,5.53,5.67,5.81,0.0,-0.0879,0.14,0.628
1999-07-01,5.58,5.73,5.85,0.030000000000001137,-0.0879,0.1401,0.842
1999-07-02,5.58,5.7,5.82,0.0,-0.0877,0.1402,0.626
1999-07-06,5.64,5.77,5.88,0.019999999999999574,-0.0876,0.1402,0.767
1999-07-07,5.64,5.79,5.92,0.020000000000000462,-0.0875,0.1403,0.766
1999-07-08,5.59,5.72,5.85,0.0,-0.0875,0.1403,0.624
1999-07-09,5.61,5.72,5.84,-0.010000000000000675,-0.0875,0.1403,0.552
1999-07-12,5.53,5.62,5.74,-0.03000000000000025,-0.0874,0.1403,0.409
1999-07-13,5.5,5.6,5.71,-0.010000000000000675,-0.0873,0.1404,0.551
1999-07-14,5.55,5.63,5.74,-0.03000000000000025,-0.0875,0.1403,0.41
1999-07-15,5.53,5.63,5.72,0.009999999999999787,-0.0874,0.1404,0.694
1999-07-16,5.5,5.57,5.68,-0.03999999999999915,-0.0875,0.1403,0.339
1999-07-19,5.46,5.56,5.66,-8.881784197001252e-16,-0.0875,0.1403,0.624
1999-07-20,5.43,5.54,5.65,0.0,-0.0875,0.1403,0.624
1999-07-21,5.45,5.55,5.66,-0.010000000000000675,-0.0875,0.1403,0.552
1999-07-22,5.52,5.66,5.78,0.020000000000000462,-0.0875,0.1403,0.766
1999-07-23,5.58,5.72,5.84,0.019999999999999574,-0.0874,0.1404,0.765
1999-07-26,5.61,5.73,5.86,-0.009999999999999787,-0.0875,0.1403,0.552
1999-07-27,5.56,5.7,5.82,0.020000000000000462,-0.0875,0.1403,0.766
1999-07-28,5.54,5.7,5.81,0.05000000000000071,-0.0875,0.1403,0.98
1999-07-29,5.62,5.79,5.88,0.08000000000000007,-0.0872,0.1406,1.189
1999-07-30,5.63,5.82,5.92,0.09000000000000075,-0.087,0.1408,1.257
1999-08-02,5.65,5.85,5.92,0.129999999999999,-0.0867,0.1412,1.535
1999-08-03,5.65,5.86,5.95,0.1200000000000001,-0.0864,0.1416,1.458
1999-08-04,5.64,5.86,5.96,0.120000000000001,-0.0859,0.1421,1.449
1999-08-05,5.55,5.77,5.88,0.10999999999999943,-0.0856,0.1424,1.374
1999-08-06,5.69,5.94,6.02,0.17000000000000082,-0.085,0.1431,1.782
1999-08-09,5.79,6.04,6.13,0.16000000000000014,-0.0845,0.1438,1.7
1999-08-10,5.79,6.0,6.16,0.04999999999999982,-0.0845,0.1438,0.935
1999-08-11,5.76,5.96,6.05,0.11000000000000032,-0.0842,0.1442,1.347
1999-08-12,5.78,5.97,6.08,0.07999999999999918,-0.0838,0.1445,1.134
1999-08-13,5.71,5.88,5.98,0.0699999999999994,-0.0833,0.1448,1.059
1999-08-16,5.75,5.88,5.98,0.02999999999999936,-0.083,0.1449,0.78
1999-08-17,5.68,5.8,5.89,0.03000000000000025,-0.0827,0.1451,0.777
1999-08-18,5.66,5.79,5.88,0.040000000000000036,-0.0822,0.1453,0.841
1999-08-19,5.66,5.81,5.9,0.05999999999999872,-0.0817,0.1456,0.973
1999-08-20,5.65,5.79,5.88,0.04999999999999982,-0.0812,0.1458,0.9
1999-08-23,5.66,5.79,5.89,0.03000000000000025,-0.0809,0.146,0.76
1999-08-24,5.65,5.73,5.85,-0.03999999999999915,-0.0807,0.146,0.279
1999-08-25,5.53,5.63,5.73,-8.881784197001252e-16,-0.0801,0.146,0.549
1999-08-26,5.56,5.67,5.75,0.03000000000000025,-0.0793,0.1461,0.748
1999-08-27,5.65,5.75,5.85,0.0,-0.0787,0.1461,0.539
1999-08-30,5.73,5.86,5.95,0.040000000000000036,-0.0779,0.1462,0.806
1999-08-31,5.73,5.88,5.98,0.049999999999998934,-0.0771,0.1464,0.868
1999-09-01,5.74,5.88,5.99,0.02999999999999936,-0.0765,0.1465,0.727
1999-09-02,5.74,5.9,6.03,0.03000000000000025,-0.076,0.1466,0.723
1999-09-03,5.64,5.78,5.89,0.030000000000001137,-0.0753,0.1467,0.718
1999-09-07,5.69,5.83,5.95,0.019999999999999574,-0.0748,0.1468,0.646
1999-09-08,5.67,5.82,5.93,0.040000000000000924,-0.0741,0.1469,0.777
1999-09-09,5.71,5.85,5.97,0.019999999999999574,-0.0733,0.1469,0.635
1999-09-10,5.64,5.78,5.89,0.030000000000001137,-0.0726,0.147,0.698
1999-09-13,5.66,5.8,5.92,0.019999999999999574,-0.0716,0.1467,0.624
1999-09-14,5.71,5.85,5.96,0.02999999999999936,-0.0706,0.1465,0.687
1999-09-15,5.67,5.81,5.94,0.009999999999998899,-0.0694,0.146,0.544
1999-09-16,5.63,5.77,5.9,0.009999999999998899,-0.0683,0.1455,0.538
1999-09-17,5.63,5.76,5.87,0.019999999999999574,-0.0672,0.1451,0.601
1999-09-20,5.67,5.81,5.91,0.03999999999999915,-0.0658,0.1446,0.732
1999-09-21,5.67,5.83,5.94,0.04999999999999982,-0.0644,0.1439,0.795
1999-09-22,5.67,5.81,5.92,0.02999999999999936,-0.0631,0.1433,0.65
1999-09-23,5.63,5.76,5.87,0.019999999999999574,-0.062,0.1429,0.574
1999-09-24,5.55,5.65,5.75,8.881784197001252e-16,-0.061,0.1424,0.428
1999-09-27,5.62,5.73,5.83,0.010000000000000675,-0.0602,0.1422,0.494
1999-09-28,5.65,5.78,5.89,0.020000000000000462,-0.0592,0.1419,0.558
1999-09-29,5.68,5.86,5.97,0.07000000000000117,-0.0579,0.1415,0.904
1999-09-30,5.63,5.78,5.9,0.03000000000000025,-0.0567,0.141,0.615
1999-10-01,5.73,5.9,6.0,0.07000000000000028,-0.0553,0.1406,0.891
1999-10-04,5.7,5.85,5.95,0.049999999999998934,-0.0539,0.1399,0.743
1999-10-05,5.78,5.94,6.02,0.08000000000000096,-0.0523,0.1391,0.951
1999-10-06,5.81,5.98,6.04,0.11000000000000121,-0.0507,0.1386,1.159
1999-10-07,5.82,5.99,6.05,0.11000000000000032,-0.0493,0.1384,1.151
1999-10-08,5.8,5.97,6.04,0.09999999999999964,-0.0481,0.1384,1.07
1999-10-12,5.82,5.99,6.07,0.08999999999999986,-0.0475,0.1387,0.991
1999-10-13,5.87,6.04,6.12,0.08999999999999986,-0.0469,0.139,0.985
1999-10-14,5.9,6.09,6.17,0.10999999999999943,-0.046,0.1392,1.121
1999-10-15,5.82,5.99,6.09,0.07000000000000028,-0.045,0.1391,0.827
1999-10-18,5.85,6.03,6.12,0.09000000000000075,-0.0436,0.1387,0.963
1999-10-19,5.92,6.09,6.18,0.08000000000000007,-0.0424,0.1385,0.884
1999-10-20,5.94,6.11,6.19,0.08999999999999986,-0.0411,0.1381,0.949
1999-10-21,5.93,6.11,6.2,0.09000000000000075,-0.0396,0.1376,0.942
1999-10-22,5.96,6.13,6.21,0.08999999999999986,-0.0378,0.1362,0.938
1999-10-25,5.98,6.14,6.22,0.07999999999999918,-0.0359,0.1345,0.862
1999-10-26,6.02,6.17,6.24,0.08000000000000007,-0.0342,0.1333,0.857
1999-10-27,5.94,6.13,6.19,0.129999999999999,-0.0325,0.1325,1.226
1999-10-28,5.87,6.05,6.12,0.10999999999999943,-0.0309,0.1318,1.069
1999-10-29,5.79,5.97,6.02,0.1299999999999999,-0.0294,0.1314,1.213
1999-11-01,5.83,6.0,6.06,0.11000000000000032,-0.0278,0.1308,1.054
1999-11-02,5.81,5.98,6.04,0.11000000000000121,-0.0263,0.1301,1.048
1999-11-03,5.79,5.97,6.01,0.13999999999999968,-0.0247,0.1297,1.27
1999-11-04,5.74,5.91,5.95,0.1299999999999999,-0.0227,0.1282,1.191
1999-11-05,5.72,5.88,5.92,0.1200000000000001,-0.0211,0.1274,1.108
1999-11-08,5.74,5.9,5.95,0.11000000000000032,-0.0193,0.1261,1.025
1999-11-09,5.77,5.87,5.97,8.881784197001252e-16,-0.0179,0.1243,0.144
1999-11-10,5.81,5.9,6.0,-0.009999999999998899,-0.0165,0.1225,0.053
1999-11-12,5.78,5.85,5.93,-0.010000000000000675,-0.0154,0.1211,0.045
1999-11-15,5.79,5.87,5.94,0.009999999999999787,-0.0141,0.1197,0.201
1999-11-16,5.85,5.91,5.97,8.881784197001252e-16,-0.0129,0.1184,0.109
1999-11-17,5.9,5.98,6.04,0.020000000000000462,-0.0116,0.1169,0.27
1999-11-18,5.9,5.99,6.06,0.020000000000000462,-0.0103,0.1154,0.263
1999-11-19,5.92,6.0,6.07,0.009999999999999787,-0.009,0.1137,0.167
1999-11-22,5.95,6.02,6.09,-8.881784197001252e-16,-0.008,0.1127,0.071
1999-11-23,5.93,6.02,6.08,0.02999999999999936,-0.0068,0.1114,0.33
1999-11-24,5.97,6.02,6.09,-0.020000000000000462,-0.0058,0.1101,-0.129
1999-11-26,5.99,6.06,6.12,0.009999999999998899,-0.0048,0.1092,0.136
1999-11-29,6.04,6.14,6.21,0.02999999999999936,-0.0038,0.1083,0.312
1999-11-30,6.01,6.11,6.18,0.030000000000001137,-0.0028,0.1074,0.305
1999-12-01,6.04,6.14,6.21,0.02999999999999936,-0.0016,0.1061,0.298
1999-12-02,6.06,6.16,6.24,0.020000000000000462,-0.0006,0.105,0.196
1999-12-03,5.99,6.08,6.17,0.0,0.0008,0.1029,-0.008
1999-12-06,5.98,6.07,6.16,0.0,0.002,0.1009,-0.02
1999-12-07,5.95,6.03,6.11,0.0,0.0033,0.0988,-0.033
1999-12-08,5.98,6.06,6.15,-0.010000000000001563,0.0044,0.097,-0.148
1999-12-09,5.96,6.03,6.14,-0.03999999999999915,0.0053,0.0956,-0.474
1999-12-10,5.93,5.98,6.08,-0.049999999999998934,0.006,0.0944,-0.593
1999-12-13,5.96,6.01,6.11,-0.05000000000000071,0.0069,0.093,-0.612
1999-12-14,6.07,6.12,6.22,-0.04999999999999982,0.0078,0.0911,-0.634
1999-12-15,6.1,6.14,6.25,-0.07000000000000028,0.0087,0.0892,-0.882
1999-12-16,6.15,6.2,6.31,-0.05999999999999961,0.0097,0.087,-0.801
1999-12-17,6.15,6.22,6.3,-0.010000000000000675,0.0109,0.0848,-0.246
1999-12-20,6.21,6.28,6.36,-0.009999999999999787,0.0121,0.0822,-0.269
1999-12-21,6.21,6.29,6.38,-0.009999999999999787,0.0131,0.0802,-0.288
1999-12-22,6.24,6.31,6.39,-0.010000000000000675,0.0143,0.0777,-0.313
1999-12-23,6.24,6.33,6.41,0.009999999999999787,0.0155,0.0753,-0.073
1999-12-27,6.21,6.32,6.4,0.03000000000000025,0.0165,0.0736,0.183
1999-12-28,6.23,6.35,6.43,0.03999999999999915,0.0173,0.0727,0.312
1999-12-29,6.21,6.32,6.4,0.03000000000000025,0.0182,0.0715,0.165
1999-12-30,6.19,6.3,6.39,0.019999999999999574,0.0187,0.0711,0.018
1999-12-31,6.24,6.36,6.45,0.03000000000000025,0.0193,0.0706,0.152
2000-01-03,6.38,6.5,6.58,0.040000000000000036,0.0197,0.0704,0.288
2000-01-04,6.3,6.4,6.49,0.010000000000000675,0.0203,0.0698,-0.148
2000-01-05,6.38,6.51,6.62,0.019999999999999574,0.0209,0.069,-0.013
2000-01-06,6.35,6.46,6.57,0.0,0.0214,0.0684,-0.313
2000-01-07,6.31,6.42,6.52,0.010000000000000675,0.0221,0.0674,-0.18
2000-01-10,6.38,6.49,6.57,0.03000000000000025,0.0227,0.0667,0.109
2000-01-11,6.45,6.57,6.67,0.020000000000000462,0.0233,0.0661,-0.05
2000-01-12,6.49,6.63,6.72,0.04999999999999982,0.024,0.0653,0.398
2000-01-13,6.4,6.54,6.63,0.04999999999999982,0.0248,0.0644,0.391
2000-01-14,6.44,6.59,6.69,0.049999999999998934,0.0256,0.0636,0.384
2000-01-18,6.47,6.65,6.75,0.08000000000000096,0.0265,0.0628,0.852
2000-01-19,6.46,6.62,6.73,0.04999999999999982,0.0272,0.062,0.368
2000-01-20,6.49,6.67,6.79,0.05999999999999961,0.0279,0.0614,0.523
2000-01-21,6.48,6.67,6.79,0.0699999999999994,0.0287,0.0606,0.682
2000-01-24,6.43,6.59,6.69,0.05999999999999961,0.0295,0.0596,0.512
2000-01-25,6.44,6.6,6.7,0.05999999999999872,0.0304,0.0584,0.507
2000-01-26,6.45,6.62,6.69,0.09999999999999964,0.0314,0.0573,1.197
2000-01-27,6.51,6.67,6.68,0.15000000000000036,0.0325,0.0571,2.058
2000-01-28,6.58,6.68,6.66,0.11999999999999922,0.0334,0.0566,1.53
2000-01-31,6.61,6.71,6.68,0.1299999999999999,0.0344,0.0559,1.71
2000-02-01,6.6,6.68,6.62,0.13999999999999968,0.0354,0.0556,1.881
2000-02-02,6.63,6.69,6.6,0.15000000000000124,0.0363,0.0555,2.049
2000-02-03,6.56,6.56,6.49,0.0699999999999994,0.0369,0.0551,0.601
2000-02-04,6.63,6.64,6.53,0.11999999999999922,0.0375,0.0553,1.492
2000-02-07,6.68,6.76,6.64,0.20000000000000018,0.0382,0.0562,2.879
2000-02-08,6.69,6.74,6.59,0.20000000000000018,0.039,0.057,2.825
2000-02-09,6.69,6.77,6.56,0.28999999999999915,0.0408,0.058,4.297
2000-02-10,6.67,6.78,6.67,0.22000000000000064,0.042,0.0585,3.043
2000-02-11,6.65,6.77,6.63,0.2599999999999989,0.0433,0.0597,3.63
2000-02-14,6.62,6.72,6.56,0.2599999999999998,0.0445,0.061,3.533
2000-02-15,6.66,6.74,6.56,0.2600000000000007,0.0457,0.0622,3.445
2000-02-16,6.63,6.75,6.56,0.3100000000000005,0.0471,0.0641,4.101
2000-02-17,6.69,6.76,6.58,0.2499999999999991,0.0483,0.0651,3.098
2000-02-18,6.66,6.72,6.49,0.28999999999999915,0.0496,0.0666,3.61
2000-02-22,6.57,6.62,6.36,0.3099999999999996,0.051,0.0684,3.787
2000-02-23,6.61,6.66,6.44,0.2699999999999996,0.0522,0.0696,3.129
2000-02-24,6.52,6.56,6.36,0.23999999999999932,0.0531,0.0705,2.651
2000-02-25,6.45,6.5,6.36,0.1899999999999995,0.0539,0.0709,1.92
2000-02-28,6.47,6.53,6.37,0.22000000000000064,0.0548,0.0716,2.307
2000-02-29,6.53,6.61,6.42,0.27000000000000046,0.0557,0.0729,2.94
2000-03-01,6.52,6.59,6.39,0.27000000000000046,0.0567,0.0741,2.879
2000-03-02,6.52,6.59,6.4,0.2599999999999998,0.0577,0.0751,2.694
2000-03-03,6.5,6.6,6.39,0.3099999999999996,0.0588,0.0767,3.275
2000-03-06,6.55,6.64,6.42,0.3099999999999996,0.0601,0.0782,3.196
2000-03-07,6.48,6.6,6.39,0.3299999999999992,0.0613,0.08,3.359
2000-03-08,6.5,6.59,6.38,0.2999999999999998,0.0625,0.0814,2.918
2000-03-09,6.48,6.56,6.35,0.28999999999999915,0.0635,0.0826,2.742
2000-03-10,6.55,6.61,6.39,0.28000000000000114,0.0646,0.0836,2.577
2000-03-13,6.52,6.57,6.36,0.2600000000000007,0.0657,0.0844,2.302
2000-03-14,6.48,6.52,6.31,0.2499999999999991,0.0667,0.0851,2.154
2000-03-15,6.5,6.5,6.29,0.20999999999999996,0.0676,0.0854,1.667
2000-03-16,6.5,6.47,6.26,0.17999999999999972,0.0685,0.0853,1.307
2000-03-17,6.5,6.45,6.2,0.20000000000000018,0.0695,0.0854,1.528
2000-03-20,6.52,6.45,6.18,0.20000000000000107,0.0706,0.0853,1.517
2000-03-21,6.5,6.44,6.13,0.2500000000000009,0.0717,0.0858,2.078
2000-03-22,6.5,6.41,6.13,0.1900000000000004,0.0725,0.086,1.366
2000-03-23,6.52,6.39,6.08,0.17999999999999972,0.0733,0.0861,1.239
2000-03-24,6.64,6.51,6.2,0.17999999999999972,0.0739,0.0862,1.231
2000-03-27,6.66,6.51,6.21,0.14999999999999947,0.0745,0.0863,0.875
2000-03-28,6.6,6.46,6.17,0.15000000000000036,0.0751,0.0863,0.868
2000-03-29,6.59,6.46,6.18,0.15000000000000036,0.0757,0.0862,0.862
2000-03-30,6.52,6.35,6.06,0.1200000000000001,0.0762,0.0862,0.508
2000-03-31,6.5,6.32,6.03,0.11000000000000032,0.0765,0.0861,0.389
2000-04-03,6.45,6.3,6.0,0.14999999999999947,0.0772,0.086,0.847
2000-04-04,6.35,6.16,5.9,0.07000000000000028,0.0776,0.0858,-0.089
2000-04-05,6.35,6.17,5.9,0.08999999999999986,0.0781,0.0855,0.139
2000-04-06,6.38,6.2,5.93,0.09000000000000075,0.0784,0.0854,0.136
2000-04-07,6.38,6.18,5.86,0.11999999999999922,0.0789,0.0852,0.482
2000-04-10,6.31,6.11,5.8,0.11000000000000121,0.0794,0.0851,0.36
2000-04-11,6.36,6.19,5.89,0.13000000000000078,0.08,0.0848,0.59
2000-04-12,6.4,6.27,5.97,0.16999999999999904,0.0808,0.0848,1.052
2000-04-13,6.4,6.24,5.94,0.13999999999999968,0.0813,0.0847,0.693
2000-04-14,6.27,6.11,5.85,0.10000000000000142,0.0817,0.0846,0.216
2000-04-17,6.33,6.23,6.01,0.120000000000001,0.0821,0.0845,0.449
2000-04-18,6.33,6.27,6.05,0.15999999999999925,0.0828,0.0845,0.914
2000-04-19,6.33,6.23,5.99,0.14000000000000057,0.0833,0.0844,0.672
2000-04-20,6.38,6.24,5.99,0.11000000000000032,0.0838,0.0842,0.311
2000-04-24,6.36,6.23,6.0,0.10000000000000053,0.0842,0.084,0.188
2000-04-25,6.48,6.39,6.14,0.15999999999999925,0.0849,0.084,0.894
2000-04-26,6.5,6.4,6.14,0.16000000000000103,0.0855,0.084,0.887
2000-04-27,6.63,6.51,6.23,0.15999999999999925,0.0862,0.0838,0.881
2000-04-28,6.68,6.56,6.23,0.20999999999999908,0.0869,0.0841,1.464
2000-05-01,6.73,6.59,6.29,0.15999999999999925,0.0875,0.0841,0.862
2000-05-02,6.72,6.6,6.32,0.15999999999999925,0.088,0.0842,0.855
2000-05-03,6.73,6.66,6.4,0.1899999999999995,0.0886,0.0844,1.201
2000-05-04,6.77,6.7,6.46,0.17000000000000082,0.089,0.0845,0.959
2000-05-05,6.84,6.77,6.51,0.1899999999999995,0.0896,0.0847,1.185
2000-05-08,6.87,6.83,6.57,0.21999999999999975,0.0902,0.0851,1.525
2000-05-09,6.86,6.75,6.53,0.10999999999999943,0.0903,0.0851,0.231
2000-05-10,6.84,6.69,6.47,0.07000000000000117,0.0903,0.0851,-0.239
2000-05-11,6.82,6.67,6.43,0.08999999999999986,0.0906,0.085,-0.007
2000-05-12,6.91,6.76,6.51,0.09999999999999964,0.0907,0.085,0.109
2000-05-15,6.88,6.73,6.47,0.11000000000000121,0.0909,0.085,0.225
2000-05-16,6.89,6.72,6.43,0.1200000000000001,0.0912,0.0849,0.339
2000-05-17,6.9,6.74,6.48,0.09999999999999964,0.0913,0.0849,0.102
2000-05-18,6.93,6.79,6.56,0.09000000000000075,0.0912,0.0849,-0.014
2000-05-19,6.86,6.71,6.51,0.04999999999999982,0.091,0.0849,-0.483
2000-05-22,6.81,6.66,6.44,0.07000000000000028,0.0908,0.0849,-0.245
2000-05-23,6.83,6.68,6.45,0.07999999999999918,0.0908,0.0849,-0.127
2000-05-24,6.79,6.71,6.47,0.16000000000000014,0.0911,0.0851,0.81
2000-05-25,6.71,6.64,6.39,0.17999999999999972,0.0914,0.0852,1.04
2000-05-26,6.69,6.57,6.33,0.1200000000000001,0.0915,0.0853,0.334
2000-05-30,6.74,6.62,6.38,0.1200000000000001,0.0915,0.0852,0.335
2000-05-31,6.69,6.54,6.29,0.09999999999999964,0.0913,0.0852,0.102
2000-06-01,6.61,6.44,6.2,0.07000000000000028,0.091,0.0851,-0.247
2000-06-02,6.52,6.37,6.15,0.07000000000000028,0.0906,0.085,-0.242
2000-06-05,6.49,6.33,6.12,0.04999999999999982,0.0902,0.0849,-0.473
2000-06-06,6.51,6.35,6.14,0.04999999999999982,0.0899,0.085,-0.469
2000-06-07,6.52,6.35,6.13,0.04999999999999982,0.0898,0.085,-0.468
2000-06-08,6.56,6.37,6.13,0.05000000000000071,0.0896,0.085,-0.466
2000-06-09,6.56,6.36,6.13,0.030000000000001137,0.0894,0.0851,-0.698
2000-06-12,6.52,6.33,6.09,0.05000000000000071,0.0891,0.0851,-0.459
2000-06-13,6.49,6.32,6.11,0.040000000000000036,0.0888,0.0852,-0.573
2000-06-14,6.44,6.26,6.06,0.019999999999999574,0.0883,0.0852,-0.802
2000-06-15,6.44,6.26,6.05,0.02999999999999936,0.088,0.0853,-0.68
2000-06-16,6.38,6.19,5.99,0.010000000000000675,0.0875,0.0854,-0.907
2000-06-19,6.4,6.2,6.0,0.0,0.0873,0.0855,-1.021
2000-06-20,6.43,6.23,6.03,8.881784197001252e-16,0.0869,0.0857,-1.014
2000-06-21,6.5,6.32,6.11,0.03000000000000025,0.0866,0.0858,-0.66
2000-06-22,6.5,6.32,6.12,0.020000000000000462,0.0863,0.0859,-0.772
2000-06-23,6.55,6.37,6.19,0.0,0.086,0.0861,-0.999
2000-06-26,6.5,6.29,6.11,-0.03000000000000025,0.0856,0.0863,-1.34
2000-06-27,6.5,6.29,6.1,-0.019999999999999574,0.0852,0.0866,-1.215
2000-06-28,6.43,6.28,6.11,0.020000000000000462,0.085,0.0867,-0.75
2000-06-29,6.37,6.21,6.04,0.009999999999999787,0.0848,0.0868,-0.862
2000-06-30,6.38,6.18,6.03,-0.05000000000000071,0.0846,0.0871,-1.545
2000-07-03,6.31,6.12,6.0,-0.0699999999999994,0.0842,0.0875,-1.762
2000-07-05,6.29,6.12,5.99,-0.040000000000000036,0.084,0.0877,-1.414
2000-07-06,6.34,6.16,6.05,-0.0699999999999994,0.0837,0.0882,-1.743
2000-07-07,6.29,6.11,6.01,-0.07999999999999918,0.0833,0.0887,-1.841
2000-07-10,6.31,6.13,6.04,-0.08999999999999986,0.0829,0.0892,-1.938
2000-07-11,6.32,6.16,6.06,-0.05999999999999961,0.0827,0.0895,-1.594
2000-07-12,6.34,6.2,6.09,-0.02999999999999936,0.0827,0.0895,-1.259
2000-07-13,6.31,6.15,6.01,-0.019999999999998685,0.0827,0.0895,-1.147
2000-07-14,6.41,6.25,6.1,-0.009999999999999787,0.0827,0.0894,-1.037
2000-07-17,6.46,6.31,6.17,-0.010000000000000675,0.0827,0.0895,-1.036
2000-07-18,6.44,6.3,6.16,-8.881784197001252e-16,0.0828,0.0893,-0.927
2000-07-19,6.46,6.31,6.16,-8.881784197001252e-16,0.0828,0.0893,-0.927
2000-07-20,6.32,6.15,6.01,-0.02999999999999936,0.0827,0.0894,-1.261
2000-07-21,6.32,6.14,6.01,-0.05000000000000071,0.0825,0.0896,-1.479
2000-07-24,6.35,6.18,6.04,-0.03000000000000025,0.0823,0.0898,-1.251
2000-07-25,6.35,6.17,6.04,-0.04999999999999982,0.0821,0.0901,-1.466
2000-07-26,6.29,6.16,6.04,-0.009999999999999787,0.0821,0.0901,-1.022
2000-07-27,6.27,6.14,6.02,-0.009999999999999787,0.0819,0.0902,-1.019
2000-07-28,6.3,6.16,6.04,-0.019999999999999574,0.0817,0.0904,-1.125
2000-07-31,6.3,6.16,6.04,-0.019999999999999574,0.0813,0.0907,-1.117
2000-08-01,6.27,6.12,6.0,-0.02999999999999936,0.0808,0.0909,-1.219
2000-08-02,6.23,6.09,5.98,-0.030000000000001137,0.0802,0.0912,-1.208
2000-08-03,6.22,6.07,5.95,-0.02999999999999936,0.0796,0.0914,-1.199
2000-08-04,6.15,6.02,5.91,-0.02000000000000135,0.079,0.0916,-1.081
2000-08-07,6.2,6.07,5.97,-0.02999999999999936,0.0785,0.0918,-1.182
2000-08-08,6.16,6.03,5.93,-0.02999999999999936,0.0777,0.0919,-1.172
2000-08-09,6.18,6.03,5.81,0.07000000000000117,0.0773,0.0917,-0.08
2000-08-10,6.16,6.0,5.76,0.08000000000000007,0.0774,0.0917,0.028
2000-08-11,6.25,6.07,5.79,0.10000000000000053,0.0774,0.0917,0.246
2000-08-14,6.25,6.07,5.78,0.11000000000000032,0.0775,0.0917,0.354
2000-08-15,6.28,6.11,5.81,0.13000000000000078,0.0777,0.0918,0.57
2000-08-16,6.3,6.13,5.83,0.1299999999999999,0.0781,0.0918,0.565
2000-08-17,6.3,6.13,5.81,0.15000000000000036,0.0786,0.0918,0.778
2000-08-18,6.27,6.09,5.78,0.1299999999999999,0.079,0.0919,0.555
2000-08-21,6.28,6.1,5.79,0.129999999999999,0.0792,0.0919,0.553
2000-08-22,6.27,6.07,5.78,0.09000000000000075,0.0794,0.0919,0.115
2000-08-23,6.2,6.02,5.73,0.10999999999999854,0.0797,0.0919,0.33
2000-08-24,6.19,6.0,5.73,0.07999999999999918,0.0802,0.0916,-0.002
2000-08-25,6.19,6.0,5.73,0.07999999999999918,0.0805,0.0914,-0.005
2000-08-28,6.23,6.05,5.78,0.08999999999999897,0.0808,0.0914,0.101
2000-08-29,6.26,6.08,5.81,0.09000000000000075,0.0811,0.0912,0.098
2000-08-30,6.24,6.07,5.81,0.09000000000000075,0.0813,0.0912,0.095
2000-08-31,6.18,5.98,5.73,0.05000000000000071,0.0813,0.0912,-0.343
2000-09-01,6.09,5.92,5.68,0.07000000000000028,0.0815,0.0911,-0.126
2000-09-05,6.09,5.92,5.69,0.05999999999999961,0.0816,0.0911,-0.237
2000-09-06,6.11,5.95,5.72,0.07000000000000028,0.0817,0.091,-0.129
2000-09-07,6.14,5.97,5.76,0.040000000000000036,0.0818,0.091,-0.459
2000-09-08,6.11,5.95,5.73,0.05999999999999961,0.0819,0.091,-0.241
2000-09-11,6.12,5.97,5.77,0.04999999999999982,0.082,0.0909,-0.352
2000-09-12,6.12,5.97,5.78,0.03999999999999915,0.0821,0.0909,-0.463
2000-09-13,6.09,5.94,5.74,0.05000000000000071,0.0822,0.0908,-0.355
2000-09-14,6.11,5.96,5.79,0.019999999999999574,0.0821,0.0908,-0.684
2000-09-15,6.07,5.93,5.84,-0.05000000000000071,0.0819,0.0911,-1.448
2000-09-18,6.04,5.93,5.88,-0.0600000000000005,0.0816,0.0914,-1.549
2000-09-19,6.05,5.93,5.86,-0.05000000000000071,0.0813,0.0917,-1.432
2000-09-20,6.11,5.98,5.91,-0.05999999999999961,0.081,0.0921,-1.531
2000-09-21,6.11,5.96,5.88,-0.07000000000000028,0.0805,0.0926,-1.625
2000-09-22,6.09,5.93,5.85,-0.08000000000000007,0.08,0.0931,-1.719
2000-09-25,6.11,5.94,5.84,-0.0699999999999994,0.0797,0.0935,-1.601
2000-09-26,6.07,5.9,5.81,-0.07999999999999918,0.0794,0.0939,-1.698
2000-09-27,6.0,5.89,5.83,-0.05000000000000071,0.0791,0.0941,-1.372
2000-09-28,6.02,5.9,5.82,-0.03999999999999915,0.0789,0.0944,-1.26
2000-09-29,5.98,5.85,5.8,-0.08000000000000096,0.0783,0.0949,-1.668
2000-10-02,5.98,5.86,5.83,-0.08999999999999986,0.0778,0.0954,-1.759
2000-10-03,6.0,5.88,5.87,-0.11000000000000032,0.0771,0.0962,-1.945
2000-10-04,6.03,5.94,5.9,-0.04999999999999982,0.0767,0.0965,-1.313
2000-10-05,6.02,5.92,5.87,-0.04999999999999982,0.0762,0.0968,-1.304
2000-10-06,5.98,5.88,5.82,-0.040000000000000924,0.0756,0.0971,-1.191
2000-10-10,5.98,5.86,5.8,-0.05999999999999961,0.0749,0.0974,-1.385
2000-10-11,5.93,5.82,5.77,-0.05999999999999872,0.0743,0.0978,-1.373
2000-10-12,5.86,5.74,5.73,-0.11000000000000032,0.0735,0.0985,-1.863
2000-10-13,5.84,5.73,5.73,-0.10999999999999943,0.0727,0.0991,-1.844
2000-10-16,5.89,5.77,5.74,-0.09000000000000075,0.0719,0.0996,-1.626
2000-10-17,5.83,5.68,5.68,-0.15000000000000036,0.071,0.1006,-2.197
2000-10-18,5.82,5.68,5.66,-0.120000000000001,0.0702,0.1013,-1.878
2000-10-19,5.86,5.69,5.66,-0.13999999999999968,0.0693,0.1022,-2.048
2000-10-20,5.84,5.69,5.64,-0.09999999999999876,0.0686,0.1027,-1.642
2000-10-23,5.82,5.66,5.59,-0.08999999999999986,0.0679,0.1032,-1.53
2000-10-24,5.86,5.7,5.63,-0.08999999999999986,0.0671,0.1037,-1.515
2000-10-25,5.87,5.74,5.67,-0.05999999999999961,0.0666,0.104,-1.217
2000-10-26,5.9,5.75,5.69,-0.09000000000000075,0.0659,0.1044,-1.493
2000-10-27,5.94,5.79,5.72,-0.08000000000000007,0.0651,0.1048,-1.385
2000-10-30,5.97,5.83,5.74,-0.04999999999999982,0.0644,0.105,-1.09
2000-10-31,5.94,5.83,5.77,-0.04999999999999982,0.0637,0.1051,-1.082
2000-11-01,5.88,5.79,5.74,-0.040000000000000036,0.0631,0.1053,-0.979
2000-11-02,5.87,5.78,5.74,-0.04999999999999982,0.0625,0.1055,-1.066
2000-11-03,5.94,5.86,5.83,-0.04999999999999982,0.0617,0.1056,-1.058
2000-11-06,5.99,5.91,5.87,-0.040000000000000036,0.0611,0.1057,-0.956
2000-11-07,5.99,5.84,5.87,-0.1800000000000006,0.0599,0.1067,-2.248
2000-11-08,5.99,5.83,5.87,-0.20000000000000018,0.0587,0.1079,-2.398
2000-11-09,5.94,5.76,5.82,-0.2400000000000011,0.0577,0.1095,-2.719
2000-11-10,5.92,5.76,5.82,-0.22000000000000064,0.0569,0.1108,-2.499
2000-11-13,5.9,5.72,5.77,-0.23000000000000043,0.056,0.1122,-2.549
2000-11-14,5.92,5.72,5.76,-0.2400000000000002,0.055,0.1137,-2.595
2000-11-15,5.9,5.69,5.72,-0.23999999999999932,0.054,0.1152,-2.552
2000-11-16,5.87,5.66,5.68,-0.22999999999999954,0.0531,0.1165,-2.43
2000-11-17,5.88,5.67,5.71,-0.25,0.052,0.1181,-2.557
2000-11-20,5.87,5.65,5.68,-0.2499999999999991,0.051,0.1196,-2.517
2000-11-21,5.86,5.65,5.67,-0.22999999999999954,0.05,0.1208,-2.318
2000-11-22,5.85,5.6,5.62,-0.27000000000000046,0.0488,0.1225,-2.602
2000-11-24,5.86,5.63,5.63,-0.23000000000000043,0.048,0.1237,-2.247
2000-11-27,5.86,5.63,5.64,-0.2400000000000002,0.047,0.125,-2.296
2000-11-28,5.79,5.57,5.59,-0.23999999999999932,0.046,0.1263,-2.264
2000-11-29,5.69,5.51,5.55,-0.22000000000000064,0.045,0.1274,-2.08
2000-11-30,5.61,5.42,5.48,-0.2500000000000009,0.0438,0.1287,-2.283
2000-12-01,5.62,5.46,5.52,-0.21999999999999975,0.0429,0.1298,-2.025
2000-12-04,5.59,5.45,5.53,-0.21999999999999975,0.042,0.1308,-2.003
2000-12-05,5.49,5.36,5.43,-0.1999999999999993,0.0412,0.1317,-1.831
2000-12-06,5.42,5.26,5.32,-0.22000000000000064,0.0404,0.1327,-1.962
2000-12-07,5.45,5.26,5.32,-0.2500000000000009,0.0394,0.1339,-2.161
2000-12-08,5.5,5.32,5.35,-0.20999999999999908,0.0387,0.1347,-1.846
2000-12-11,5.52,5.33,5.37,-0.22999999999999954,0.038,0.1356,-1.976
2000-12-12,5.54,5.33,5.36,-0.2400000000000002,0.0373,0.1367,-2.029
2000-12-13,5.45,5.24,5.29,-0.2599999999999998,0.0364,0.1378,-2.151
2000-12-14,5.43,5.19,5.23,-0.27999999999999936,0.0356,0.1391,-2.269
2000-12-15,5.38,5.15,5.2,-0.27999999999999936,0.0347,0.1404,-2.241
2000-12-18,5.33,5.1,5.17,-0.3000000000000007,0.0336,0.1419,-2.351
2000-12-19,5.35,5.12,5.19,-0.2999999999999998,0.0324,0.1435,-2.316
2000-12-20,5.24,5.0,5.08,-0.3200000000000003,0.0312,0.1451,-2.42
2000-12-21,5.14,4.94,5.03,-0.28999999999999915,0.0301,0.1465,-2.185
2000-12-22,5.1,4.93,5.02,-0.2599999999999998,0.029,0.1477,-1.957
2000-12-26,5.1,4.92,5.04,-0.2999999999999998,0.0277,0.1491,-2.198
2000-12-27,5.1,4.99,5.11,-0.22999999999999954,0.0266,0.15,-1.711
2000-12-28,5.18,5.02,5.13,-0.27000000000000046,0.0254,0.1511,-1.955
2000-12-29,5.11,4.99,5.12,-0.25,0.0244,0.1521,-1.804
2001-01-02,4.87,4.76,4.92,-0.27000000000000046,0.0232,0.1533,-1.913
2001-01-03,4.92,4.94,5.14,-0.17999999999999883,0.0223,0.1538,-1.315
2001-01-04,4.77,4.82,5.03,-0.15999999999999925,0.0216,0.1542,-1.178
2001-01-05,4.56,4.66,4.93,-0.16999999999999904,0.0209,0.1547,-1.234
2001-01-08,4.54,4.65,4.94,-0.17999999999999972,0.0202,0.1552,-1.29
2001-01-09,4.64,4.73,4.98,-0.15999999999999925,0.0195,0.1556,-1.154
2001-01-10,4.76,4.83,5.1,-0.1999999999999993,0.0186,0.1562,-1.399
2001-01-11,4.77,4.85,5.14,-0.20999999999999996,0.0177,0.1569,-1.451
2001-01-12,4.9,4.97,5.25,-0.21000000000000085,0.0166,0.1575,-1.439
2001-01-16,4.89,4.96,5.24,-0.20999999999999996,0.0156,0.1582,-1.426
2001-01-17,4.84,4.87,5.19,-0.29000000000000004,0.0142,0.1593,-1.91
2001-01-18,4.72,4.74,5.12,-0.35999999999999943,0.0125,0.161,-2.314
2001-01-19,4.75,4.84,5.19,-0.2600000000000007,0.0113,0.1619,-1.676
2001-01-22,4.75,4.87,5.25,-0.2599999999999998,0.01,0.1628,-1.658
2001-01-23,4.82,4.96,5.3,-0.20000000000000018,0.0089,0.1632,-1.28
2001-01-24,4.81,4.98,5.33,-0.17999999999999883,0.008,0.1636,-1.149
2001-01-25,4.78,4.94,5.29,-0.1899999999999995,0.007,0.1641,-1.2
2001-01-26,4.78,4.93,5.29,-0.21000000000000085,0.0058,0.1645,-1.312
2001-01-29,4.77,4.97,5.32,-0.15000000000000036,0.0046,0.1646,-0.939
2001-01-30,4.7,4.91,5.24,-0.1200000000000001,0.0036,0.1646,-0.751
2001-01-31,4.62,4.85,5.19,-0.11000000000000121,0.0027,0.1646,-0.685
2001-02-01,4.55,4.78,5.1,-0.08999999999999897,0.0017,0.1644,-0.558
2001-02-02,4.65,4.86,5.17,-0.09999999999999964,0.0008,0.1643,-0.614
2001-02-05,4.68,4.88,5.18,-0.09999999999999964,0.0001,0.1644,-0.609
2001-02-06,4.72,4.92,5.22,-0.09999999999999964,-0.0008,0.1643,-0.604
2001-02-07,4.7,4.91,5.1,0.020000000000000462,-0.0015,0.1638,0.131
2001-02-08,4.73,4.93,5.1,0.02999999999999936,-0.0022,0.1633,0.197
2001-02-09,4.67,4.85,5.03,-8.881784197001252e-16,-0.0033,0.1623,0.02
2001-02-12,4.67,4.86,5.05,8.881784197001252e-16,-0.0042,0.1617,0.026
2001-02-13,4.75,4.9,5.07,-0.019999999999999574,-0.0053,0.1608,-0.091
2001-02-14,4.84,4.99,5.13,0.010000000000000675,-0.0063,0.1599,0.102
2001-02-15,4.89,5.06,5.19,0.03999999999999915,-0.0072,0.1591,0.297
2001-02-16,4.75,4.94,5.11,0.020000000000000462,-0.0083,0.1578,0.179
2001-02-20,4.73,4.94,5.11,0.040000000000000036,-0.0092,0.157,0.313
2001-02-21,4.68,4.96,5.14,0.10000000000000053,-0.0099,0.156,0.704
2001-02-22,4.63,4.94,5.15,0.10000000000000053,-0.0108,0.1548,0.716
2001-02-23,4.53,4.86,5.1,0.09000000000000075,-0.0115,0.154,0.659
2001-02-26,4.46,4.81,5.05,0.10999999999999943,-0.012,0.1533,0.796
2001-02-27,4.44,4.75,4.96,0.09999999999999964,-0.0123,0.153,0.734
2001-02-28,4.41,4.7,4.92,0.07000000000000028,-0.0129,0.1523,0.544
2001-03-01,4.41,4.67,4.87,0.05999999999999961,-0.0138,0.1514,0.487
2001-03-02,4.48,4.75,4.95,0.0699999999999994,-0.0146,0.1504,0.562
2001-03-05,4.49,4.78,4.98,0.08999999999999986,-0.0152,0.1495,0.704
2001-03-06,4.49,4.78,4.99,0.08000000000000007,-0.0162,0.1482,0.649
2001-03-07,4.43,4.72,4.92,0.08999999999999986,-0.017,0.1469,0.728
2001-03-08,4.43,4.7,4.89,0.08000000000000096,-0.018,0.1454,0.674
2001-03-09,4.47,4.75,4.95,0.08000000000000007,-0.0189,0.1442,0.686
2001-03-12,4.46,4.72,4.92,0.05999999999999961,-0.0198,0.1429,0.558
2001-03-13,4.46,4.75,4.95,0.08999999999999986,-0.0206,0.1418,0.78
2001-03-14,4.32,4.62,4.84,0.08000000000000007,-0.0213,0.1409,0.719
2001-03-15,4.22,4.55,4.81,0.07000000000000028,-0.022,0.1399,0.658
2001-03-16,4.26,4.54,4.78,0.040000000000000036,-0.0227,0.1392,0.45
2001-03-19,4.32,4.58,4.82,0.019999999999999574,-0.0233,0.1387,0.312
2001-03-20,4.24,4.52,4.78,0.019999999999998685,-0.024,0.138,0.319
2001-03-21,4.21,4.49,4.77,8.881784197001252e-16,-0.0248,0.1373,0.181
2001-03-22,4.17,4.44,4.73,-0.019999999999999574,-0.0259,0.1361,0.043
2001-03-23,4.24,4.52,4.8,-8.881784197001252e-16,-0.0266,0.1355,0.196
2001-03-26,4.27,4.56,4.85,0.0,-0.0273,0.1349,0.202
2001-03-27,4.41,4.73,5.0,0.05000000000000071,-0.0279,0.1343,0.58
2001-03-28,4.3,4.68,4.97,0.08999999999999986,-0.0281,0.134,0.881
2001-03-29,4.27,4.67,4.98,0.08999999999999986,-0.0283,0.1338,0.884
2001-03-30,4.18,4.62,4.93,0.13000000000000078,-0.0284,0.1337,1.185
2001-04-02,4.22,4.66,4.98,0.1200000000000001,-0.0284,0.1337,1.11
2001-04-03,4.15,4.6,4.94,0.10999999999999854,-0.0284,0.1337,1.035
2001-04-04,4.12,4.58,4.94,0.09999999999999964,-0.0286,0.1334,0.964
2001-04-05,4.19,4.63,4.98,0.08999999999999897,-0.0285,0.1335,0.888
2001-04-06,4.07,4.52,4.89,0.07999999999999918,-0.0286,0.1335,0.813
2001-04-09,4.1,4.56,4.93,0.08999999999999986,-0.0286,0.1335,0.888
2001-04-10,4.24,4.7,5.09,0.07000000000000028,-0.0288,0.1333,0.741
2001-04-11,4.29,4.75,5.12,0.08999999999999986,-0.0288,0.1332,0.892
2001-04-12,4.36,4.83,5.17,0.1299999999999999,-0.0288,0.1332,1.192
2001-04-16,4.49,4.94,5.28,0.11000000000000032,-0.0291,0.1329,1.047
2001-04-17,4.41,4.87,5.21,0.1200000000000001,-0.0292,0.1328,1.123
2001-04-18,4.26,4.75,5.14,0.10000000000000053,-0.0292,0.1328,0.973
2001-04-19,4.29,4.86,5.27,0.16000000000000103,-0.029,0.133,1.421
2001-04-20,4.26,4.88,5.29,0.20999999999999996,-0.0288,0.1333,1.791
2001-04-23,4.15,4.78,5.2,0.20999999999999996,-0.0285,0.1338,1.783
2001-04-24,4.16,4.78,5.22,0.1800000000000006,-0.0283,0.1341,1.553
2001-04-25,4.2,4.88,5.28,0.27999999999999936,-0.0275,0.1353,2.273
2001-04-26,4.14,4.79,5.2,0.2400000000000002,-0.0272,0.1358,1.968
2001-04-27,4.28,4.94,5.34,0.2600000000000007,-0.0268,0.1365,2.101
2001-04-30,4.3,4.97,5.35,0.29000000000000004,-0.0263,0.1375,2.3
2001-05-01,4.23,4.94,5.3,0.35000000000000053,-0.0258,0.1387,2.709
2001-05-02,4.27,4.95,5.31,0.3200000000000012,-0.0251,0.1399,2.467
2001-05-03,4.22,4.87,5.22,0.3000000000000007,-0.0246,0.1409,2.304
2001-05-04,4.14,4.83,5.21,0.3100000000000005,-0.0241,0.1419,2.354
2001-05-07,4.12,4.82,5.21,0.3100000000000005,-0.0235,0.1429,2.334
2001-05-08,4.1,4.68,5.24,0.019999999999999574,-0.0242,0.1423,0.311
2001-05-09,4.07,4.65,5.2,0.03000000000000025,-0.025,0.1415,0.389
2001-05-10,4.17,4.76,5.31,0.040000000000000036,-0.0252,0.1413,0.461
2001-05-11,4.36,4.99,5.51,0.11000000000000032,-0.0251,0.1414,0.955
2001-05-14,4.29,4.94,5.46,0.13000000000000078,-0.0249,0.1416,1.094
2001-05-15,4.28,4.95,5.5,0.1200000000000001,-0.0248,0.1416,1.023
2001-05-16,4.25,4.95,5.48,0.16999999999999993,-0.0246,0.1419,1.371
2001-05-17,4.33,4.99,5.46,0.1900000000000004,-0.0243,0.1423,1.506
2001-05-18,4.37,4.99,5.41,0.20000000000000018,-0.0239,0.1428,1.568
2001-05-21,4.37,4.99,5.41,0.20000000000000018,-0.0235,0.1433,1.56
2001-05-22,4.34,4.99,5.42,0.22000000000000064,-0.0228,0.144,1.686
2001-05-23,4.29,4.96,5.41,0.21999999999999975,-0.0222,0.1447,1.674
2001-05-24,4.32,5.05,5.52,0.2599999999999998,-0.0215,0.1457,1.932
2001-05-25,4.31,5.04,5.52,0.2500000000000009,-0.0212,0.1462,1.855
2001-05-29,4.33,5.06,5.54,0.2499999999999991,-0.0209,0.1467,1.847
2001-05-30,4.34,5.07,5.54,0.2600000000000007,-0.0203,0.1475,1.9
2001-05-31,4.22,4.94,5.43,0.23000000000000131,-0.0199,0.148,1.689
2001-06-01,4.22,4.94,5.39,0.27000000000000135,-0.0192,0.149,1.941
2001-06-04,4.19,4.93,5.35,0.3199999999999994,-0.0182,0.1504,2.249
2001-06-05,4.12,4.84,5.29,0.2699999999999996,-0.0174,0.1514,1.898
2001-06-06,4.12,4.83,5.27,0.27000000000000046,-0.0165,0.1524,1.88
2001-06-07,4.14,4.88,5.33,0.29000000000000004,-0.0156,0.1536,1.99
2001-06-08,4.17,4.93,5.38,0.3099999999999996,-0.0146,0.1549,2.096
2001-06-11,4.11,4.87,5.32,0.3099999999999996,-0.0135,0.1562,2.071
2001-06-12,4.09,4.82,5.27,0.28000000000000114,-0.0125,0.1572,1.861
2001-06-13,4.08,4.81,5.28,0.2599999999999989,-0.0117,0.1581,1.719
2001-06-14,4.04,4.76,5.26,0.21999999999999975,-0.011,0.1588,1.455
2001-06-15,4.01,4.74,5.27,0.20000000000000107,-0.0103,0.1593,1.32
2001-06-18,3.98,4.73,5.27,0.21000000000000085,-0.0096,0.1599,1.373
2001-06-19,3.99,4.72,5.26,0.1899999999999995,-0.0088,0.1604,1.239
2001-06-20,3.98,4.72,5.24,0.21999999999999886,-0.008,0.161,1.416
2001-06-21,3.99,4.7,5.22,0.1900000000000004,-0.0072,0.1615,1.221
2001-06-22,3.93,4.63,5.14,0.1900000000000004,-0.0066,0.162,1.214
2001-06-25,3.96,4.65,5.16,0.1800000000000006,-0.006,0.1624,1.145
2001-06-26,4.03,4.74,5.24,0.20999999999999996,-0.0051,0.163,1.32
2001-06-27,4.06,4.82,5.26,0.3200000000000012,-0.0037,0.1642,1.971
2001-06-28,4.22,4.92,5.35,0.27000000000000046,-0.0026,0.1651,1.651
2001-06-29,4.25,4.97,5.42,0.2699999999999996,-0.0016,0.166,1.636
2001-07-02,4.21,4.88,5.37,0.17999999999999972,-0.0009,0.1664,1.087
2001-07-03,4.24,4.91,5.41,0.16999999999999993,-0.0,0.1667,1.02
2001-07-05,4.24,4.95,5.44,0.21999999999999975,0.0011,0.1672,1.309
2001-07-06,4.16,4.9,5.41,0.23000000000000043,0.0022,0.1678,1.358
2001-07-09,4.15,4.88,5.37,0.23999999999999932,0.0034,0.1684,1.405
2001-07-10,4.08,4.82,5.32,0.2400000000000002,0.0047,0.169,1.392
2001-07-11,4.07,4.81,5.31,0.23999999999999932,0.006,0.1696,1.38
2001-07-12,4.07,4.8,5.27,0.2599999999999998,0.0073,0.1703,1.484
2001-07-13,4.12,4.82,5.27,0.2500000000000009,0.0084,0.1709,1.414
2001-07-16,4.07,4.76,5.21,0.23999999999999932,0.0094,0.1715,1.345
2001-07-17,4.09,4.78,5.22,0.2500000000000009,0.0104,0.1722,1.391
2001-07-18,3.96,4.66,5.12,0.2400000000000002,0.0114,0.1728,1.323
2001-07-19,3.98,4.69,5.13,0.27000000000000046,0.0125,0.1736,1.483
2001-07-20,3.98,4.7,5.15,0.2699999999999996,0.0136,0.1743,1.471
2001-07-23,3.98,4.68,5.13,0.2499999999999991,0.0147,0.1749,1.345
2001-07-24,3.97,4.67,5.13,0.23999999999999932,0.0158,0.1755,1.277
2001-07-25,3.98,4.74,5.2,0.2999999999999998,0.0171,0.1763,1.605
2001-07-26,3.94,4.71,5.19,0.29000000000000004,0.0185,0.1771,1.533
2001-07-27,3.87,4.64,5.13,0.27999999999999936,0.0196,0.1779,1.464
2001-07-30,3.86,4.63,5.11,0.29000000000000004,0.0208,0.1787,1.506
2001-07-31,3.79,4.57,5.07,0.28000000000000025,0.022,0.1794,1.438
2001-08-01,3.83,4.62,5.11,0.2999999999999998,0.0233,0.1802,1.536
2001-08-02,3.89,4.69,5.17,0.3200000000000003,0.0247,0.1812,1.63
2001-08-03,3.91,4.72,5.2,0.3299999999999992,0.0261,0.1822,1.668
2001-08-06,3.88,4.71,5.19,0.34999999999999964,0.0276,0.1833,1.759
2001-08-07,3.9,4.72,5.2,0.33999999999999897,0.029,0.1843,1.687
2001-08-08,3.77,4.61,4.99,0.46000000000000085,0.031,0.1862,2.304
2001-08-09,3.77,4.66,5.04,0.5100000000000007,0.0331,0.1886,2.529
2001-08-10,3.73,4.61,4.99,0.5,0.0348,0.1909,2.437
2001-08-13,3.7,4.57,4.97,0.47000000000000064,0.0364,0.1928,2.249
2001-08-14,3.74,4.59,4.97,0.46999999999999975,0.0379,0.1947,2.219
2001-08-15,3.8,4.62,5.0,0.4400000000000004,0.0392,0.1963,2.042
2001-08-16,3.75,4.58,4.95,0.45999999999999996,0.0405,0.198,2.119
2001-08-17,3.67,4.49,4.84,0.47000000000000064,0.0418,0.1998,2.143
2001-08-20,3.74,4.55,4.91,0.4499999999999993,0.043,0.2013,2.022
2001-08-21,3.69,4.5,4.87,0.4400000000000004,0.0442,0.2028,1.952
2001-08-22,3.76,4.53,4.91,0.39000000000000057,0.0453,0.2039,1.691
2001-08-23,3.72,4.52,4.89,0.4299999999999988,0.0466,0.2053,1.868
2001-08-24,3.76,4.55,4.93,0.41000000000000014,0.0478,0.2065,1.754
2001-08-27,3.78,4.57,4.94,0.4200000000000008,0.0492,0.2079,1.784
2001-08-28,3.71,4.48,4.85,0.40000000000000124,0.0504,0.209,1.673
2001-08-29,3.67,4.43,4.78,0.40999999999999925,0.0517,0.2102,1.705
2001-08-30,3.61,4.42,4.79,0.4400000000000004,0.0531,0.2116,1.828
2001-08-31,3.64,4.46,4.85,0.4299999999999997,0.0544,0.2129,1.764
2001-09-04,3.83,4.63,4.99,0.4399999999999995,0.056,0.2143,1.792
2001-09-05,3.79,4.61,4.97,0.46000000000000085,0.0575,0.2158,1.865
2001-09-06,3.65,4.48,4.86,0.4500000000000002,0.0591,0.2172,1.8
2001-09-07,3.53,4.39,4.8,0.4500000000000002,0.0606,0.2186,1.781
2001-09-10,3.53,4.41,4.84,0.45000000000000107,0.0622,0.22,1.763
2001-09-13,2.99,4.03,4.64,0.4300000000000006,0.0637,0.2212,1.656
2001-09-14,2.87,3.92,4.57,0.39999999999999947,0.0651,0.2222,1.507
2001-09-17,2.96,3.99,4.63,0.39000000000000057,0.0665,0.2232,1.449
2001-09-18,2.96,4.01,4.72,0.33999999999999986,0.0676,0.2238,1.217
2001-09-19,2.81,3.9,4.69,0.2999999999999998,0.0687,0.2243,1.031
2001-09-20,2.91,3.97,4.75,0.28000000000000025,0.07,0.2245,0.935
2001-09-21,2.91,3.94,4.7,0.2699999999999996,0.0713,0.2247,0.884
2001-09-24,2.94,4.0,4.73,0.33000000000000007,0.0729,0.2252,1.142
2001-09-25,2.88,3.97,4.72,0.34000000000000075,0.0744,0.2257,1.177
2001-09-26,2.82,3.91,4.65,0.34999999999999964,0.0761,0.2262,1.211
2001-09-27,2.78,3.87,4.58,0.3800000000000008,0.0779,0.2267,1.333
2001-09-28,2.86,3.93,4.6,0.40000000000000036,0.0798,0.2275,1.407
2001-10-01,2.82,3.9,4.55,0.4300000000000006,0.0818,0.2283,1.525
2001-10-02,2.77,3.87,4.53,0.4400000000000004,0.0838,0.2293,1.553
2001-10-03,2.77,3.86,4.5,0.4499999999999993,0.0857,0.2303,1.582
2001-10-04,2.75,3.88,4.53,0.47999999999999954,0.0879,0.2314,1.694
2001-10-05,2.71,3.87,4.52,0.5100000000000007,0.0903,0.2326,1.804
2001-10-09,2.74,3.96,4.62,0.5599999999999996,0.093,0.2341,1.995
2001-10-10,2.78,3.96,4.61,0.5300000000000002,0.0953,0.2356,1.845
2001-10-11,2.88,4.03,4.69,0.4900000000000002,0.0974,0.2367,1.659
2001-10-12,2.81,4.01,4.68,0.5299999999999994,0.0997,0.2381,1.807
2001-10-15,2.78,3.97,4.62,0.54,0.1021,0.2395,1.828
2001-10-16,2.77,3.93,4.59,0.5,0.1043,0.2406,1.645
2001-10-17,2.8,3.93,4.59,0.47000000000000064,0.1066,0.2413,1.506
2001-10-18,2.77,3.93,4.58,0.5099999999999998,0.109,0.2422,1.656
2001-10-19,2.77,3.96,4.63,0.5200000000000005,0.1115,0.2433,1.679
2001-10-22,2.79,3.98,4.63,0.54,0.1142,0.2442,1.744
2001-10-23,2.81,4.01,4.66,0.5499999999999989,0.1169,0.2453,1.766
2001-10-24,2.72,3.96,4.61,0.589999999999999,0.1198,0.2466,1.907
2001-10-25,2.63,3.89,4.56,0.5900000000000007,0.1225,0.2479,1.886
2001-10-26,2.63,3.88,4.53,0.5999999999999996,0.1252,0.2494,1.904
2001-10-29,2.55,3.82,4.5,0.5899999999999999,0.1279,0.2507,1.843
2001-10-30,2.48,3.76,4.44,0.5999999999999988,0.1306,0.2522,1.861
2001-10-31,2.44,3.66,4.3,0.580000000000001,0.1332,0.2534,1.763
2001-11-01,2.49,3.66,4.24,0.5899999999999999,0.1359,0.2547,1.783
2001-11-02,2.48,3.77,4.37,0.6900000000000004,0.1388,0.2568,2.146
2001-11-05,2.46,3.71,4.31,0.6500000000000004,0.1416,0.2585,1.967
2001-11-06,2.37,3.54,4.3,0.41000000000000014,0.1434,0.2588,1.03
2001-11-07,2.32,3.47,4.22,0.40000000000000124,0.1452,0.259,0.984
2001-11-08,2.42,3.58,4.32,0.41999999999999993,0.147,0.2593,1.053
2001-11-09,2.45,3.62,4.34,0.4500000000000002,0.149,0.2597,1.159
2001-11-13,2.54,3.69,4.41,0.4299999999999997,0.1514,0.2595,1.074
2001-11-14,2.7,3.83,4.54,0.41999999999999993,0.1538,0.2591,1.027
2001-11-15,2.98,4.1,4.79,0.4299999999999988,0.1565,0.2584,1.058
2001-11-16,3.09,4.24,4.91,0.4800000000000004,0.1593,0.2581,1.243
2001-11-19,2.92,4.12,4.8,0.5200000000000005,0.1623,0.258,1.386
2001-11-20,2.96,4.17,4.88,0.5,0.1652,0.2576,1.3
2001-11-21,3.11,4.31,4.98,0.5299999999999994,0.1683,0.2573,1.406
2001-11-23,3.2,4.4,5.04,0.5600000000000005,0.1714,0.2573,1.51
2001-11-26,3.22,4.41,5.05,0.5499999999999998,0.1746,0.257,1.461
2001-11-27,3.11,4.32,4.98,0.5500000000000007,0.1777,0.2566,1.451
2001-11-28,3.12,4.33,4.98,0.5599999999999996,0.1809,0.2565,1.478
2001-11-29,2.87,4.1,4.79,0.5399999999999991,0.1841,0.2559,1.391
2001-11-30,2.84,4.08,4.78,0.54,0.1871,0.2555,1.381
2001-12-03,2.82,4.04,4.75,0.5099999999999998,0.1901,0.2549,1.255
2001-12-04,2.81,3.99,4.7,0.46999999999999975,0.1929,0.254,1.091
2001-12-05,3.07,4.24,4.92,0.4900000000000002,0.1958,0.2534,1.161
2001-12-06,3.19,4.38,5.04,0.5300000000000002,0.1988,0.2527,1.311
2001-12-07,3.19,4.5,5.2,0.6100000000000003,0.2021,0.2526,1.615
2001-12-10,3.1,4.46,5.17,0.6500000000000004,0.2056,0.2527,1.759
2001-12-11,3.03,4.38,5.13,0.6000000000000005,0.2088,0.2527,1.548
2001-12-12,2.97,4.29,5.02,0.5899999999999999,0.212,0.2523,1.498
2001-12-13,3.09,4.4,5.13,0.580000000000001,0.2153,0.2517,1.449
2001-12-14,3.2,4.52,5.24,0.5999999999999988,0.2185,0.2514,1.518
2001-12-17,3.21,4.54,5.26,0.6100000000000003,0.2218,0.251,1.547
2001-12-18,3.13,4.46,5.16,0.6299999999999999,0.2253,0.2506,1.615
2001-12-19,3.11,4.38,5.08,0.5700000000000003,0.2286,0.2497,1.367
2001-12-20,3.15,4.42,5.08,0.6099999999999994,0.2321,0.2487,1.52
2001-12-21,3.17,4.45,5.12,0.6100000000000003,0.2356,0.2477,1.512
2001-12-24,3.22,4.49,5.18,0.5800000000000001,0.2391,0.2464,1.384
2001-12-26,3.26,4.55,5.22,0.6200000000000001,0.2428,0.2452,1.538
2001-12-27,3.19,4.46,5.13,0.6000000000000005,0.2464,0.2436,1.452
2001-12-28,3.16,4.46,5.15,0.6099999999999994,0.25,0.2423,1.486
2001-12-31,3.07,4.38,5.07,0.6199999999999992,0.2535,0.2412,1.519
2002-01-02,3.22,4.52,5.2,0.6199999999999983,0.2571,0.2398,1.513
2002-01-03,3.19,4.48,5.16,0.6100000000000012,0.2605,0.2388,1.464
2002-01-04,3.19,4.5,5.18,0.6300000000000008,0.264,0.2376,1.54
2002-01-07,3.08,4.39,5.09,0.6099999999999994,0.2675,0.2364,1.449
2002-01-08,3.07,4.39,5.1,0.6099999999999994,0.271,0.2349,1.443
2002-01-09,3.03,4.38,5.1,0.6300000000000008,0.2742,0.2342,1.519
2002-01-10,2.94,4.27,5.0,0.5999999999999996,0.2772,0.2335,1.382
2002-01-11,2.76,4.14,4.92,0.5999999999999996,0.2802,0.2327,1.374
2002-01-14,2.79,4.15,4.91,0.6000000000000005,0.2833,0.2317,1.367
2002-01-15,2.79,4.14,4.88,0.6099999999999994,0.2864,0.2309,1.401
2002-01-16,2.84,4.16,4.88,0.6000000000000005,0.2896,0.2297,1.351
2002-01-17,2.96,4.28,4.98,0.6200000000000001,0.2929,0.2284,1.432
2002-01-18,2.91,4.23,4.94,0.6100000000000003,0.2961,0.2271,1.382
2002-01-22,2.97,4.27,4.96,0.6099999999999985,0.2994,0.2257,1.376
2002-01-23,3.07,4.36,5.05,0.6000000000000005,0.3029,0.2234,1.33
2002-01-24,3.15,4.4,5.07,0.5800000000000001,0.3066,0.2201,1.242
2002-01-25,3.17,4.46,5.1,0.6500000000000004,0.3102,0.2182,1.557
2002-01-28,3.19,4.48,5.12,0.6500000000000012,0.3138,0.2163,1.554
2002-01-29,3.05,4.35,5.02,0.6299999999999999,0.3171,0.2147,1.457
2002-01-30,3.06,4.37,5.02,0.6600000000000001,0.3205,0.2135,1.59
2002-01-31,3.16,4.42,5.07,0.6099999999999994,0.3237,0.2118,1.352
2002-02-01,3.08,4.37,5.02,0.6400000000000006,0.327,0.21,1.49
2002-02-04,2.99,4.29,4.94,0.6499999999999995,0.3302,0.2088,1.532
2002-02-05,2.99,4.29,4.92,0.6699999999999999,0.3333,0.208,1.619
2002-02-06,2.98,4.3,4.92,0.6999999999999993,0.3365,0.2074,1.753
2002-02-07,2.99,4.33,4.93,0.7400000000000002,0.3398,0.2071,1.932
2002-02-08,2.95,4.28,4.9,0.71,0.3431,0.2066,1.776
2002-02-11,2.95,4.29,4.91,0.7199999999999998,0.3463,0.206,1.814
2002-02-12,3.04,4.36,4.97,0.7100000000000009,0.3495,0.2054,1.755
2002-02-13,3.09,4.4,5.01,0.7000000000000011,0.3522,0.2055,1.692
2002-02-14,3.07,4.35,4.95,0.6799999999999988,0.3548,0.2055,1.582
2002-02-15,2.97,4.27,4.86,0.7099999999999982,0.3576,0.2055,1.715
2002-02-19,2.98,4.28,4.88,0.7000000000000002,0.3604,0.2054,1.653
2002-02-20,3.0,4.28,4.88,0.6800000000000006,0.3632,0.2049,1.546
2002-02-21,3.0,4.27,4.88,0.6599999999999993,0.3658,0.2045,1.439
2002-02-22,2.97,4.23,4.84,0.6500000000000004,0.3682,0.2043,1.379
2002-02-25,3.01,4.26,4.86,0.6499999999999995,0.3707,0.2039,1.37
2002-02-26,3.08,4.33,4.93,0.6500000000000004,0.3731,0.2035,1.361
2002-02-27,3.09,4.22,4.84,0.5099999999999998,0.3747,0.203,0.667
2002-02-28,3.06,4.27,4.88,0.5999999999999988,0.3767,0.2027,1.102
2002-03-01,3.18,4.43,4.98,0.6999999999999993,0.3791,0.2029,1.582
2002-03-04,3.24,4.43,5.02,0.5999999999999996,0.3811,0.2027,1.08
2002-03-05,3.25,4.44,5.02,0.6100000000000012,0.3831,0.2024,1.121
2002-03-06,3.26,4.45,5.06,0.580000000000001,0.3851,0.2018,0.966
2002-03-07,3.36,4.65,5.22,0.7200000000000015,0.3877,0.2019,1.646
2002-03-08,3.6,4.77,5.33,0.6099999999999994,0.3899,0.2014,1.093
2002-03-11,3.59,4.77,5.33,0.6199999999999992,0.392,0.201,1.134
2002-03-12,3.56,4.75,5.32,0.6199999999999992,0.3941,0.2005,1.127
2002-03-13,3.49,4.69,5.28,0.6100000000000003,0.3962,0.2001,1.068
2002-03-14,3.63,4.83,5.4,0.6299999999999999,0.3984,0.1996,1.16
2002-03-15,3.63,4.8,5.35,0.6200000000000001,0.4005,0.1991,1.102
2002-03-18,3.67,4.79,5.32,0.5899999999999999,0.4026,0.1982,0.946
2002-03-19,3.64,4.78,5.33,0.5899999999999999,0.4046,0.1976,0.938
2002-03-20,3.71,4.87,5.4,0.6299999999999999,0.4068,0.197,1.133
2002-03-21,3.73,4.88,5.39,0.6399999999999997,0.409,0.1964,1.176
2002-03-22,3.77,4.9,5.4,0.6300000000000008,0.4114,0.1955,1.118
2002-03-25,3.78,4.92,5.41,0.6500000000000004,0.4139,0.1945,1.214
2002-03-26,3.68,4.85,5.35,0.6699999999999999,0.4165,0.1936,1.309
2002-03-27,3.66,4.85,5.35,0.6899999999999995,0.4192,0.1926,1.406
2002-03-28,3.72,4.91,5.42,0.6799999999999997,0.422,0.1912,1.349
2002-04-01,3.74,4.93,5.44,0.6799999999999988,0.4247,0.1901,1.343
2002-04-02,3.63,4.84,5.36,0.6899999999999995,0.4274,0.1889,1.39
2002-04-03,3.55,4.76,5.3,0.6699999999999999,0.4299,0.188,1.277
2002-04-04,3.57,4.76,5.28,0.669999999999999,0.4322,0.1873,1.27
2002-04-05,3.49,4.68,5.22,0.6499999999999995,0.4344,0.1866,1.155
2002-04-08,3.51,4.7,5.25,0.6400000000000006,0.4364,0.186,1.095
2002-04-09,3.48,4.67,5.22,0.6399999999999997,0.4385,0.1854,1.087
2002-04-10,3.48,4.68,5.24,0.6399999999999988,0.4406,0.1847,1.08
2002-04-11,3.47,4.66,5.22,0.6299999999999999,0.4427,0.1838,1.019
2002-04-12,3.41,4.6,5.18,0.6099999999999994,0.4448,0.1827,0.904
2002-04-15,3.38,4.57,5.15,0.6100000000000003,0.4469,0.1816,0.898
2002-04-16,3.43,4.62,5.2,0.6100000000000003,0.4489,0.1804,0.893
2002-04-17,3.41,4.64,5.24,0.629999999999999,0.4512,0.1792,0.998
2002-04-18,3.38,4.64,5.23,0.669999999999999,0.4535,0.1783,1.214
2002-04-19,3.36,4.62,5.21,0.6700000000000008,0.4556,0.1776,1.207
2002-04-22,3.37,4.62,5.19,0.6799999999999997,0.4579,0.1768,1.256
2002-04-23,3.39,4.62,5.18,0.6699999999999999,0.46,0.176,1.193
2002-04-24,3.28,4.53,5.11,0.6700000000000008,0.4623,0.175,1.187
2002-04-25,3.25,4.52,5.1,0.6899999999999995,0.4644,0.1746,1.292
2002-04-26,3.22,4.49,5.08,0.6799999999999997,0.4663,0.1744,1.225
2002-04-29,3.26,4.55,5.13,0.71,0.4683,0.1743,1.387
2002-04-30,3.24,4.53,5.11,0.71,0.4704,0.174,1.377
2002-05-01,3.21,4.49,5.08,0.6900000000000004,0.472,0.1741,1.252
2002-05-02,3.25,4.54,5.13,0.7000000000000002,0.4738,0.1741,1.299
2002-05-03,3.17,4.48,5.08,0.7100000000000009,0.4756,0.1742,1.346
2002-05-06,3.19,4.5,5.1,0.7100000000000009,0.4773,0.1744,1.334
2002-05-07,3.14,4.43,5.09,0.629999999999999,0.4784,0.1745,0.869
2002-05-08,3.32,4.58,5.24,0.5999999999999996,0.4795,0.1744,0.691
2002-05-09,3.27,4.53,5.2,0.5900000000000007,0.4806,0.1741,0.628
2002-05-10,3.19,4.46,5.15,0.5800000000000001,0.4817,0.1739,0.565
2002-05-13,3.28,4.54,5.23,0.5700000000000003,0.4827,0.1737,0.503
2002-05-14,3.4,4.64,5.32,0.5599999999999987,0.4849,0.1712,0.439
2002-05-15,3.37,4.59,5.28,0.5299999999999994,0.4869,0.1688,0.255
2002-05-16,3.28,4.52,5.2,0.5599999999999996,0.4889,0.1665,0.427
2002-05-17,3.41,4.6,5.27,0.5199999999999996,0.4906,0.1648,0.178
2002-05-20,3.33,4.53,5.21,0.5200000000000005,0.4921,0.1632,0.171
2002-05-21,3.28,4.49,5.18,0.5200000000000014,0.4937,0.1615,0.163
2002-05-22,3.23,4.43,5.13,0.4999999999999991,0.495,0.1602,0.031
2002-05-23,3.28,4.46,5.16,0.4800000000000004,0.4962,0.159,-0.102
2002-05-24,3.28,4.47,5.16,0.5,0.4973,0.1579,0.017
2002-05-28,3.3,4.46,5.16,0.45999999999999996,0.4984,0.1568,-0.245
2002-05-29,3.24,4.41,5.11,0.46999999999999975,0.4994,0.1559,-0.189
2002-05-30,3.17,4.36,5.06,0.4900000000000011,0.5004,0.1548,-0.067
2002-05-31,3.22,4.37,5.08,0.4399999999999995,0.5012,0.1541,-0.397
2002-06-03,3.19,4.36,5.06,0.4700000000000015,0.502,0.1533,-0.209
2002-06-04,3.13,4.31,5.04,0.4499999999999993,0.5028,0.1525,-0.346
2002-06-05,3.16,4.35,5.08,0.4599999999999991,0.5036,0.1518,-0.287
2002-06-06,3.13,4.3,5.04,0.4299999999999997,0.5044,0.1509,-0.493
2002-06-07,3.16,4.36,5.1,0.46000000000000085,0.5052,0.1502,-0.301
2002-06-10,3.15,4.34,5.07,0.4599999999999991,0.5057,0.1497,-0.305
2002-06-11,3.09,4.29,5.02,0.47000000000000064,0.5065,0.149,-0.245
2002-06-12,3.05,4.24,4.98,0.4500000000000002,0.5072,0.1483,-0.386
2002-06-13,3.0,4.2,4.94,0.45999999999999996,0.5079,0.1477,-0.324
2002-06-14,2.92,4.1,4.83,0.4499999999999993,0.5085,0.1472,-0.397
2002-06-17,2.96,4.14,4.89,0.4299999999999997,0.5089,0.1468,-0.537
2002-06-18,2.93,4.13,4.88,0.4500000000000002,0.5096,0.1461,-0.408
2002-06-19,2.81,4.01,4.76,0.4499999999999993,0.5104,0.1453,-0.416
2002-06-20,2.93,4.11,4.85,0.4400000000000013,0.5112,0.1442,-0.494
2002-06-21,2.88,4.06,4.79,0.4499999999999993,0.5122,0.1429,-0.435
2002-06-24,2.93,4.13,4.87,0.45999999999999996,0.5132,0.1417,-0.375
2002-06-25,2.92,4.13,4.88,0.45999999999999996,0.5143,0.1402,-0.387
2002-06-26,2.77,3.99,4.75,0.46000000000000085,0.5152,0.139,-0.397
2002-06-27,2.85,4.08,4.84,0.47000000000000064,0.5163,0.1375,-0.337
2002-06-28,2.9,4.09,4.86,0.41999999999999904,0.5173,0.1361,-0.715
2002-07-01,2.88,4.08,4.85,0.4300000000000006,0.5183,0.1345,-0.657
2002-07-02,2.78,3.99,4.77,0.4300000000000015,0.5191,0.1332,-0.669
2002-07-03,2.78,4.0,4.78,0.4400000000000004,0.5196,0.1327,-0.6
2002-07-05,2.9,4.13,4.9,0.4599999999999991,0.5204,0.1319,-0.458
2002-07-08,2.84,4.07,4.84,0.46000000000000085,0.5211,0.131,-0.466
2002-07-09,2.74,3.98,4.78,0.4399999999999995,0.5221,0.1293,-0.635
2002-07-10,2.61,3.85,4.66,0.4299999999999997,0.5232,0.1275,-0.731
2002-07-11,2.61,3.86,4.66,0.4499999999999993,0.5241,0.1261,-0.588
2002-07-12,2.56,3.82,4.63,0.4500000000000002,0.525,0.1248,-0.601
2002-07-15,2.55,3.85,4.66,0.4900000000000002,0.526,0.1235,-0.291
2002-07-16,2.66,3.93,4.75,0.4500000000000002,0.5268,0.1223,-0.628
2002-07-17,2.63,3.89,4.71,0.4400000000000004,0.5276,0.1211,-0.723
2002-07-18,2.55,3.82,4.66,0.4299999999999997,0.5283,0.1201,-0.818
2002-07-19,2.48,3.76,4.61,0.4299999999999988,0.529,0.1189,-0.833
2002-07-22,2.4,3.65,4.51,0.39000000000000057,0.5296,0.1178,-1.185
2002-07-23,2.34,3.59,4.47,0.3700000000000001,0.53,0.1169,-1.369
2002-07-24,2.38,3.6,4.49,0.33000000000000007,0.5304,0.1162,-1.725
2002-07-25,2.28,3.51,4.43,0.3100000000000005,0.5306,0.1159,-1.903
2002-07-26,2.2,3.46,4.43,0.29000000000000004,0.5306,0.1157,-2.08
2002-07-29,2.41,3.68,4.62,0.33000000000000007,0.531,0.115,-1.748
2002-07-30,2.44,3.71,4.65,0.33000000000000007,0.5313,0.1142,-1.763
2002-07-31,2.23,3.53,4.51,0.3200000000000003,0.5314,0.1141,-1.853
2002-08-01,2.15,3.46,4.47,0.2999999999999998,0.5314,0.114,-2.03
2002-08-02,1.99,3.27,4.33,0.21999999999999975,0.5312,0.1146,-2.716
2002-08-05,1.93,3.21,4.29,0.20000000000000018,0.5308,0.1155,-2.864
2002-08-06,2.11,3.36,4.42,0.1899999999999995,0.5305,0.1164,-2.925
2002-08-07,1.98,3.24,4.35,0.15000000000000036,0.5299,0.118,-3.219
2002-08-08,2.1,3.35,4.4,0.1999999999999993,0.5294,0.1191,-2.766
2002-08-09,2.1,3.28,4.27,0.1899999999999995,0.5288,0.1203,-2.816
2002-08-12,2.1,3.24,4.22,0.16000000000000103,0.5281,0.122,-3.017
2002-08-13,2.0,3.15,4.12,0.17999999999999972,0.5275,0.1234,-2.816
2002-08-14,2.12,3.19,4.06,0.20000000000000018,0.5264,0.125,-2.611
2002-08-15,2.22,3.28,4.17,0.16999999999999993,0.5251,0.127,-2.796
2002-08-16,2.28,3.41,4.32,0.22000000000000064,0.524,0.1285,-2.366
2002-08-19,2.25,3.4,4.29,0.2599999999999998,0.5231,0.1295,-2.032
2002-08-20,2.12,3.25,4.17,0.20999999999999996,0.5221,0.131,-2.382
2002-08-21,2.12,3.28,4.2,0.23999999999999932,0.5213,0.1321,-2.129
2002-08-22,2.22,3.37,4.3,0.21999999999999975,0.5204,0.1334,-2.252
2002-08-23,2.19,3.31,4.25,0.17999999999999972,0.5192,0.135,-2.513
2002-08-26,2.19,3.29,4.22,0.17000000000000082,0.5181,0.1368,-2.545
2002-08-27,2.26,3.37,4.29,0.1900000000000004,0.5171,0.1382,-2.367
2002-08-28,2.23,3.31,4.22,0.17000000000000082,0.5162,0.1397,-2.478
2002-08-29,2.14,3.24,4.16,0.17999999999999972,0.5152,0.1412,-2.374
2002-08-30,2.14,3.22,4.14,0.16000000000000103,0.5142,0.1428,-2.48
2002-09-03,2.01,3.04,3.98,0.0900000000000003,0.5129,0.1452,-2.913
2002-09-04,2.02,3.02,3.96,0.05999999999999961,0.5116,0.1478,-3.055
2002-09-05,1.95,2.95,3.91,0.040000000000000036,0.5101,0.1506,-3.122
2002-09-06,2.08,3.1,4.05,0.07000000000000028,0.5087,0.1531,-2.865
2002-09-09,2.13,3.11,4.05,0.040000000000000036,0.5071,0.1558,-2.998
2002-09-10,2.12,3.08,4.0,0.040000000000000036,0.5055,0.1585,-2.937
2002-09-11,2.18,3.15,4.07,0.049999999999998934,0.5039,0.1611,-2.818
2002-09-12,2.12,3.07,3.98,0.03999999999999959,0.5023,0.1637,-2.824
2002-09-13,2.07,3.0,3.92,0.010000000000000231,0.5005,0.1666,-2.944
2002-09-16,2.07,3.0,3.9,0.03000000000000025,0.4988,0.1691,-2.772
2002-09-17,2.06,2.97,3.87,0.010000000000000231,0.4972,0.1719,-2.834
2002-09-18,2.04,2.96,3.86,0.020000000000000018,0.4957,0.1744,-2.728
2002-09-19,1.93,2.87,3.79,0.020000000000000462,0.4942,0.1768,-2.682
2002-09-20,1.94,2.86,3.79,-0.010000000000000231,0.4928,0.1794,-2.803
2002-09-23,1.93,2.76,3.7,-0.11000000000000032,0.4912,0.183,-3.285
2002-09-24,1.93,2.76,3.69,-0.10000000000000009,0.4897,0.1863,-3.165
2002-09-25,2.0,2.83,3.77,-0.10999999999999988,0.4882,0.1895,-3.157
2002-09-26,1.97,2.86,3.79,-0.040000000000000036,0.4867,0.1922,-2.74
2002-09-27,1.82,2.74,3.69,-0.029999999999999805,0.4852,0.1947,-2.646
2002-09-30,1.72,2.63,3.63,-0.08999999999999986,0.4835,0.1979,-2.898
2002-10-01,1.8,2.75,3.72,-0.020000000000000018,0.4819,0.2003,-2.506
2002-10-02,1.75,2.74,3.71,0.020000000000000462,0.4804,0.2023,-2.276
2002-10-03,1.75,2.74,3.7,0.03000000000000025,0.4788,0.2043,-2.197
2002-10-04,1.78,2.73,3.69,-0.010000000000000231,0.477,0.2066,-2.357
2002-10-07,1.77,2.67,3.64,-0.07000000000000028,0.475,0.2094,-2.603
2002-10-08,1.8,2.7,3.65,-0.04999999999999938,0.4729,0.212,-2.467
2002-10-09,1.72,2.65,3.61,-0.029999999999999805,0.4707,0.2144,-2.335
2002-10-10,1.75,2.68,3.68,-0.06999999999999984,0.4682,0.217,-2.48
2002-10-11,1.85,2.83,3.83,-0.020000000000000018,0.466,0.2191,-2.218
2002-10-15,2.08,3.11,4.07,0.0699999999999994,0.4644,0.2205,-1.789
2002-10-16,2.02,3.11,4.06,0.13999999999999968,0.4628,0.2214,-1.458
2002-10-17,2.1,3.2,4.16,0.14000000000000057,0.4612,0.2223,-1.445
2002-10-18,2.09,3.17,4.14,0.11000000000000032,0.4597,0.2234,-1.565
2002-10-21,2.23,3.28,4.24,0.08999999999999986,0.4582,0.2246,-1.639
2002-10-22,2.21,3.29,4.27,0.10000000000000053,0.4565,0.2257,-1.58
2002-10-23,2.2,3.26,4.26,0.05999999999999961,0.4547,0.227,-1.739
2002-10-24,2.09,3.18,4.16,0.11000000000000032,0.453,0.228,-1.504
2002-10-25,1.98,3.1,4.12,0.10000000000000053,0.4512,0.229,-1.534
2002-10-28,1.88,3.03,4.1,0.08000000000000007,0.4492,0.23,-1.605
2002-10-29,1.79,2.89,3.97,0.020000000000000018,0.4469,0.2314,-1.845
2002-10-30,1.74,2.87,3.99,0.009999999999999787,0.4446,0.2329,-1.866
2002-10-31,1.68,2.81,3.93,0.010000000000000231,0.4423,0.2343,-1.845
2002-11-01,1.76,2.92,4.01,0.07000000000000028,0.4402,0.2352,-1.574
2002-11-04,1.79,3.0,4.07,0.13999999999999968,0.4385,0.2358,-1.266
2002-11-05,1.82,3.0,4.1,0.08000000000000007,0.4364,0.2367,-1.506
2002-11-06,1.87,3.01,4.09,0.05999999999999961,0.4339,0.2373,-1.576
2002-11-07,1.86,2.86,3.88,-0.020000000000000462,0.4313,0.2387,-1.891
2002-11-08,1.87,2.87,3.85,0.020000000000000018,0.4297,0.2401,-1.706
2002-11-12,1.79,2.83,3.84,0.03000000000000025,0.4283,0.2414,-1.65
2002-11-13,1.76,2.82,3.84,0.040000000000000036,0.4267,0.2426,-1.594
2002-11-14,1.89,3.01,4.03,0.09999999999999964,0.4254,0.2435,-1.336
2002-11-15,1.91,3.05,4.05,0.13999999999999968,0.4242,0.2441,-1.164
2002-11-18,1.91,3.04,4.02,0.15000000000000036,0.4231,0.2448,-1.116
2002-11-19,1.91,3.02,3.99,0.13999999999999968,0.422,0.2454,-1.149
2002-11-20,1.98,3.13,4.08,0.1999999999999993,0.4209,0.2458,-0.899
2002-11-21,2.05,3.2,4.14,0.21000000000000085,0.4196,0.246,-0.852
2002-11-22,2.1,3.26,4.18,0.2400000000000002,0.4186,0.2463,-0.725
2002-11-25,2.09,3.26,4.19,0.23999999999999932,0.4175,0.2464,-0.72
2002-11-26,1.97,3.14,4.08,0.23000000000000043,0.4162,0.2465,-0.755
2002-11-27,2.13,3.34,4.26,0.29000000000000004,0.4151,0.2465,-0.508
2002-11-29,2.08,3.28,4.22,0.2599999999999998,0.414,0.2466,-0.624
2002-12-02,2.07,3.31,4.22,0.33000000000000096,0.4131,0.2464,-0.337
2002-12-03,2.08,3.33,4.24,0.33999999999999986,0.4123,0.2463,-0.294
2002-12-04,2.02,3.25,4.18,0.3000000000000007,0.4113,0.2463,-0.452
2002-12-05,1.97,3.19,4.13,0.28000000000000025,0.4104,0.2464,-0.529
2002-12-06,1.89,3.13,4.09,0.28000000000000025,0.4096,0.2465,-0.526
2002-12-09,1.88,3.08,4.06,0.22000000000000064,0.4086,0.2467,-0.764
2002-12-10,1.9,3.07,4.06,0.1800000000000006,0.4072,0.247,-0.92
2002-12-11,1.85,3.02,4.01,0.17999999999999972,0.4055,0.2471,-0.913
2002-12-12,1.85,3.03,4.01,0.1999999999999993,0.4037,0.2469,-0.825
2002-12-13,1.87,3.08,4.07,0.21999999999999975,0.4022,0.2469,-0.738
2002-12-16,1.94,3.14,4.15,0.1899999999999995,0.4006,0.247,-0.853
2002-12-17,1.89,3.11,4.13,0.20000000000000018,0.3991,0.247,-0.806
2002-12-18,1.81,3.03,4.06,0.1900000000000004,0.3975,0.2471,-0.84
2002-12-19,1.74,2.91,3.96,0.1200000000000001,0.3955,0.2473,-1.114
2002-12-20,1.76,2.93,3.97,0.13000000000000034,0.3935,0.2474,-1.065
2002-12-23,1.79,2.95,3.98,0.13000000000000034,0.3918,0.2477,-1.057
2002-12-24,1.73,2.92,3.95,0.15999999999999925,0.39,0.2478,-0.928
2002-12-26,1.7,2.89,3.93,0.1499999999999999,0.3882,0.2478,-0.961
2002-12-27,1.6,2.79,3.83,0.1499999999999999,0.3865,0.248,-0.954
2002-12-30,1.61,2.76,3.82,0.08999999999999941,0.3844,0.2482,-1.186
2002-12-31,1.61,2.78,3.83,0.11999999999999922,0.3825,0.2484,-1.057
2003-01-02,1.8,3.05,4.07,0.22999999999999954,0.381,0.2482,-0.608
2003-01-03,1.79,3.03,4.05,0.21999999999999975,0.3794,0.2479,-0.643
2003-01-06,1.84,3.1,4.09,0.27000000000000046,0.378,0.2476,-0.436
2003-01-07,1.77,3.04,4.04,0.27000000000000046,0.3766,0.2472,-0.431
2003-01-08,1.71,3.01,4.0,0.3099999999999996,0.3754,0.2467,-0.265
2003-01-09,1.87,3.23,4.19,0.39999999999999947,0.3745,0.2463,0.104
2003-01-10,1.79,3.2,4.16,0.4500000000000002,0.3739,0.2459,0.309
2003-01-13,1.81,3.17,4.15,0.379999999999999,0.3729,0.2454,0.029
2003-01-14,1.76,3.1,4.1,0.34000000000000075,0.3719,0.2449,-0.13
2003-01-15,1.75,3.1,4.1,0.35000000000000053,0.3709,0.2445,-0.085
2003-01-16,1.75,3.11,4.1,0.3700000000000001,0.37,0.2441,0.0
2003-01-17,1.7,3.05,4.05,0.34999999999999964,0.3689,0.2436,-0.078
2003-01-21,1.67,3.0,4.01,0.3200000000000003,0.3678,0.2432,-0.197
2003-01-22,1.66,2.94,3.95,0.2699999999999996,0.3664,0.2428,-0.397
2003-01-23,1.69,2.97,3.98,0.27,0.3651,0.2423,-0.392
2003-01-24,1.66,2.93,3.94,0.26000000000000023,0.3637,0.2419,-0.429
2003-01-27,1.7,2.97,3.98,0.26000000000000023,0.3623,0.2416,-0.423
2003-01-28,1.7,2.99,4.0,0.28000000000000025,0.3612,0.2412,-0.337
2003-01-29,1.77,3.07,4.06,0.3099999999999996,0.3598,0.2406,-0.207
2003-01-30,1.7,3.02,4.0,0.33999999999999986,0.3586,0.2399,-0.078
2003-01-31,1.72,3.02,4.0,0.3200000000000003,0.3573,0.2393,-0.156
2003-02-03,1.72,3.05,4.01,0.3700000000000001,0.3562,0.2385,0.058
2003-02-04,1.68,2.99,3.96,0.34000000000000075,0.3551,0.2379,-0.063
2003-02-05,1.73,3.07,4.02,0.39000000000000057,0.3541,0.2373,0.151
2003-02-06,1.68,3.02,3.97,0.3900000000000001,0.3531,0.2365,0.156
2003-02-07,1.63,2.97,3.96,0.35000000000000053,0.3518,0.2357,-0.008
2003-02-10,1.68,3.03,3.99,0.3899999999999997,0.3506,0.2347,0.168
2003-02-11,1.65,3.0,3.98,0.36999999999999966,0.3491,0.2334,0.09
2003-02-12,1.62,2.92,3.93,0.2899999999999996,0.3475,0.2323,-0.248
2003-02-13,1.57,2.85,3.89,0.23999999999999977,0.3456,0.2312,-0.457
2003-02-14,1.62,2.91,3.95,0.25,0.3437,0.2301,-0.407
2003-02-18,1.66,2.92,3.94,0.23999999999999977,0.3419,0.2291,-0.445
2003-02-19,1.61,2.87,3.88,0.25,0.3402,0.2282,-0.395
2003-02-20,1.59,2.82,3.85,0.19999999999999973,0.3382,0.2271,-0.609
2003-02-21,1.63,2.86,3.9,0.18999999999999995,0.3362,0.2262,-0.646
2003-02-24,1.6,2.82,3.86,0.17999999999999927,0.3342,0.2253,-0.684
2003-02-25,1.58,2.77,3.81,0.1499999999999999,0.3321,0.2247,-0.81
2003-02-26,1.57,2.75,3.78,0.1499999999999999,0.3302,0.2241,-0.804
2003-02-27,1.58,2.75,3.76,0.16000000000000014,0.3282,0.2234,-0.753
2003-02-28,1.53,2.69,3.71,0.13999999999999968,0.3262,0.2228,-0.836
2003-03-03,1.52,2.66,3.68,0.1200000000000001,0.3246,0.2229,-0.918
2003-03-04,1.49,2.62,3.65,0.10000000000000009,0.3227,0.2226,-1.0
2003-03-05,1.46,2.58,3.63,0.07000000000000028,0.3202,0.2219,-1.128
2003-03-06,1.47,2.63,3.67,0.1200000000000001,0.3183,0.2216,-0.895
2003-03-07,1.39,2.56,3.63,0.10000000000000053,0.3162,0.2212,-0.977
2003-03-10,1.35,2.51,3.59,0.07999999999999963,0.3142,0.2211,-1.059
2003-03-11,1.38,2.54,3.6,0.10000000000000009,0.3118,0.22,-0.963
2003-03-12,1.45,2.57,3.6,0.08999999999999941,0.3097,0.2196,-1.0
2003-03-13,1.59,2.75,3.74,0.16999999999999993,0.3079,0.2189,-0.63
2003-03-14,1.56,2.72,3.72,0.16000000000000014,0.3061,0.2182,-0.67
2003-03-17,1.63,2.82,3.82,0.18999999999999995,0.3044,0.2175,-0.526
2003-03-18,1.72,2.93,3.91,0.23000000000000043,0.3029,0.2166,-0.337
2003-03-19,1.72,2.98,3.98,0.26000000000000023,0.3014,0.2157,-0.192
2003-03-20,1.75,3.02,4.01,0.28000000000000025,0.3002,0.2149,-0.094
2003-03-21,1.8,3.12,4.11,0.33000000000000007,0.2992,0.2141,0.144
2003-03-24,1.71,2.98,3.98,0.27,0.2977,0.2131,-0.13
2003-03-25,1.69,2.97,3.97,0.2799999999999998,0.2963,0.212,-0.077
2003-03-26,1.68,2.94,3.96,0.2400000000000002,0.2948,0.211,-0.26
2003-03-27,1.62,2.92,3.95,0.2699999999999996,0.2933,0.2098,-0.111
2003-03-28,1.56,2.86,3.92,0.2400000000000002,0.2915,0.2084,-0.247
2003-03-31,1.51,2.78,3.83,0.21999999999999975,0.2897,0.207,-0.337
2003-04-01,1.5,2.78,3.84,0.21999999999999975,0.2879,0.2055,-0.33
2003-04-02,1.6,2.89,3.94,0.23999999999999977,0.2861,0.2041,-0.226
2003-04-03,1.55,2.87,3.93,0.26000000000000023,0.2844,0.2025,-0.12
2003-04-04,1.55,2.88,3.96,0.25,0.2827,0.201,-0.163
2003-04-07,1.65,2.99,4.03,0.2999999999999998,0.2813,0.1995,0.094
2003-04-08,1.59,2.91,3.95,0.28000000000000025,0.2798,0.1981,0.001
2003-04-09,1.55,2.87,3.93,0.26000000000000023,0.2783,0.1968,-0.093
2003-04-10,1.6,2.89,3.95,0.22999999999999954,0.2767,0.1955,-0.239
2003-04-11,1.65,2.95,4.0,0.25,0.2751,0.1942,-0.129
2003-04-14,1.74,3.02,4.04,0.2599999999999998,0.2737,0.1929,-0.071
2003-04-15,1.69,2.96,3.98,0.25000000000000044,0.2722,0.1917,-0.116
2003-04-16,1.67,2.95,3.96,0.27000000000000046,0.2709,0.1905,-0.005
2003-04-17,1.71,2.99,3.98,0.2900000000000005,0.2696,0.1893,0.108
2003-04-21,1.71,3.03,4.0,0.34999999999999964,0.2685,0.188,0.434
2003-04-22,1.7,3.01,4.01,0.3099999999999996,0.2671,0.1863,0.23
2003-04-23,1.7,3.02,4.02,0.3200000000000003,0.2657,0.1846,0.294
2003-04-24,1.62,2.92,3.93,0.2899999999999996,0.2641,0.1827,0.142
2003-04-25,1.57,2.88,3.91,0.27999999999999936,0.2626,0.1809,0.096
2003-04-28,1.59,2.9,3.92,0.29000000000000004,0.2611,0.179,0.161
2003-04-29,1.62,2.94,3.96,0.2999999999999998,0.2595,0.177,0.229
2003-04-30,1.51,2.85,3.89,0.30000000000000027,0.258,0.175,0.24
2003-05-01,1.5,2.82,3.88,0.2599999999999998,0.2562,0.1727,0.022
2003-05-02,1.56,2.9,3.94,0.30000000000000027,0.2546,0.1703,0.267
2003-05-05,1.55,2.87,3.92,0.27000000000000046,0.2529,0.168,0.102
2003-05-06,1.45,2.76,3.84,0.22999999999999954,0.2511,0.1657,-0.127
2003-05-07,1.45,2.64,3.72,0.10999999999999988,0.2487,0.1633,-0.849
2003-05-08,1.49,2.62,3.7,0.04999999999999982,0.2461,0.1612,-1.217
2003-05-09,1.45,2.61,3.69,0.07999999999999963,0.2439,0.1597,-1.026
2003-05-12,1.46,2.58,3.64,0.06000000000000005,0.2417,0.1585,-1.146
2003-05-13,1.47,2.58,3.63,0.0600000000000005,0.2396,0.1574,-1.141
2003-05-14,1.41,2.47,3.53,4.440892098500626e-16,0.2373,0.1566,-1.515
2003-05-15,1.46,2.52,3.53,0.050000000000000266,0.2353,0.1556,-1.191
2003-05-16,1.38,2.43,3.46,0.020000000000000462,0.2331,0.1549,-1.376
2003-05-19,1.35,2.41,3.46,0.010000000000000231,0.2311,0.1544,-1.432
2003-05-20,1.31,2.34,3.38,-0.010000000000000231,0.2288,0.1537,-1.554
2003-05-21,1.38,2.37,3.39,-0.029999999999999805,0.2266,0.1534,-1.673
2003-05-22,1.36,2.32,3.34,-0.0600000000000005,0.2243,0.1534,-1.853
2003-05-23,1.38,2.33,3.34,-0.05999999999999961,0.222,0.1533,-1.84
2003-05-27,1.33,2.34,3.41,-0.0600000000000005,0.2198,0.1533,-1.825
2003-05-28,1.35,2.35,3.44,-0.08999999999999986,0.2175,0.1536,-2.002
2003-05-29,1.3,2.27,3.34,-0.09999999999999964,0.2152,0.1539,-2.048
2003-05-30,1.33,2.3,3.37,-0.10000000000000053,0.2129,0.1544,-2.027
2003-06-02,1.33,2.37,3.43,-0.020000000000000018,0.211,0.1542,-1.498
2003-06-03,1.2,2.25,3.34,-0.040000000000000036,0.2089,0.154,-1.616
2003-06-04,1.2,2.19,3.3,-0.1200000000000001,0.2067,0.1547,-2.112
2003-06-05,1.25,2.25,3.34,-0.08999999999999986,0.2044,0.1549,-1.901
2003-06-06,1.27,2.29,3.37,-0.06000000000000005,0.2024,0.155,-1.693
2003-06-09,1.19,2.2,3.29,-0.07999999999999963,0.2003,0.1552,-1.806
2003-06-10,1.13,2.12,3.2,-0.08999999999999986,0.1982,0.1556,-1.852
2003-06-11,1.16,2.16,3.21,-0.04999999999999982,0.1962,0.1555,-1.583
2003-06-12,1.13,2.1,3.18,-0.10999999999999988,0.1939,0.1558,-1.951
2003-06-13,1.1,2.08,3.13,-0.06999999999999984,0.1918,0.1557,-1.681
2003-06-16,1.18,2.14,3.18,-0.07999999999999963,0.1897,0.1558,-1.731
2003-06-17,1.25,2.26,3.27,-4.440892098500626e-16,0.1879,0.1553,-1.21
2003-06-18,1.27,2.34,3.37,0.03999999999999959,0.1862,0.1547,-0.945
2003-06-19,1.17,2.28,3.35,0.03999999999999959,0.1847,0.1542,-0.938
2003-06-20,1.22,2.31,3.4,4.440892098500626e-16,0.1829,0.1537,-1.19
2003-06-23,1.17,2.24,3.32,-0.009999999999999343,0.1811,0.1532,-1.247
2003-06-24,1.14,2.21,3.29,-0.009999999999999787,0.1793,0.1528,-1.239
2003-06-25,1.3,2.32,3.38,-0.040000000000000036,0.1773,0.1525,-1.425
2003-06-26,1.41,2.49,3.55,0.020000000000000462,0.1756,0.1517,-1.026
2003-06-27,1.38,2.52,3.58,0.08000000000000007,0.1741,0.1508,-0.624
2003-06-30,1.32,2.46,3.54,0.05999999999999961,0.1725,0.1499,-0.751
2003-07-01,1.3,2.48,3.56,0.10000000000000009,0.171,0.1488,-0.477
2003-07-02,1.3,2.47,3.56,0.08000000000000052,0.1697,0.148,-0.606
2003-07-03,1.32,2.55,3.67,0.10999999999999943,0.1684,0.1472,-0.397
2003-07-07,1.36,2.63,3.74,0.15999999999999925,0.1673,0.1462,-0.05
2003-07-08,1.39,2.65,3.75,0.16000000000000014,0.1662,0.1452,-0.043
2003-07-09,1.37,2.63,3.73,0.1599999999999997,0.165,0.144,-0.035
2003-07-10,1.33,2.59,3.7,0.14999999999999947,0.1638,0.1428,-0.097
2003-07-11,1.29,2.52,3.66,0.08999999999999986,0.1624,0.1418,-0.511
2003-07-14,1.35,2.6,3.74,0.10999999999999988,0.1612,0.1408,-0.364
2003-07-15,1.45,2.81,3.94,0.22999999999999998,0.1603,0.1397,0.499
2003-07-16,1.49,2.87,3.97,0.2799999999999998,0.1596,0.1387,0.868
2003-07-17,1.47,2.88,3.98,0.31000000000000005,0.1589,0.1375,1.099
2003-07-18,1.51,2.93,4.0,0.35000000000000053,0.1585,0.1368,1.4
2003-07-21,1.61,3.1,4.19,0.39999999999999947,0.1583,0.1364,1.772
2003-07-22,1.57,3.07,4.17,0.39999999999999947,0.1582,0.1362,1.775
2003-07-23,1.54,3.04,4.12,0.41999999999999993,0.1582,0.1361,1.924
2003-07-24,1.54,3.08,4.2,0.41999999999999993,0.1583,0.1364,1.919
2003-07-25,1.52,3.1,4.22,0.45999999999999996,0.1587,0.137,2.199
2003-07-28,1.61,3.21,4.31,0.5,0.1593,0.1383,2.463
2003-07-29,1.67,3.33,4.42,0.5700000000000003,0.1604,0.1404,2.917
2003-07-30,1.64,3.27,4.34,0.5600000000000005,0.1614,0.1424,2.799
2003-07-31,1.8,3.38,4.49,0.46999999999999975,0.162,0.1433,2.149
2003-08-01,1.85,3.37,4.44,0.4500000000000002,0.1625,0.1441,1.995
2003-08-04,1.71,3.24,4.35,0.4200000000000008,0.1629,0.1446,1.778
2003-08-05,1.88,3.37,4.47,0.39000000000000057,0.1632,0.1451,1.563
2003-08-06,1.78,3.25,4.32,0.39999999999999947,0.1639,0.1458,1.619
2003-08-07,1.74,3.19,4.3,0.33999999999999986,0.1645,0.1462,1.2
2003-08-08,1.72,3.17,4.27,0.35000000000000053,0.1651,0.1467,1.26
2003-08-11,1.81,3.26,4.38,0.3299999999999992,0.1658,0.147,1.117
2003-08-12,1.71,3.23,4.37,0.3799999999999999,0.1665,0.1476,1.446
2003-08-13,1.86,3.43,4.58,0.41999999999999993,0.1675,0.1485,1.7
2003-08-14,1.86,3.42,4.55,0.4299999999999997,0.1685,0.1494,1.75
2003-08-15,1.85,3.42,4.55,0.4400000000000004,0.1696,0.1504,1.798
2003-08-18,1.87,3.37,4.49,0.3799999999999999,0.1703,0.151,1.389
2003-08-19,1.81,3.27,4.38,0.35000000000000053,0.171,0.1514,1.182
2003-08-20,1.84,3.35,4.45,0.41000000000000014,0.1717,0.1521,1.567
2003-08-21,1.98,3.51,4.53,0.5099999999999989,0.1727,0.1535,2.197
2003-08-22,1.97,3.47,4.48,0.4900000000000002,0.1738,0.1548,2.043
2003-08-25,2.02,3.52,4.53,0.4899999999999993,0.1748,0.156,2.021
2003-08-26,1.96,3.5,4.5,0.54,0.1761,0.1577,2.308
2003-08-27,2.05,3.55,4.54,0.5099999999999998,0.1774,0.1591,2.091
2003-08-28,1.93,3.42,4.42,0.4900000000000002,0.1787,0.1603,1.942
2003-08-29,1.95,3.46,4.45,0.5199999999999996,0.18,0.1617,2.103
2003-09-02,2.04,3.63,4.61,0.6099999999999994,0.1817,0.164,2.612
2003-09-03,2.02,3.61,4.6,0.5999999999999996,0.1834,0.1661,2.508
2003-09-04,1.91,3.5,4.52,0.5700000000000003,0.185,0.1678,2.294
2003-09-05,1.72,3.28,4.35,0.4900000000000002,0.1866,0.1688,1.797
2003-09-08,1.75,3.32,4.41,0.47999999999999954,0.1883,0.1696,1.72
2003-09-09,1.71,3.28,4.37,0.47999999999999954,0.19,0.1704,1.702
2003-09-10,1.64,3.18,4.28,0.4400000000000004,0.1915,0.1709,1.454
2003-09-11,1.71,3.24,4.35,0.4200000000000008,0.193,0.1712,1.326
2003-09-12,1.66,3.15,4.27,0.3700000000000001,0.1943,0.1713,1.026
2003-09-15,1.63,3.12,4.28,0.33000000000000007,0.1954,0.1713,0.786
2003-09-16,1.63,3.12,4.29,0.3200000000000003,0.1965,0.1712,0.721
2003-09-17,1.63,3.06,4.2,0.29000000000000004,0.1977,0.1709,0.54
2003-09-18,1.68,3.09,4.19,0.3099999999999996,0.1988,0.1707,0.651
2003-09-19,1.7,3.11,4.17,0.34999999999999964,0.2001,0.1705,0.879
2003-09-22,1.7,3.16,4.26,0.3600000000000003,0.2015,0.1705,0.93
2003-09-23,1.68,3.13,4.24,0.33999999999999986,0.2027,0.1703,0.806
2003-09-24,1.66,3.07,4.16,0.3199999999999994,0.204,0.1699,0.683
2003-09-25,1.65,3.05,4.12,0.3299999999999992,0.2058,0.1689,0.735
2003-09-26,1.6,2.95,4.04,0.2600000000000007,0.2072,0.1679,0.314
2003-09-29,1.61,2.98,4.09,0.2599999999999998,0.2087,0.1667,0.308
2003-09-30,1.5,2.85,3.96,0.2400000000000002,0.2098,0.166,0.182
2003-10-01,1.47,2.84,3.96,0.25,0.2109,0.1653,0.237
2003-10-02,1.48,2.9,4.03,0.29000000000000004,0.2124,0.1643,0.472
2003-10-03,1.65,3.12,4.21,0.3799999999999999,0.214,0.1639,1.013
2003-10-06,1.6,3.06,4.17,0.34999999999999964,0.2153,0.1637,0.823
2003-10-07,1.67,3.15,4.27,0.3600000000000003,0.2166,0.1635,0.877
2003-10-08,1.65,3.14,4.27,0.3600000000000012,0.2181,0.1631,0.87
2003-10-09,1.69,3.17,4.32,0.33000000000000007,0.2197,0.1623,0.68
2003-10-10,1.65,3.15,4.29,0.3600000000000003,0.2213,0.1616,0.858
2003-10-14,1.73,3.23,4.37,0.3600000000000003,0.2229,0.1611,0.851
2003-10-15,1.79,3.3,4.43,0.3799999999999999,0.2246,0.1603,0.969
2003-10-16,1.96,3.4,4.47,0.3700000000000001,0.2262,0.1598,0.9
2003-10-17,1.9,3.33,4.41,0.34999999999999964,0.2273,0.1597,0.768
2003-10-20,1.88,3.33,4.41,0.3700000000000001,0.2282,0.1598,0.887
2003-10-21,1.89,3.31,4.38,0.35000000000000053,0.229,0.1599,0.757
2003-10-22,1.8,3.21,4.29,0.33000000000000007,0.2299,0.1599,0.626
2003-10-23,1.84,3.24,4.34,0.3000000000000007,0.2308,0.1597,0.433
2003-10-24,1.76,3.13,4.24,0.2599999999999998,0.2314,0.1595,0.179
2003-10-27,1.83,3.21,4.3,0.29000000000000004,0.2323,0.1592,0.362
2003-10-28,1.71,3.11,4.23,0.27999999999999936,0.233,0.159,0.296
2003-10-29,1.79,3.2,4.31,0.3000000000000007,0.2338,0.1588,0.417
2003-10-30,1.86,3.29,4.36,0.35999999999999943,0.2349,0.1587,0.788
2003-10-31,1.85,3.27,4.33,0.35999999999999943,0.2362,0.1583,0.782
2003-11-03,1.9,3.34,4.4,0.379999999999999,0.2377,0.158,0.901
2003-11-04,1.86,3.28,4.33,0.3699999999999992,0.2391,0.1575,0.831
2003-11-05,1.94,3.35,4.38,0.3799999999999999,0.2404,0.1574,0.887
2003-11-06,2.01,3.43,4.45,0.40000000000000036,0.2414,0.1576,1.006
2003-11-07,2.04,3.47,4.48,0.41999999999999993,0.2427,0.1577,1.124
2003-11-10,2.06,3.49,4.49,0.4299999999999997,0.2442,0.1577,1.178
2003-11-12,2.05,3.45,4.44,0.41000000000000014,0.2459,0.1571,1.045
2003-11-13,1.92,3.29,4.3,0.3600000000000003,0.2473,0.1566,0.72
2003-11-14,1.84,3.19,4.22,0.3200000000000003,0.2484,0.1561,0.459
2003-11-17,1.8,3.14,4.18,0.3000000000000007,0.2494,0.1556,0.325
2003-11-18,1.83,3.14,4.17,0.28000000000000025,0.2502,0.1553,0.192
2003-11-19,1.9,3.22,4.24,0.3000000000000007,0.2508,0.1552,0.317
2003-11-20,1.83,3.14,4.16,0.29000000000000004,0.2513,0.1551,0.25
2003-11-21,1.84,3.15,4.15,0.3099999999999996,0.252,0.155,0.374
2003-11-24,1.94,3.24,4.23,0.3100000000000005,0.2525,0.155,0.371
2003-11-25,1.89,3.2,4.19,0.3200000000000003,0.2529,0.155,0.433
2003-11-26,1.97,3.27,4.25,0.3200000000000003,0.2532,0.155,0.431
2003-11-28,2.06,3.38,4.34,0.35999999999999943,0.2537,0.1552,0.685
2003-12-01,2.12,3.46,4.4,0.39999999999999947,0.2544,0.1555,0.936
2003-12-02,2.07,3.43,4.38,0.41000000000000103,0.2548,0.1558,0.996
2003-12-03,2.09,3.46,4.41,0.41999999999999993,0.2555,0.1561,1.054
2003-12-04,2.06,3.42,4.38,0.39999999999999947,0.2558,0.1563,0.923
2003-12-05,1.88,3.23,4.23,0.34999999999999964,0.2558,0.1563,0.603
2003-12-08,1.94,3.28,4.29,0.3299999999999992,0.2559,0.1564,0.474
2003-12-09,1.97,3.33,4.32,0.3700000000000001,0.2563,0.1565,0.727
2003-12-10,1.94,3.28,4.3,0.3199999999999994,0.2564,0.1566,0.406
2003-12-11,1.83,3.21,4.27,0.3200000000000003,0.2568,0.1566,0.404
2003-12-12,1.84,3.23,4.26,0.3600000000000003,0.2575,0.1567,0.654
2003-12-15,1.88,3.26,4.28,0.35999999999999943,0.2583,0.1567,0.649
2003-12-16,1.83,3.21,4.24,0.34999999999999964,0.2588,0.1568,0.582
2003-12-17,1.83,3.18,4.19,0.33999999999999986,0.2593,0.1568,0.515
2003-12-18,1.85,3.17,4.16,0.33000000000000007,0.2599,0.1568,0.447
2003-12-19,1.82,3.16,4.15,0.34999999999999964,0.2605,0.1569,0.57
2003-12-22,1.84,3.19,4.18,0.3600000000000003,0.2612,0.157,0.629
2003-12-23,1.96,3.3,4.28,0.35999999999999943,0.2621,0.1568,0.624
2003-12-24,1.83,3.2,4.2,0.3700000000000001,0.2631,0.1567,0.682
2003-12-26,1.82,3.17,4.17,0.34999999999999964,0.2639,0.1566,0.55
2003-12-29,1.86,3.23,4.24,0.35999999999999943,0.2647,0.1566,0.609
2003-12-30,1.86,3.26,4.29,0.3699999999999992,0.2656,0.1566,0.667
2003-12-31,1.84,3.25,4.27,0.39000000000000057,0.2665,0.1566,0.789
2004-01-02,1.94,3.36,4.38,0.39999999999999947,0.2678,0.1564,0.845
2004-01-05,1.95,3.39,4.41,0.41999999999999993,0.269,0.1564,0.965
2004-01-06,1.84,3.26,4.29,0.3899999999999997,0.2696,0.1566,0.769
2004-01-07,1.84,3.25,4.27,0.39000000000000057,0.2703,0.1567,0.764
2004-01-08,1.85,3.24,4.27,0.3600000000000012,0.2706,0.1568,0.57
2004-01-09,1.68,3.05,4.11,0.3099999999999996,0.2708,0.1569,0.25
2004-01-12,1.68,3.04,4.11,0.29000000000000004,0.2707,0.1569,0.123
2004-01-13,1.63,2.98,4.05,0.28000000000000025,0.2702,0.1566,0.063
2004-01-14,1.65,2.96,4.01,0.2599999999999998,0.2695,0.1562,-0.061
2004-01-15,1.67,2.97,3.99,0.28000000000000025,0.2691,0.1561,0.07
2004-01-16,1.7,3.03,4.04,0.3199999999999994,0.269,0.156,0.327
2004-01-20,1.69,3.05,4.08,0.33000000000000007,0.2689,0.156,0.392
2004-01-21,1.69,3.02,4.05,0.2999999999999998,0.2687,0.1559,0.201
2004-01-22,1.66,2.96,3.99,0.2699999999999996,0.2683,0.1558,0.011
2004-01-23,1.71,3.06,4.09,0.3200000000000003,0.2683,0.1558,0.332
2004-01-26,1.75,3.13,4.16,0.34999999999999964,0.2687,0.1559,0.521
2004-01-27,1.7,3.07,4.11,0.3299999999999992,0.2689,0.1559,0.392
2004-01-28,1.87,3.22,4.22,0.35000000000000053,0.2692,0.156,0.518
2004-01-29,1.88,3.22,4.22,0.34000000000000075,0.2696,0.1561,0.451
2004-01-30,1.84,3.17,4.16,0.33999999999999986,0.2698,0.1561,0.45
2004-02-02,1.83,3.18,4.18,0.35000000000000053,0.27,0.1562,0.512
2004-02-03,1.78,3.12,4.13,0.33000000000000007,0.2699,0.1562,0.385
2004-02-04,1.8,3.15,4.15,0.34999999999999964,0.27,0.1562,0.512
2004-02-05,1.85,3.21,4.2,0.3700000000000001,0.27,0.1562,0.64
2004-02-06,1.77,3.12,4.12,0.35000000000000053,0.2701,0.1563,0.511
2004-02-09,1.76,3.08,4.09,0.3100000000000005,0.2698,0.1561,0.258
2004-02-10,1.82,3.13,4.13,0.3099999999999996,0.2694,0.1559,0.26
2004-02-11,1.73,3.03,4.05,0.28000000000000025,0.2692,0.1558,0.069
2004-02-12,1.75,3.07,4.1,0.29000000000000004,0.2688,0.1557,0.136
2004-02-13,1.7,3.01,4.05,0.2699999999999996,0.2684,0.1555,0.01
2004-02-17,1.7,3.02,4.05,0.29000000000000004,0.2684,0.1555,0.139
2004-02-18,1.72,3.03,4.05,0.29000000000000004,0.2686,0.1555,0.138
2004-02-19,1.7,3.02,4.05,0.29000000000000004,0.2687,0.1555,0.137
2004-02-20,1.75,3.08,4.1,0.3100000000000005,0.269,0.1555,0.264
2004-02-23,1.69,3.03,4.05,0.3199999999999994,0.2693,0.1556,0.326
2004-02-24,1.69,3.01,4.04,0.29000000000000004,0.2696,0.1555,0.131
2004-02-25,1.67,2.98,4.02,0.27000000000000046,0.27,0.1554,0.0
2004-02-26,1.69,3.01,4.05,0.28000000000000025,0.2704,0.1553,0.062
2004-02-27,1.66,3.01,3.99,0.3699999999999992,0.2712,0.1553,0.636
2004-03-01,1.67,2.98,4.0,0.29000000000000004,0.2718,0.1551,0.117
2004-03-02,1.74,3.04,4.05,0.29000000000000004,0.2723,0.1549,0.114
2004-03-03,1.74,3.06,4.07,0.3099999999999996,0.273,0.1547,0.239
2004-03-04,1.73,3.02,4.04,0.27000000000000046,0.2736,0.1544,-0.023
2004-03-05,1.57,2.81,3.85,0.19999999999999973,0.274,0.1541,-0.48
2004-03-08,1.52,2.74,3.78,0.1800000000000006,0.2744,0.1537,-0.614
2004-03-09,1.51,2.68,3.73,0.12000000000000055,0.2744,0.1537,-1.005
2004-03-10,1.54,2.71,3.74,0.13999999999999968,0.2746,0.1535,-0.877
2004-03-11,1.52,2.72,3.74,0.18000000000000016,0.275,0.1531,-0.621
2004-03-12,1.54,2.73,3.78,0.14000000000000012,0.2751,0.153,-0.883
2004-03-15,1.56,2.74,3.78,0.14000000000000057,0.2753,0.1528,-0.885
2004-03-16,1.51,2.65,3.7,0.08999999999999986,0.275,0.1531,-1.208
2004-03-17,1.53,2.66,3.71,0.08000000000000007,0.2747,0.1534,-1.269
2004-03-18,1.55,2.72,3.76,0.13000000000000078,0.2744,0.1536,-0.94
2004-03-19,1.56,2.75,3.8,0.14000000000000012,0.2741,0.1538,-0.872
2004-03-22,1.52,2.69,3.74,0.11999999999999966,0.2735,0.1541,-0.996
2004-03-23,1.52,2.69,3.73,0.1299999999999999,0.2729,0.1543,-0.926
2004-03-24,1.5,2.68,3.73,0.13000000000000034,0.2721,0.1546,-0.919
2004-03-25,1.51,2.7,3.75,0.14000000000000057,0.2716,0.1548,-0.85
2004-03-26,1.59,2.81,3.85,0.18000000000000016,0.2712,0.1549,-0.589
2004-03-29,1.63,2.86,3.91,0.17999999999999972,0.271,0.155,-0.587
2004-03-30,1.63,2.86,3.91,0.17999999999999972,0.2706,0.1551,-0.584
2004-03-31,1.6,2.8,3.86,0.13999999999999968,0.2702,0.1553,-0.838
2004-04-01,1.65,2.87,3.91,0.17999999999999972,0.2701,0.1554,-0.58
2004-04-02,1.86,3.15,4.15,0.28999999999999915,0.2704,0.1553,0.126
2004-04-05,1.91,3.24,4.24,0.33000000000000007,0.2707,0.1554,0.382
2004-04-06,1.86,3.19,4.19,0.3299999999999992,0.271,0.1554,0.38
2004-04-07,1.87,3.19,4.19,0.3199999999999994,0.2713,0.1554,0.313
2004-04-08,1.88,3.22,4.21,0.35000000000000053,0.2715,0.1555,0.505
2004-04-12,1.91,3.26,4.25,0.35999999999999943,0.2718,0.1556,0.567
2004-04-13,2.01,3.37,4.35,0.3800000000000008,0.2723,0.1558,0.691
2004-04-14,2.13,3.44,4.4,0.34999999999999964,0.2727,0.1558,0.496
2004-04-15,2.1,3.45,4.42,0.3800000000000008,0.2733,0.156,0.684
2004-04-16,2.03,3.39,4.37,0.3799999999999999,0.2737,0.1561,0.681
2004-04-19,2.07,3.42,4.39,0.3799999999999999,0.2742,0.1562,0.677
2004-04-20,2.11,3.45,4.43,0.3600000000000012,0.2746,0.1563,0.546
2004-04-21,2.22,3.52,4.45,0.3700000000000001,0.2749,0.1564,0.608
2004-04-22,2.15,3.46,4.4,0.3699999999999992,0.275,0.1565,0.607
2004-04-23,2.29,3.58,4.48,0.3899999999999997,0.2753,0.1566,0.732
2004-04-26,2.28,3.57,4.46,0.39999999999999947,0.2756,0.1568,0.793
2004-04-27,2.21,3.52,4.43,0.40000000000000036,0.2761,0.157,0.789
2004-04-28,2.3,3.6,4.5,0.40000000000000036,0.2765,0.1572,0.786
2004-04-29,2.34,3.66,4.55,0.4300000000000006,0.2771,0.1575,0.971
2004-04-30,2.31,3.63,4.53,0.41999999999999904,0.2776,0.1577,0.903
2004-05-03,2.34,3.63,4.53,0.3899999999999997,0.2779,0.1579,0.71
2004-05-04,2.32,3.66,4.56,0.4400000000000004,0.2787,0.1582,1.02
2004-05-05,2.34,3.71,4.61,0.46999999999999975,0.2793,0.1587,1.202
2004-05-06,2.39,3.72,4.63,0.4200000000000008,0.2799,0.1589,0.882
2004-05-07,2.64,3.96,4.79,0.4899999999999993,0.281,0.1594,1.311
2004-05-10,2.61,3.95,4.81,0.4800000000000013,0.2824,0.1596,1.238
2004-05-11,2.61,3.94,4.79,0.47999999999999954,0.2841,0.1594,1.229
2004-05-12,2.62,3.96,4.83,0.46999999999999975,0.2857,0.1593,1.157
2004-05-13,2.67,4.01,4.85,0.5,0.2874,0.1592,1.335
2004-05-14,2.59,3.92,4.79,0.45999999999999996,0.289,0.1589,1.076
2004-05-17,2.51,3.83,4.7,0.4500000000000002,0.2908,0.1582,1.006
2004-05-18,2.58,3.87,4.74,0.41999999999999993,0.2923,0.1576,0.81
2004-05-19,2.61,3.93,4.79,0.45999999999999996,0.294,0.1571,1.057
2004-05-20,2.55,3.86,4.72,0.4500000000000002,0.2958,0.1563,0.987
2004-05-21,2.6,3.91,4.76,0.46000000000000085,0.2976,0.1555,1.044
2004-05-24,2.59,3.9,4.75,0.45999999999999996,0.2996,0.1544,1.039
2004-05-25,2.58,3.89,4.73,0.46999999999999975,0.3017,0.1531,1.099
2004-05-26,2.52,3.81,4.67,0.4299999999999997,0.3036,0.1516,0.834
2004-05-27,2.46,3.74,4.6,0.4200000000000008,0.3055,0.15,0.763
2004-05-28,2.54,3.81,4.66,0.41999999999999993,0.3075,0.1481,0.76
2004-06-01,2.6,3.86,4.71,0.40999999999999925,0.3096,0.146,0.688
2004-06-02,2.65,3.91,4.74,0.4299999999999997,0.3117,0.1438,0.823
2004-06-03,2.63,3.89,4.71,0.4400000000000004,0.3135,0.1425,0.888
2004-06-04,2.7,3.97,4.78,0.45999999999999996,0.3155,0.1411,1.024
2004-06-07,2.67,3.95,4.78,0.4500000000000002,0.3177,0.1386,0.955
2004-06-08,2.73,3.96,4.78,0.40999999999999925,0.3197,0.1363,0.663
2004-06-09,2.79,4.01,4.82,0.40999999999999925,0.3216,0.1343,0.658
2004-06-10,2.81,4.0,4.81,0.3799999999999999,0.3234,0.1319,0.429
2004-06-14,2.97,4.1,4.89,0.33999999999999897,0.3251,0.1293,0.115
2004-06-15,2.77,3.9,4.69,0.33999999999999897,0.3267,0.1271,0.105
2004-06-16,2.84,3.96,4.74,0.33999999999999986,0.3285,0.1241,0.093
2004-06-17,2.81,3.93,4.71,0.34000000000000075,0.3301,0.1215,0.081
2004-06-18,2.81,3.94,4.72,0.35000000000000053,0.3318,0.1187,0.153
2004-06-21,2.8,3.91,4.7,0.3200000000000003,0.3331,0.1168,-0.112
2004-06-22,2.8,3.92,4.72,0.3200000000000003,0.3342,0.1153,-0.123
2004-06-23,2.78,3.9,4.71,0.3099999999999996,0.3352,0.1138,-0.221
2004-06-24,2.74,3.85,4.66,0.2999999999999998,0.3364,0.1119,-0.325
2004-06-25,2.74,3.85,4.66,0.2999999999999998,0.3377,0.1097,-0.344
2004-06-28,2.86,3.97,4.76,0.3200000000000003,0.339,0.1075,-0.177
2004-06-29,2.83,3.92,4.7,0.3099999999999996,0.3404,0.1048,-0.29
2004-06-30,2.7,3.81,4.62,0.2999999999999998,0.3415,0.1029,-0.403
2004-07-01,2.64,3.74,4.57,0.2699999999999996,0.3422,0.1017,-0.71
2004-07-02,2.54,3.62,4.48,0.21999999999999975,0.3429,0.1004,-1.224
2004-07-06,2.56,3.65,4.49,0.25,0.3435,0.0994,-0.941
2004-07-07,2.56,3.67,4.5,0.27999999999999936,0.3442,0.098,-0.655
2004-07-08,2.55,3.65,4.49,0.2599999999999998,0.3448,0.0971,-0.873
2004-07-09,2.55,3.64,4.49,0.2400000000000002,0.3452,0.0966,-1.089
2004-07-12,2.53,3.62,4.46,0.2500000000000009,0.3455,0.0961,-0.994
2004-07-13,2.58,3.66,4.5,0.2400000000000002,0.3458,0.0956,-1.107
2004-07-14,2.62,3.68,4.5,0.2400000000000002,0.3462,0.095,-1.118
2004-07-15,2.64,3.69,4.5,0.2400000000000002,0.3468,0.0939,-1.137
2004-07-16,2.54,3.56,4.38,0.20000000000000018,0.3471,0.0931,-1.58
2004-07-19,2.56,3.57,4.38,0.20000000000000018,0.347,0.0933,-1.576
2004-07-20,2.67,3.68,4.47,0.22000000000000064,0.3468,0.0935,-1.356
2004-07-21,2.71,3.72,4.5,0.23000000000000043,0.3465,0.0938,-1.242
2004-07-22,2.69,3.71,4.48,0.25,0.3461,0.094,-1.022
2004-07-23,2.69,3.69,4.45,0.23999999999999932,0.3454,0.0942,-1.119
2004-07-26,2.75,3.73,4.49,0.21999999999999975,0.3447,0.0944,-1.321
2004-07-27,2.82,3.85,4.62,0.2600000000000007,0.3441,0.0945,-0.89
2004-07-28,2.78,3.82,4.61,0.2499999999999991,0.3434,0.0945,-0.988
2004-07-29,2.75,3.8,4.6,0.25,0.3426,0.0944,-0.981
2004-07-30,2.68,3.71,4.5,0.2400000000000002,0.3415,0.0941,-1.079
2004-08-02,2.66,3.68,4.48,0.21999999999999975,0.3402,0.0933,-1.288
2004-08-03,2.66,3.67,4.45,0.22999999999999954,0.3388,0.0925,-1.176
2004-08-04,2.66,3.66,4.45,0.20999999999999996,0.3378,0.0925,-1.382
2004-08-05,2.64,3.64,4.43,0.21000000000000085,0.3369,0.0926,-1.37
2004-08-06,2.4,3.4,4.24,0.16000000000000014,0.3358,0.0931,-1.888
2004-08-09,2.45,3.45,4.28,0.16999999999999993,0.335,0.0936,-1.763
2004-08-10,2.55,3.52,4.32,0.16999999999999993,0.334,0.0941,-1.743
2004-08-11,2.54,3.51,4.3,0.17999999999999972,0.3334,0.0946,-1.622
2004-08-12,2.52,3.47,4.27,0.15000000000000036,0.3326,0.0953,-1.916
2004-08-13,2.47,3.42,4.22,0.14999999999999947,0.3319,0.096,-1.895
2004-08-16,2.51,3.45,4.26,0.13000000000000078,0.3309,0.0968,-2.075
2004-08-17,2.44,3.39,4.21,0.1299999999999999,0.3298,0.0974,-2.051
2004-08-18,2.44,3.41,4.23,0.15000000000000036,0.3287,0.0979,-1.825
2004-08-19,2.43,3.39,4.22,0.1299999999999999,0.3274,0.0984,-2.006
2004-08-20,2.46,3.42,4.24,0.13999999999999968,0.3265,0.0991,-1.882
2004-08-23,2.5,3.46,4.28,0.13999999999999968,0.3256,0.0998,-1.86
2004-08-24,2.5,3.46,4.28,0.13999999999999968,0.3246,0.1003,-1.84
2004-08-25,2.51,3.46,4.26,0.15000000000000036,0.3231,0.1002,-1.728
2004-08-26,2.48,3.42,4.22,0.13999999999999968,0.3217,0.1003,-1.812
2004-08-27,2.48,3.43,4.23,0.15000000000000036,0.3204,0.1003,-1.699
2004-08-30,2.47,3.4,4.19,0.13999999999999968,0.3188,0.1,-1.788
2004-08-31,2.41,3.33,4.13,0.1200000000000001,0.3173,0.1001,-1.971
2004-09-01,2.41,3.32,4.13,0.09999999999999964,0.3157,0.1004,-2.148
2004-09-02,2.46,3.4,4.2,0.13999999999999968,0.3142,0.1002,-1.739
2004-09-03,2.61,3.52,4.3,0.1299999999999999,0.3123,0.0991,-1.84
2004-09-07,2.58,3.48,4.26,0.1200000000000001,0.3104,0.0981,-1.941
2004-09-08,2.5,3.4,4.18,0.1200000000000001,0.3086,0.0975,-1.934
2004-09-09,2.5,3.41,4.22,0.10000000000000053,0.3071,0.0977,-2.12
2004-09-10,2.5,3.4,4.19,0.10999999999999943,0.3056,0.0979,-1.998
2004-09-13,2.5,3.38,4.16,0.09999999999999964,0.3041,0.0981,-2.081
2004-09-14,2.47,3.35,4.15,0.08000000000000007,0.3027,0.0987,-2.256
2004-09-15,2.51,3.39,4.18,0.09000000000000075,0.3013,0.0993,-2.128
2004-09-16,2.44,3.29,4.08,0.0600000000000005,0.3001,0.1004,-2.391
2004-09-17,2.53,3.35,4.14,0.03000000000000025,0.2989,0.1018,-2.641
2004-09-20,2.46,3.28,4.07,0.02999999999999936,0.2978,0.1032,-2.595
2004-09-21,2.49,3.28,4.05,0.019999999999999574,0.2967,0.1047,-2.643
2004-09-22,2.5,3.26,4.0,0.019999999999999574,0.2956,0.1061,-2.598
2004-09-23,2.57,3.3,4.02,0.009999999999999787,0.2942,0.1076,-2.641
2004-09-24,2.62,3.33,4.04,0.0,0.2928,0.1091,-2.684
2004-09-27,2.59,3.29,4.01,-0.019999999999999574,0.2913,0.1108,-2.81
2004-09-28,2.55,3.28,4.02,-0.009999999999999787,0.29,0.1124,-2.669
2004-09-29,2.61,3.37,4.1,0.030000000000001137,0.2888,0.1136,-2.278
2004-09-30,2.63,3.38,4.14,-0.009999999999999787,0.2878,0.1151,-2.587
2004-10-01,2.63,3.44,4.21,0.040000000000000036,0.2869,0.1161,-2.127
2004-10-04,2.65,3.44,4.19,0.040000000000000036,0.2861,0.1171,-2.102
2004-10-05,2.65,3.44,4.18,0.05000000000000071,0.2853,0.118,-1.994
2004-10-06,2.7,3.51,4.23,0.08999999999999897,0.2845,0.1187,-1.639
2004-10-07,2.72,3.53,4.26,0.08000000000000007,0.2833,0.1192,-1.706
2004-10-08,2.61,3.39,4.15,0.019999999999999574,0.282,0.1203,-2.178
2004-10-12,2.56,3.35,4.12,0.020000000000000462,0.2807,0.1213,-2.149
2004-10-13,2.53,3.32,4.09,0.019999999999999574,0.2793,0.1223,-2.12
2004-10-14,2.48,3.26,4.03,0.009999999999998899,0.2781,0.1235,-2.171
2004-10-15,2.53,3.31,4.07,0.019999999999999574,0.2767,0.1244,-2.064
2004-10-18,2.55,3.31,4.07,0.0,0.2753,0.1255,-2.194
2004-10-19,2.57,3.32,4.07,0.0,0.2738,0.1265,-2.164
2004-10-20,2.53,3.26,4.01,-0.020000000000000018,0.2722,0.1277,-2.288
2004-10-21,2.57,3.29,4.01,0.0,0.2708,0.1288,-2.102
2004-10-22,2.55,3.26,4.0,-0.03000000000000025,0.2692,0.13,-2.302
2004-10-25,2.54,3.25,3.99,-0.03000000000000025,0.2677,0.1313,-2.267
2004-10-26,2.54,3.26,4.01,-0.03000000000000025,0.2663,0.1325,-2.236
2004-10-27,2.63,3.37,4.11,0.0,0.2651,0.1336,-1.984
2004-10-28,2.59,3.34,4.09,0.0,0.2641,0.1346,-1.962
2004-10-29,2.56,3.3,4.05,-0.010000000000000675,0.2629,0.1357,-2.011
2004-11-01,2.61,3.36,4.11,-8.881784197001252e-16,0.2618,0.1367,-1.915
2004-11-02,2.6,3.34,4.1,-0.019999999999999574,0.2605,0.1378,-2.036
2004-11-03,2.6,3.35,4.09,0.009999999999999787,0.2591,0.1386,-1.797
2004-11-04,2.63,3.37,4.1,0.010000000000000675,0.2577,0.1393,-1.778
2004-11-05,2.8,3.51,4.21,0.009999999999999787,0.2563,0.14,-1.759
2004-11-08,2.8,3.51,4.22,0.0,0.2548,0.1407,-1.811
2004-11-09,2.8,3.53,4.22,0.040000000000000036,0.2535,0.1411,-1.513
2004-11-10,2.82,3.56,4.25,0.05000000000000071,0.2521,0.1414,-1.429
2004-11-12,2.86,3.53,4.2,-8.881784197001252e-16,0.2504,0.1419,-1.765
2004-11-15,2.89,3.53,4.2,-0.03000000000000025,0.2486,0.1425,-1.955
2004-11-16,2.91,3.56,4.21,0.0,0.2469,0.143,-1.727
2004-11-17,2.85,3.47,4.14,-0.04999999999999982,0.2453,0.1441,-2.049
2004-11-18,2.86,3.48,4.12,-0.020000000000000462,0.244,0.145,-1.821
2004-11-19,2.95,3.57,4.2,-0.010000000000000675,0.2427,0.1458,-1.733
2004-11-22,2.95,3.56,4.18,-0.009999999999999787,0.2416,0.1466,-1.716
2004-11-23,2.98,3.58,4.19,-0.010000000000000675,0.2404,0.1474,-1.699
2004-11-24,3.01,3.61,4.2,0.009999999999999787,0.2392,0.1481,-1.548
2004-11-26,3.03,3.64,4.24,0.009999999999999787,0.2381,0.1488,-1.533
2004-11-29,3.07,3.72,4.34,0.030000000000001137,0.2369,0.1493,-1.386
2004-11-30,3.02,3.72,4.36,0.05999999999999961,0.2359,0.1496,-1.176
2004-12-01,3.01,3.72,4.38,0.05000000000000071,0.2348,0.1499,-1.233
2004-12-02,3.04,3.75,4.4,0.05999999999999961,0.2337,0.1501,-1.157
2004-12-03,2.94,3.61,4.27,0.009999999999999787,0.2321,0.1504,-1.477
2004-12-06,2.93,3.59,4.24,0.009999999999999787,0.2305,0.1507,-1.463
2004-12-07,2.95,3.6,4.23,0.019999999999999574,0.2289,0.1508,-1.385
2004-12-08,2.91,3.53,4.14,0.009999999999999787,0.2274,0.151,-1.44
2004-12-09,2.93,3.54,4.19,-0.040000000000000036,0.2258,0.1517,-1.752
2004-12-10,2.95,3.52,4.16,-0.07000000000000028,0.2242,0.1527,-1.927
2004-12-13,2.98,3.54,4.16,-0.0600000000000005,0.2225,0.1535,-1.84
2004-12-14,2.99,3.53,4.14,-0.07000000000000028,0.221,0.1545,-1.883
2004-12-15,2.97,3.48,4.09,-0.10000000000000009,0.2193,0.1557,-2.051
2004-12-16,3.01,3.58,4.19,-0.040000000000000036,0.2177,0.1563,-1.649
2004-12-17,3.03,3.59,4.21,-0.05999999999999961,0.2161,0.157,-1.759
2004-12-20,3.06,3.59,4.21,-0.09000000000000075,0.2143,0.1579,-1.927
2004-12-21,3.05,3.57,4.18,-0.08999999999999986,0.2126,0.1589,-1.904
2004-12-22,3.04,3.57,4.21,-0.11000000000000032,0.2109,0.16,-2.006
2004-12-23,3.02,3.58,4.23,-0.08999999999999986,0.2091,0.1609,-1.859
2004-12-27,3.07,3.65,4.3,-0.0699999999999994,0.2074,0.1615,-1.718
2004-12-28,3.08,3.66,4.31,-0.0699999999999994,0.2057,0.1622,-1.7
2004-12-29,3.12,3.69,4.33,-0.07000000000000028,0.204,0.1628,-1.683
2004-12-30,3.1,3.64,4.27,-0.08999999999999986,0.2022,0.1636,-1.786
2004-12-31,3.08,3.63,4.24,-0.0600000000000005,0.2006,0.1641,-1.588
2005-01-03,3.1,3.64,4.23,-0.05000000000000071,0.1989,0.1645,-1.513
2005-01-04,3.2,3.72,4.29,-0.04999999999999982,0.1971,0.1648,-1.499
2005-01-05,3.22,3.73,4.29,-0.04999999999999982,0.1954,0.165,-1.487
2005-01-06,3.18,3.71,4.29,-0.04999999999999982,0.1935,0.1651,-1.475
2005-01-07,3.2,3.73,4.29,-0.03000000000000025,0.1918,0.1653,-1.342
2005-01-10,3.23,3.75,4.29,-0.020000000000000462,0.1902,0.1653,-1.272
2005-01-11,3.24,3.73,4.26,-0.040000000000000036,0.1886,0.1656,-1.38
2005-01-12,3.22,3.72,4.25,-0.02999999999999936,0.1873,0.166,-1.309
2005-01-13,3.21,3.68,4.2,-0.04999999999999982,0.1859,0.1665,-1.417
2005-01-14,3.24,3.71,4.23,-0.05000000000000071,0.1846,0.1671,-1.404
2005-01-18,3.26,3.72,4.21,-0.02999999999999936,0.1835,0.1676,-1.274
2005-01-19,3.26,3.73,4.2,0.0,0.1823,0.1679,-1.086
2005-01-20,3.21,3.68,4.17,-0.019999999999999574,0.181,0.1681,-1.196
2005-01-21,3.16,3.65,4.16,-0.020000000000000462,0.1796,0.1683,-1.186
2005-01-24,3.2,3.65,4.14,-0.040000000000000036,0.1783,0.1687,-1.294
2005-01-25,3.23,3.71,4.2,-0.010000000000000675,0.1771,0.169,-1.107
2005-01-26,3.27,3.73,4.21,-0.020000000000000462,0.1758,0.1692,-1.157
2005-01-27,3.28,3.75,4.22,8.881784197001252e-16,0.1744,0.1692,-1.031
2005-01-28,3.25,3.69,4.16,-0.03000000000000025,0.173,0.1694,-1.198
2005-01-31,3.29,3.71,4.14,-0.009999999999999787,0.1715,0.1695,-1.071
2005-02-01,3.29,3.71,4.15,-0.020000000000000462,0.1701,0.1696,-1.121
2005-02-02,3.32,3.73,4.15,-0.009999999999999787,0.1687,0.1696,-1.054
2005-02-03,3.34,3.76,4.18,0.0,0.1673,0.1695,-0.987
2005-02-04,3.29,3.68,4.09,-0.019999999999999574,0.166,0.1696,-1.097
2005-02-07,3.31,3.67,4.07,-0.040000000000000924,0.1644,0.1697,-1.204
2005-02-08,3.33,3.68,4.05,-0.019999999999999574,0.1629,0.1696,-1.078
2005-02-09,3.24,3.58,4.0,-0.08000000000000007,0.1612,0.1699,-1.42
2005-02-10,3.29,3.65,4.07,-0.0600000000000005,0.1597,0.1702,-1.291
2005-02-11,3.34,3.7,4.1,-0.03999999999999915,0.1583,0.1704,-1.164
2005-02-14,3.38,3.7,4.08,-0.05999999999999961,0.1569,0.1708,-1.27
2005-02-15,3.37,3.71,4.1,-0.04999999999999982,0.1556,0.1711,-1.202
2005-02-16,3.41,3.78,4.16,-0.010000000000000675,0.1545,0.1712,-0.961
2005-02-17,3.38,3.78,4.19,-0.010000000000000675,0.1533,0.1713,-0.953
2005-02-18,3.45,3.86,4.27,0.0,0.1521,0.1714,-0.887
2005-02-22,3.46,3.88,4.29,0.009999999999999787,0.151,0.1714,-0.823
2005-02-23,3.46,3.87,4.27,0.010000000000000675,0.1498,0.1713,-0.816
2005-02-24,3.52,3.91,4.29,0.010000000000000675,0.1486,0.1712,-0.81
2005-02-25,3.54,3.91,4.27,0.010000000000000675,0.1475,0.1712,-0.803
2005-02-28,3.59,4.0,4.36,0.04999999999999982,0.1466,0.1711,-0.565
2005-03-01,3.59,4.02,4.38,0.0699999999999994,0.1458,0.171,-0.443
2005-03-02,3.57,4.0,4.38,0.04999999999999982,0.1445,0.1705,-0.554
2005-03-03,3.59,4.02,4.39,0.05999999999999961,0.1436,0.1703,-0.491
2005-03-04,3.57,3.97,4.32,0.05000000000000071,0.1427,0.1702,-0.545
2005-03-07,3.61,3.99,4.31,0.060000000000001386,0.1417,0.1699,-0.481
2005-03-08,3.62,4.05,4.38,0.09999999999999964,0.141,0.1698,-0.241
2005-03-09,3.66,4.16,4.52,0.14000000000000057,0.1408,0.1697,-0.005
2005-03-10,3.68,4.13,4.48,0.09999999999999964,0.1404,0.1697,-0.238
2005-03-11,3.73,4.22,4.56,0.14999999999999947,0.1406,0.1697,0.055
2005-03-14,3.75,4.2,4.52,0.13000000000000078,0.1405,0.1697,-0.062
2005-03-15,3.75,4.22,4.54,0.14999999999999947,0.1404,0.1697,0.057
2005-03-16,3.72,4.18,4.52,0.11999999999999922,0.1403,0.1697,-0.12
2005-03-17,3.7,4.14,4.47,0.10999999999999943,0.1402,0.1697,-0.178
2005-03-18,3.72,4.18,4.51,0.129999999999999,0.1404,0.1697,-0.061
2005-03-21,3.72,4.18,4.53,0.10999999999999854,0.1405,0.1696,-0.18
2005-03-22,3.86,4.31,4.63,0.1299999999999999,0.1405,0.1696,-0.062
2005-03-23,3.84,4.3,4.61,0.14999999999999947,0.1405,0.1696,0.056
2005-03-24,3.88,4.3,4.6,0.1200000000000001,0.1405,0.1696,-0.121
2005-03-28,3.9,4.33,4.64,0.1200000000000001,0.1405,0.1697,-0.121
2005-03-29,3.87,4.3,4.6,0.1299999999999999,0.1405,0.1697,-0.062
2005-03-30,3.86,4.26,4.56,0.10000000000000053,0.1403,0.1697,-0.237
2005-03-31,3.8,4.18,4.5,0.05999999999999961,0.1398,0.1697,-0.47
2005-04-01,3.75,4.13,4.46,0.04999999999999982,0.1393,0.1698,-0.526
2005-04-04,3.74,4.13,4.47,0.04999999999999982,0.1388,0.1699,-0.523
2005-04-05,3.75,4.15,4.48,0.07000000000000028,0.1385,0.1699,-0.403
2005-04-06,3.7,4.09,4.44,0.03999999999999915,0.138,0.17,-0.576
2005-04-07,3.72,4.13,4.49,0.049999999999998934,0.137,0.1698,-0.512
2005-04-08,3.77,4.17,4.5,0.07000000000000028,0.136,0.1695,-0.389
2005-04-11,3.75,4.13,4.45,0.05999999999999961,0.1349,0.1691,-0.443
2005-04-12,3.71,4.05,4.38,0.009999999999999787,0.1337,0.1689,-0.732
2005-04-13,3.66,4.03,4.38,0.020000000000000462,0.1324,0.1684,-0.667
2005-04-14,3.6,3.99,4.37,0.010000000000000675,0.131,0.168,-0.72
2005-04-15,3.54,3.9,4.27,-0.009999999999999787,0.1294,0.1675,-0.832
2005-04-18,3.55,3.9,4.27,-0.019999999999999574,0.128,0.1672,-0.885
2005-04-19,3.5,3.85,4.21,-0.009999999999999787,0.1264,0.1666,-0.819
2005-04-20,3.52,3.86,4.22,-0.020000000000000462,0.1248,0.1661,-0.872
2005-04-21,3.65,3.97,4.32,-0.02999999999999936,0.1232,0.1656,-0.925
2005-04-22,3.62,3.92,4.26,-0.040000000000000036,0.1216,0.1653,-0.978
2005-04-25,3.64,3.94,4.26,-0.019999999999999574,0.1201,0.1647,-0.851
2005-04-26,3.67,3.96,4.28,-0.03000000000000025,0.1185,0.1643,-0.904
2005-04-27,3.64,3.92,4.25,-0.05000000000000071,0.1167,0.1637,-1.018
2005-04-28,3.59,3.85,4.19,-0.08000000000000007,0.1148,0.1632,-1.194
2005-04-29,3.66,3.9,4.21,-0.07000000000000028,0.113,0.1626,-1.125
2005-05-02,3.64,3.88,4.21,-0.09000000000000075,0.111,0.1621,-1.24
2005-05-03,3.68,3.9,4.21,-0.09000000000000075,0.109,0.1613,-1.234
2005-05-04,3.63,3.87,4.2,-0.08999999999999986,0.1069,0.1606,-1.226
2005-05-05,3.58,3.82,4.19,-0.13000000000000078,0.1049,0.1603,-1.465
2005-05-06,3.73,3.95,4.28,-0.11000000000000032,0.1027,0.1594,-1.334
2005-05-09,3.76,3.99,4.29,-0.0699999999999994,0.1006,0.1581,-1.079
2005-05-10,3.69,3.93,4.23,-0.0600000000000005,0.0987,0.1571,-1.01
2005-05-11,3.68,3.91,4.21,-0.0699999999999994,0.0964,0.1555,-1.07
2005-05-12,3.66,3.87,4.18,-0.09999999999999964,0.0941,0.1541,-1.26
2005-05-13,3.61,3.83,4.12,-0.0699999999999994,0.0919,0.1525,-1.062
2005-05-16,3.61,3.83,4.13,-0.07999999999999918,0.0898,0.151,-1.125
2005-05-17,3.61,3.82,4.12,-0.09000000000000075,0.0874,0.1492,-1.189
2005-05-18,3.56,3.77,4.07,-0.0900000000000003,0.0852,0.1477,-1.186
2005-05-19,3.64,3.84,4.11,-0.07000000000000117,0.0832,0.1462,-1.048
2005-05-20,3.69,3.88,4.13,-0.05999999999999961,0.0813,0.1449,-0.975
2005-05-23,3.65,3.83,4.07,-0.0600000000000005,0.0792,0.1432,-0.972
2005-05-24,3.61,3.78,4.04,-0.0900000000000003,0.0771,0.1417,-1.179
2005-05-25,3.61,3.81,4.08,-0.07000000000000028,0.075,0.1399,-1.036
2005-05-26,3.64,3.82,4.08,-0.08000000000000052,0.0728,0.1381,-1.106
2005-05-27,3.64,3.82,4.08,-0.08000000000000052,0.0706,0.1361,-1.107
2005-05-31,3.6,3.76,4.0,-0.08000000000000052,0.0686,0.1346,-1.104
2005-06-01,3.5,3.63,3.91,-0.15000000000000036,0.0663,0.1334,-1.621
2005-06-02,3.52,3.65,3.89,-0.11000000000000032,0.0642,0.132,-1.32
2005-06-03,3.57,3.73,3.98,-0.08999999999999986,0.0623,0.1305,-1.167
2005-06-06,3.59,3.73,3.96,-0.08999999999999986,0.0602,0.1288,-1.166
2005-06-07,3.57,3.7,3.92,-0.08999999999999941,0.0581,0.1269,-1.167
2005-06-08,3.6,3.73,3.95,-0.0900000000000003,0.0559,0.1246,-1.171
2005-06-09,3.64,3.76,3.98,-0.10000000000000053,0.0537,0.1225,-1.255
2005-06-10,3.71,3.84,4.05,-0.08000000000000007,0.0518,0.1207,-1.092
2005-06-13,3.71,3.87,4.09,-0.05999999999999961,0.0499,0.1188,-0.925
2005-06-14,3.71,3.89,4.13,-0.05999999999999961,0.0482,0.1171,-0.924
2005-06-15,3.72,3.9,4.12,-0.040000000000000036,0.0467,0.1158,-0.749
2005-06-16,3.7,3.87,4.09,-0.04999999999999982,0.0451,0.1144,-0.831
2005-06-17,3.72,3.88,4.09,-0.05000000000000071,0.0436,0.1131,-0.828
2005-06-20,3.72,3.88,4.11,-0.07000000000000117,0.0419,0.1117,-1.002
2005-06-21,3.71,3.84,4.06,-0.08999999999999986,0.0402,0.1103,-1.18
2005-06-22,3.62,3.72,3.95,-0.1299999999999999,0.0384,0.1094,-1.539
2005-06-23,3.63,3.74,3.96,-0.10999999999999943,0.0367,0.1083,-1.355
2005-06-24,3.59,3.69,3.92,-0.1299999999999999,0.035,0.1075,-1.535
2005-06-27,3.6,3.69,3.9,-0.1200000000000001,0.0333,0.1066,-1.438
2005-06-28,3.65,3.76,3.97,-0.10000000000000053,0.0317,0.1056,-1.247
2005-06-29,3.65,3.77,3.99,-0.10000000000000009,0.03,0.1043,-1.246
2005-06-30,3.66,3.72,3.94,-0.1599999999999997,0.0282,0.1035,-1.818
2005-07-01,3.76,3.84,4.06,-0.13999999999999968,0.0264,0.1026,-1.622
2005-07-05,3.79,3.9,4.11,-0.10000000000000053,0.025,0.1017,-1.229
2005-07-06,3.77,3.86,4.08,-0.13000000000000034,0.0236,0.1015,-1.513
2005-07-07,3.71,3.83,4.05,-0.09999999999999964,0.0222,0.1007,-1.214
2005-07-08,3.78,3.89,4.11,-0.11000000000000032,0.0206,0.0997,-1.31
2005-07-11,3.81,3.91,4.11,-0.10000000000000053,0.0192,0.0989,-1.205
2005-07-12,3.82,3.94,4.15,-0.08999999999999986,0.0179,0.0981,-1.1
2005-07-13,3.84,3.96,4.17,-0.08999999999999986,0.0165,0.0973,-1.095
2005-07-14,3.86,3.98,4.19,-0.09000000000000075,0.0152,0.0965,-1.09
2005-07-15,3.86,3.98,4.18,-0.08000000000000007,0.014,0.0956,-0.983
2005-07-18,3.89,4.01,4.22,-0.09000000000000075,0.0127,0.0947,-1.084
2005-07-19,3.88,3.99,4.2,-0.09999999999999964,0.0115,0.0943,-1.182
2005-07-20,3.9,3.99,4.17,-0.08999999999999986,0.0103,0.0937,-1.07
2005-07-21,3.96,4.09,4.28,-0.0600000000000005,0.0092,0.0929,-0.745
2005-07-22,3.92,4.04,4.23,-0.07000000000000028,0.008,0.0919,-0.849
2005-07-25,3.95,4.06,4.25,-0.08000000000000096,0.0067,0.0908,-0.955
2005-07-26,3.95,4.06,4.24,-0.07000000000000117,0.0055,0.0898,-0.841
2005-07-27,3.99,4.09,4.27,-0.08000000000000007,0.0043,0.0889,-0.948
2005-07-28,3.96,4.04,4.2,-0.08000000000000007,0.0029,0.0876,-0.946
2005-07-29,4.02,4.12,4.28,-0.05999999999999961,0.0017,0.0862,-0.716
2005-08-01,4.04,4.16,4.32,-0.040000000000000036,0.0006,0.0848,-0.479
2005-08-02,4.06,4.17,4.34,-0.05999999999999961,-0.0006,0.0836,-0.711
2005-08-03,4.02,4.13,4.3,-0.05999999999999961,-0.0017,0.0825,-0.707
2005-08-04,4.04,4.15,4.32,-0.05999999999999961,-0.0029,0.0812,-0.703
2005-08-05,4.11,4.24,4.4,-0.03000000000000025,-0.0038,0.0801,-0.327
2005-08-08,4.16,4.28,4.42,-0.019999999999999574,-0.0048,0.079,-0.192
2005-08-09,4.13,4.25,4.41,-0.040000000000000036,-0.0056,0.0783,-0.439
2005-08-10,4.13,4.24,4.4,-0.04999999999999982,-0.0064,0.0776,-0.562
2005-08-11,4.1,4.18,4.32,-0.0600000000000005,-0.0073,0.0768,-0.686
2005-08-12,4.05,4.11,4.24,-0.0699999999999994,-0.0083,0.076,-0.812
2005-08-15,4.08,4.15,4.27,-0.049999999999998934,-0.0091,0.0754,-0.542
2005-08-16,4.03,4.1,4.23,-0.060000000000001386,-0.01,0.0748,-0.668
2005-08-17,4.07,4.15,4.28,-0.04999999999999982,-0.0107,0.0743,-0.529
2005-08-18,4.01,4.08,4.21,-0.05999999999999961,-0.0114,0.0738,-0.659
2005-08-19,4.03,4.08,4.21,-0.08000000000000007,-0.0123,0.0733,-0.924
2005-08-22,4.03,4.08,4.22,-0.08999999999999986,-0.0132,0.0729,-1.053
2005-08-23,4.01,4.07,4.2,-0.0699999999999994,-0.014,0.0723,-0.775
2005-08-24,3.99,4.06,4.19,-0.060000000000001386,-0.0148,0.0717,-0.63
2005-08-25,4.0,4.06,4.18,-0.0600000000000005,-0.0156,0.0711,-0.624
2005-08-26,4.06,4.09,4.2,-0.08000000000000007,-0.0165,0.0704,-0.902
2005-08-29,4.06,4.08,4.2,-0.09999999999999964,-0.0175,0.0699,-1.18
2005-08-30,3.97,4.03,4.16,-0.07000000000000028,-0.0184,0.0692,-0.746
2005-08-31,3.84,3.87,4.02,-0.11999999999999922,-0.0194,0.0688,-1.462
2005-09-01,3.72,3.85,4.02,-0.03999999999999959,-0.02,0.0682,-0.293
2005-09-02,3.75,3.85,4.03,-0.08000000000000007,-0.0208,0.0679,-0.872
2005-09-06,3.8,3.89,4.09,-0.10999999999999943,-0.0217,0.0673,-1.312
2005-09-07,3.87,3.93,4.15,-0.16000000000000014,-0.0229,0.0672,-2.04
2005-09-08,3.87,3.94,4.15,-0.14000000000000057,-0.0239,0.067,-1.733
2005-09-09,3.88,3.94,4.14,-0.13999999999999968,-0.025,0.0668,-1.722
2005-09-12,3.92,3.98,4.18,-0.13999999999999968,-0.0259,0.0667,-1.711
2005-09-13,3.88,3.93,4.14,-0.15999999999999925,-0.027,0.0667,-1.994
2005-09-14,3.9,3.96,4.17,-0.15000000000000036,-0.028,0.0667,-1.829
2005-09-15,3.9,3.99,4.22,-0.13999999999999968,-0.0288,0.0667,-1.667
2005-09-16,3.97,4.05,4.26,-0.13000000000000078,-0.0297,0.0666,-1.506
2005-09-19,3.93,4.02,4.25,-0.14000000000000057,-0.0305,0.0667,-1.642
2005-09-20,4.0,4.06,4.26,-0.14000000000000057,-0.0312,0.0669,-1.626
2005-09-21,3.96,4.01,4.19,-0.13000000000000078,-0.0318,0.0671,-1.463
2005-09-22,3.95,3.99,4.19,-0.16000000000000014,-0.0325,0.0675,-1.889
2005-09-23,4.02,4.07,4.25,-0.129999999999999,-0.0331,0.0677,-1.431
2005-09-26,4.07,4.11,4.3,-0.14999999999999947,-0.0338,0.068,-1.709
2005-09-27,4.08,4.13,4.3,-0.1200000000000001,-0.0342,0.0682,-1.258
2005-09-28,4.09,4.11,4.26,-0.129999999999999,-0.0347,0.0685,-1.391
2005-09-29,4.13,4.14,4.29,-0.14000000000000057,-0.0352,0.0688,-1.523
2005-09-30,4.18,4.18,4.34,-0.16000000000000014,-0.036,0.0691,-1.795
2005-10-03,4.21,4.25,4.39,-0.09999999999999964,-0.0363,0.0692,-0.921
2005-10-04,4.22,4.24,4.38,-0.11999999999999922,-0.0369,0.0692,-1.201
2005-10-05,4.21,4.23,4.36,-0.10999999999999943,-0.0375,0.0692,-1.048
2005-10-06,4.2,4.23,4.37,-0.10999999999999943,-0.0382,0.0691,-1.039
2005-10-07,4.18,4.23,4.35,-0.06999999999999851,-0.0388,0.0687,-0.454
2005-10-11,4.22,4.27,4.39,-0.07000000000000028,-0.0394,0.0683,-0.448
2005-10-12,4.24,4.32,4.45,-0.04999999999999982,-0.0397,0.0682,-0.151
2005-10-13,4.24,4.32,4.48,-0.08000000000000007,-0.0401,0.0681,-0.586
2005-10-14,4.27,4.34,4.48,-0.07000000000000028,-0.0404,0.0681,-0.435
2005-10-17,4.29,4.36,4.5,-0.0699999999999994,-0.0408,0.068,-0.429
2005-10-18,4.27,4.34,4.49,-0.08000000000000007,-0.0412,0.068,-0.571
2005-10-19,4.25,4.32,4.47,-0.07999999999999918,-0.0415,0.0679,-0.567
2005-10-20,4.27,4.33,4.46,-0.0699999999999994,-0.0417,0.0679,-0.417
2005-10-21,4.22,4.26,4.39,-0.08999999999999986,-0.042,0.068,-0.706
2005-10-24,4.25,4.32,4.45,-0.05999999999999961,-0.0423,0.0679,-0.261
2005-10-25,4.34,4.41,4.54,-0.05999999999999961,-0.0424,0.0679,-0.259
2005-10-26,4.38,4.46,4.6,-0.05999999999999961,-0.0425,0.0679,-0.258
2005-10-27,4.36,4.43,4.57,-0.07000000000000117,-0.0427,0.068,-0.401
2005-10-28,4.4,4.46,4.58,-0.0600000000000005,-0.0429,0.0679,-0.252
2005-10-31,4.4,4.45,4.57,-0.07000000000000028,-0.0432,0.0679,-0.395
2005-11-01,4.42,4.47,4.58,-0.0600000000000005,-0.0434,0.0679,-0.244
2005-11-02,4.43,4.5,4.61,-0.040000000000000036,-0.0435,0.0678,0.052
2005-11-03,4.47,4.55,4.65,-0.020000000000000462,-0.0435,0.0678,0.347
2005-11-04,4.47,4.56,4.66,-0.010000000000000675,-0.0436,0.0677,0.496
2005-11-07,4.47,4.55,4.65,-0.020000000000000462,-0.0437,0.0677,0.35
2005-11-08,4.43,4.49,4.57,-0.019999999999999574,-0.0438,0.0676,0.352
2005-11-09,4.49,4.55,4.64,-0.03000000000000025,-0.044,0.0676,0.207
2005-11-10,4.44,4.49,4.55,-0.009999999999999787,-0.0442,0.0674,0.507
2005-11-14,4.5,4.54,4.61,-0.03000000000000025,-0.0445,0.0671,0.216
2005-11-15,4.47,4.51,4.56,-0.009999999999999787,-0.0445,0.0671,0.514
2005-11-16,4.42,4.43,4.49,-0.05000000000000071,-0.0446,0.0671,-0.08
2005-11-17,4.37,4.39,4.46,-0.05000000000000071,-0.0448,0.067,-0.078
2005-11-18,4.4,4.43,4.5,-0.040000000000000924,-0.0448,0.067,0.072
2005-11-21,4.39,4.39,4.46,-0.07000000000000028,-0.045,0.067,-0.373
2005-11-22,4.32,4.34,4.43,-0.07000000000000028,-0.0452,0.067,-0.37
2005-11-23,4.36,4.38,4.47,-0.07000000000000028,-0.0454,0.067,-0.367
2005-11-25,4.33,4.34,4.43,-0.08000000000000007,-0.0457,0.067,-0.512
2005-11-28,4.33,4.32,4.41,-0.09999999999999964,-0.0462,0.067,-0.803
2005-11-29,4.4,4.4,4.48,-0.08000000000000007,-0.0465,0.0669,-0.501
2005-11-30,4.42,4.42,4.49,-0.07000000000000028,-0.0469,0.0668,-0.346
2005-12-01,4.45,4.45,4.52,-0.0699999999999994,-0.0474,0.0664,-0.34
2005-12-02,4.43,4.45,4.52,-0.049999999999998934,-0.0478,0.0662,-0.033
2005-12-05,4.47,4.5,4.57,-0.040000000000000036,-0.0482,0.0658,0.125
2005-12-06,4.42,4.42,4.49,-0.07000000000000028,-0.0485,0.0657,-0.327
2005-12-07,4.42,4.43,4.52,-0.08000000000000007,-0.0489,0.0656,-0.474
2005-12-08,4.37,4.36,4.47,-0.11999999999999922,-0.0494,0.0657,-1.075
2005-12-09,4.43,4.44,4.54,-0.08999999999999897,-0.0498,0.0656,-0.613
2005-12-12,4.45,4.46,4.56,-0.08999999999999986,-0.05,0.0656,-0.61
2005-12-13,4.43,4.44,4.54,-0.08999999999999897,-0.0501,0.0657,-0.607
2005-12-14,4.37,4.36,4.45,-0.09999999999999964,-0.0503,0.0657,-0.756
2005-12-15,4.37,4.38,4.47,-0.08000000000000007,-0.0503,0.0658,-0.451
2005-12-16,4.37,4.36,4.45,-0.09999999999999964,-0.0503,0.0658,-0.755
2005-12-19,4.38,4.37,4.45,-0.08999999999999986,-0.0505,0.0658,-0.6
2005-12-20,4.42,4.4,4.47,-0.08999999999999897,-0.0506,0.0659,-0.598
2005-12-21,4.43,4.42,4.49,-0.08000000000000007,-0.0506,0.0658,-0.447
2005-12-22,4.4,4.38,4.44,-0.08000000000000096,-0.0506,0.0658,-0.447
2005-12-23,4.37,4.32,4.38,-0.10999999999999943,-0.0506,0.0658,-0.903
2005-12-27,4.35,4.3,4.34,-0.08999999999999986,-0.0506,0.0658,-0.599
2005-12-28,4.37,4.32,4.38,-0.10999999999999943,-0.0507,0.0659,-0.9
2005-12-29,4.38,4.33,4.37,-0.08999999999999986,-0.0508,0.0659,-0.595
2005-12-30,4.41,4.35,4.39,-0.10000000000000053,-0.0509,0.066,-0.744
2006-01-03,4.34,4.3,4.37,-0.11000000000000032,-0.051,0.0661,-0.893
2006-01-04,4.31,4.28,4.36,-0.10999999999999943,-0.0512,0.0662,-0.888
2006-01-05,4.32,4.29,4.36,-0.10000000000000053,-0.0514,0.0662,-0.734
2006-01-06,4.36,4.32,4.38,-0.09999999999999964,-0.0516,0.0663,-0.73
2006-01-09,4.36,4.32,4.38,-0.09999999999999964,-0.0518,0.0664,-0.726
2006-01-10,4.41,4.36,4.43,-0.11999999999999922,-0.0521,0.0665,-1.021
2006-01-11,4.44,4.39,4.46,-0.120000000000001,-0.0524,0.0666,-1.015
2006-01-12,4.39,4.35,4.42,-0.11000000000000032,-0.0528,0.0667,-0.858
2006-01-13,4.34,4.28,4.36,-0.13999999999999968,-0.0532,0.0669,-1.297
2006-01-17,4.33,4.27,4.34,-0.13000000000000078,-0.0536,0.0671,-1.139
2006-01-18,4.33,4.28,4.34,-0.10999999999999943,-0.0538,0.0672,-0.836
2006-01-19,4.37,4.31,4.38,-0.13000000000000078,-0.0541,0.0673,-1.128
2006-01-20,4.37,4.31,4.37,-0.120000000000001,-0.0545,0.0675,-0.97
2006-01-23,4.35,4.3,4.36,-0.11000000000000032,-0.0549,0.0675,-0.816
2006-01-24,4.37,4.32,4.4,-0.1299999999999999,-0.0554,0.0676,-1.104
2006-01-25,4.46,4.41,4.49,-0.1299999999999999,-0.0558,0.0677,-1.096
2006-01-26,4.49,4.44,4.53,-0.13999999999999968,-0.0562,0.0679,-1.234
2006-01-27,4.51,4.45,4.52,-0.129999999999999,-0.0567,0.068,-1.078
2006-01-30,4.52,4.46,4.54,-0.13999999999999968,-0.0571,0.0682,-1.216
2006-01-31,4.54,4.47,4.53,-0.13000000000000078,-0.0577,0.0682,-1.06
2006-02-01,4.59,4.51,4.57,-0.14000000000000057,-0.0581,0.0684,-1.197
2006-02-02,4.59,4.51,4.57,-0.14000000000000057,-0.0586,0.0685,-1.188
2006-02-03,4.59,4.5,4.54,-0.1299999999999999,-0.059,0.0686,-1.035
2006-02-06,4.62,4.51,4.55,-0.15000000000000036,-0.0596,0.0688,-1.314
2006-02-07,4.61,4.52,4.57,-0.14000000000000146,-0.0602,0.0689,-1.158
2006-02-08,4.64,4.55,4.56,-0.09999999999999964,-0.0605,0.0689,-0.573
2006-02-09,4.66,4.55,4.54,-0.10000000000000053,-0.0607,0.0689,-0.57
2006-02-10,4.69,4.59,4.59,-0.10000000000000053,-0.061,0.0689,-0.566
2006-02-13,4.68,4.58,4.58,-0.09999999999999964,-0.0611,0.0689,-0.565
2006-02-14,4.69,4.61,4.62,-0.08999999999999986,-0.0612,0.069,-0.417
2006-02-15,4.71,4.6,4.61,-0.120000000000001,-0.0615,0.0691,-0.847
2006-02-16,4.69,4.59,4.59,-0.10000000000000053,-0.0617,0.0691,-0.554
2006-02-17,4.66,4.55,4.54,-0.10000000000000053,-0.0619,0.0691,-0.551
2006-02-21,4.71,4.59,4.57,-0.10000000000000053,-0.0623,0.0691,-0.546
2006-02-22,4.68,4.57,4.53,-0.0699999999999994,-0.0625,0.069,-0.109
2006-02-23,4.72,4.63,4.56,-0.019999999999999574,-0.0626,0.069,0.617
2006-02-24,4.74,4.64,4.58,-0.040000000000000924,-0.0628,0.0688,0.331
2006-02-27,4.74,4.66,4.59,-0.009999999999999787,-0.0629,0.0687,0.77
2006-02-28,4.69,4.61,4.55,-0.019999999999999574,-0.063,0.0686,0.627
2006-03-01,4.71,4.63,4.59,-0.040000000000000036,-0.0632,0.0685,0.339
2006-03-02,4.72,4.68,4.64,0.0,-0.0634,0.0683,0.928
2006-03-03,4.76,4.71,4.68,-0.019999999999999574,-0.0637,0.0678,0.645
2006-03-06,4.77,4.76,4.74,0.009999999999999787,-0.0639,0.0676,1.093
2006-03-07,4.77,4.76,4.74,0.009999999999999787,-0.0641,0.0673,1.101
2006-03-08,4.72,4.75,4.73,0.04999999999999982,-0.0641,0.0673,1.695
2006-03-09,4.72,4.75,4.74,0.040000000000000036,-0.0642,0.0671,1.553
2006-03-10,4.74,4.77,4.76,0.03999999999999915,-0.0644,0.0667,1.565
2006-03-13,4.74,4.78,4.77,0.05000000000000071,-0.0648,0.0658,1.745
2006-03-14,4.66,4.68,4.71,-0.010000000000000675,-0.0652,0.0651,0.848
2006-03-15,4.69,4.69,4.73,-0.040000000000000036,-0.066,0.0636,0.409
2006-03-16,4.62,4.6,4.65,-0.07000000000000117,-0.0667,0.0624,-0.053
2006-03-17,4.65,4.62,4.68,-0.08999999999999986,-0.0677,0.0609,-0.366
2006-03-20,4.65,4.61,4.66,-0.08999999999999986,-0.0685,0.0598,-0.36
2006-03-21,4.72,4.68,4.71,-0.07000000000000028,-0.0692,0.0587,-0.014
2006-03-22,4.74,4.69,4.7,-0.05999999999999961,-0.07,0.0573,0.175
2006-03-23,4.77,4.73,4.73,-0.03999999999999915,-0.0706,0.0562,0.544
2006-03-24,4.72,4.66,4.67,-0.0699999999999994,-0.0714,0.0548,0.026
2006-03-27,4.72,4.69,4.7,-0.03999999999999915,-0.0721,0.053,0.606
2006-03-28,4.81,4.79,4.79,-0.019999999999999574,-0.0727,0.0517,1.019
2006-03-29,4.82,4.79,4.81,-0.04999999999999982,-0.0734,0.0502,0.466
2006-03-30,4.84,4.83,4.86,-0.040000000000000036,-0.074,0.0486,0.7
2006-03-31,4.82,4.82,4.86,-0.040000000000000036,-0.0746,0.0474,0.73
2006-04-03,4.86,4.85,4.88,-0.040000000000000924,-0.075,0.0467,0.749
2006-04-04,4.84,4.82,4.87,-0.0699999999999994,-0.0755,0.046,0.12
2006-04-05,4.81,4.79,4.84,-0.0699999999999994,-0.076,0.0453,0.132
2006-04-06,4.84,4.84,4.9,-0.0600000000000005,-0.0765,0.0444,0.372
2006-04-07,4.89,4.89,4.97,-0.08000000000000007,-0.0769,0.0438,-0.071
2006-04-10,4.89,4.89,4.97,-0.08000000000000007,-0.0775,0.043,-0.058
2006-04-11,4.88,4.86,4.93,-0.08999999999999897,-0.0781,0.042,-0.283
2006-04-12,4.91,4.91,4.98,-0.07000000000000028,-0.0786,0.0411,0.209
2006-04-13,4.96,4.97,5.05,-0.07000000000000028,-0.0789,0.0407,0.219
2006-04-17,4.91,4.93,5.01,-0.0600000000000005,-0.0792,0.0402,0.478
2006-04-18,4.84,4.87,4.99,-0.08999999999999986,-0.0796,0.0399,-0.261
2006-04-19,4.86,4.91,5.04,-0.08000000000000007,-0.0799,0.0396,-0.003
2006-04-20,4.89,4.92,5.04,-0.08999999999999986,-0.0802,0.0394,-0.249
2006-04-21,4.9,4.92,5.01,-0.07000000000000028,-0.0804,0.0392,0.265
2006-04-24,4.89,4.9,4.99,-0.07999999999999918,-0.0807,0.039,0.018
2006-04-25,4.95,4.98,5.07,-0.05999999999999961,-0.0808,0.0389,0.535
2006-04-26,4.99,5.02,5.12,-0.07000000000000117,-0.0809,0.0388,0.281
2006-04-27,4.91,4.95,5.09,-0.09999999999999964,-0.0812,0.0386,-0.487
2006-04-28,4.87,4.92,5.07,-0.10000000000000053,-0.0815,0.0385,-0.481
2006-05-01,4.94,4.99,5.14,-0.09999999999999964,-0.0817,0.0385,-0.475
2006-05-02,4.92,4.98,5.12,-0.07999999999999918,-0.0817,0.0385,0.044
2006-05-03,4.94,5.01,5.15,-0.07000000000000117,-0.0817,0.0385,0.304
2006-05-04,4.97,5.03,5.16,-0.0699999999999994,-0.0816,0.0385,0.301
2006-05-05,4.94,4.99,5.12,-0.08000000000000007,-0.0816,0.0385,0.042
2006-05-08,4.97,5.01,5.12,-0.07000000000000028,-0.0815,0.0385,0.299
2006-05-09,4.97,5.01,5.13,-0.08000000000000007,-0.0813,0.0384,0.034
2006-05-10,5.01,5.03,5.13,-0.07999999999999918,-0.0812,0.0383,0.031
2006-05-11,4.99,5.04,5.14,-0.04999999999999982,-0.0811,0.0384,0.81
2006-05-12,5.01,5.08,5.19,-0.040000000000000036,-0.081,0.0384,1.068
2006-05-15,4.99,5.04,5.15,-0.0600000000000005,-0.081,0.0384,0.547
2006-05-16,4.96,4.99,5.1,-0.07999999999999918,-0.0809,0.0384,0.023
2006-05-17,4.97,5.03,5.16,-0.0699999999999994,-0.0809,0.0384,0.284
2006-05-18,4.94,4.96,5.08,-0.10000000000000053,-0.081,0.0384,-0.495
2006-05-19,4.96,4.96,5.05,-0.08999999999999986,-0.081,0.0384,-0.234
2006-05-22,4.94,4.94,5.04,-0.09999999999999964,-0.081,0.0385,-0.494
2006-05-23,4.97,4.98,5.07,-0.07999999999999918,-0.0811,0.0385,0.029
2006-05-24,4.94,4.93,5.03,-0.11000000000000121,-0.0813,0.0385,-0.745
2006-05-25,4.98,4.97,5.07,-0.11000000000000121,-0.0815,0.0385,-0.74
2006-05-26,4.96,4.95,5.06,-0.11999999999999922,-0.0816,0.0386,-0.995
2006-05-30,4.99,4.99,5.09,-0.09999999999999964,-0.0817,0.0386,-0.474
2006-05-31,5.04,5.04,5.12,-0.08000000000000007,-0.0817,0.0386,0.044
2006-06-01,5.04,5.03,5.11,-0.08999999999999986,-0.0817,0.0386,-0.215
2006-06-02,4.92,4.9,5.0,-0.11999999999999922,-0.0819,0.0387,-0.984
2006-06-05,4.99,4.95,5.02,-0.10999999999999943,-0.0817,0.0385,-0.735
2006-06-06,4.99,4.95,5.01,-0.09999999999999964,-0.0817,0.0384,-0.477
2006-06-07,5.02,4.97,5.02,-0.09999999999999964,-0.0817,0.0384,-0.477
2006-06-08,5.01,4.95,5.0,-0.10999999999999943,-0.0818,0.0385,-0.732
2006-06-09,5.01,4.95,4.98,-0.08999999999999986,-0.0818,0.0385,-0.213
2006-06-12,5.02,4.95,4.99,-0.10999999999999943,-0.0819,0.0385,-0.73
2006-06-13,5.02,4.93,4.97,-0.1299999999999999,-0.082,0.0386,-1.244
2006-06-14,5.11,5.03,5.05,-0.09999999999999964,-0.0821,0.0386,-0.464
2006-06-15,5.14,5.08,5.1,-0.07999999999999918,-0.0822,0.0386,0.057
2006-06-16,5.16,5.1,5.13,-0.09000000000000075,-0.0823,0.0386,-0.199
2006-06-19,5.19,5.12,5.14,-0.08999999999999986,-0.0825,0.0385,-0.195
2006-06-20,5.19,5.13,5.15,-0.08000000000000096,-0.0826,0.0384,0.068
2006-06-21,5.2,5.14,5.16,-0.08000000000000096,-0.0827,0.0384,0.07
2006-06-22,5.23,5.18,5.2,-0.07000000000000117,-0.0827,0.0384,0.331
2006-06-23,5.27,5.21,5.23,-0.08000000000000007,-0.0827,0.0384,0.07
2006-06-26,5.27,5.22,5.25,-0.08000000000000007,-0.0825,0.0383,0.065
2006-06-27,5.24,5.19,5.21,-0.0699999999999994,-0.0823,0.0382,0.322
2006-06-28,5.29,5.23,5.25,-0.07999999999999918,-0.0821,0.0381,0.055
2006-06-29,5.21,5.17,5.22,-0.08999999999999986,-0.082,0.0381,-0.21
2006-06-30,5.16,5.1,5.15,-0.11000000000000121,-0.0821,0.0381,-0.732
2006-07-03,5.17,5.11,5.15,-0.09999999999999964,-0.0821,0.0381,-0.47
2006-07-05,5.24,5.19,5.23,-0.08999999999999986,-0.0818,0.0378,-0.217
2006-07-06,5.22,5.15,5.19,-0.10999999999999943,-0.0817,0.0376,-0.753
2006-07-07,5.17,5.1,5.14,-0.11000000000000032,-0.0817,0.0376,-0.753
2006-07-10,5.17,5.1,5.13,-0.10000000000000053,-0.0816,0.0375,-0.491
2006-07-11,5.17,5.07,5.1,-0.129999999999999,-0.0817,0.0376,-1.285
2006-07-12,5.17,5.08,5.1,-0.10999999999999943,-0.0817,0.0376,-0.753
2006-07-13,5.12,5.04,5.08,-0.1200000000000001,-0.0818,0.0377,-1.013
2006-07-14,5.08,5.02,5.07,-0.11000000000000121,-0.0819,0.0377,-0.745
2006-07-17,5.12,5.04,5.07,-0.11000000000000032,-0.0819,0.0378,-0.743
2006-07-18,5.19,5.1,5.13,-0.120000000000001,-0.0821,0.0379,-1.0
2006-07-19,5.12,5.02,5.06,-0.14000000000000057,-0.0823,0.038,-1.518
2006-07-20,5.06,4.98,5.03,-0.129999999999999,-0.0825,0.0381,-1.247
2006-07-21,5.08,4.99,5.05,-0.14999999999999947,-0.0827,0.0384,-1.753
2006-07-24,5.1,4.99,5.05,-0.16999999999999904,-0.083,0.0388,-2.242
2006-07-25,5.11,5.02,5.07,-0.14000000000000146,-0.0833,0.0389,-1.458
2006-07-26,5.06,4.99,5.04,-0.11999999999999922,-0.0835,0.039,-0.936
2006-07-27,5.07,4.98,5.07,-0.17999999999999972,-0.0839,0.0394,-2.439
2006-07-28,4.98,4.92,5.0,-0.14000000000000057,-0.0842,0.0396,-1.409
2006-07-31,4.97,4.91,4.99,-0.13999999999999968,-0.0844,0.0397,-1.401
2006-08-01,4.97,4.9,4.99,-0.15999999999999925,-0.0847,0.04,-1.882
2006-08-02,4.97,4.88,4.96,-0.16999999999999993,-0.0852,0.0403,-2.104
2006-08-03,4.98,4.9,4.96,-0.13999999999999968,-0.0856,0.0404,-1.347
2006-08-04,4.91,4.84,4.91,-0.14000000000000057,-0.0859,0.0405,-1.336
2006-08-07,4.96,4.86,4.93,-0.16999999999999904,-0.0863,0.0408,-2.051
2006-08-08,4.91,4.85,4.93,-0.14000000000000057,-0.0866,0.0409,-1.306
2006-08-09,4.91,4.86,4.92,-0.10999999999999943,-0.0869,0.0408,-0.566
2006-08-10,4.93,4.86,4.93,-0.1399999999999988,-0.0874,0.0407,-1.292
2006-08-11,4.96,4.91,4.97,-0.10999999999999943,-0.0877,0.0406,-0.549
2006-08-14,5.01,4.95,5.0,-0.10999999999999943,-0.0879,0.0406,-0.544
2006-08-15,4.94,4.88,4.93,-0.11000000000000032,-0.0881,0.0406,-0.539
2006-08-16,4.87,4.81,4.87,-0.120000000000001,-0.0883,0.0406,-0.781
2006-08-17,4.89,4.82,4.87,-0.11999999999999922,-0.0886,0.0406,-0.773
2006-08-18,4.87,4.78,4.84,-0.14999999999999947,-0.089,0.0407,-1.499
2006-08-21,4.85,4.77,4.82,-0.13000000000000078,-0.0893,0.0407,-1.0
2006-08-22,4.87,4.77,4.82,-0.15000000000000124,-0.0896,0.0409,-1.477
2006-08-23,4.87,4.77,4.82,-0.15000000000000124,-0.0899,0.041,-1.466
2006-08-24,4.88,4.78,4.81,-0.129999999999999,-0.0901,0.0411,-0.971
2006-08-25,4.86,4.76,4.79,-0.13000000000000078,-0.0903,0.0412,-0.964
2006-08-28,4.88,4.77,4.8,-0.14000000000000057,-0.0906,0.0412,-1.199
2006-08-29,4.87,4.77,4.79,-0.120000000000001,-0.0909,0.0412,-0.706
2006-08-30,4.83,4.72,4.76,-0.15000000000000036,-0.0912,0.0414,-1.42
2006-08-31,4.79,4.7,4.74,-0.1299999999999999,-0.0913,0.0415,-0.933
2006-09-01,4.77,4.68,4.73,-0.14000000000000057,-0.0915,0.0415,-1.169
2006-09-05,4.8,4.73,4.78,-0.11999999999999922,-0.0915,0.0415,-0.687
2006-09-06,4.82,4.75,4.8,-0.1200000000000001,-0.0919,0.0415,-0.677
2006-09-07,4.82,4.74,4.8,-0.13999999999999968,-0.0921,0.0416,-1.151
2006-09-08,4.8,4.71,4.78,-0.16000000000000014,-0.0923,0.0418,-1.62
2006-09-11,4.83,4.74,4.8,-0.14999999999999947,-0.0923,0.0417,-1.384
2006-09-12,4.82,4.71,4.78,-0.1800000000000006,-0.0924,0.042,-2.086
2006-09-13,4.8,4.7,4.77,-0.16999999999999904,-0.0925,0.0421,-1.841
2006-09-14,4.83,4.74,4.79,-0.13999999999999968,-0.0925,0.0421,-1.128
2006-09-15,4.87,4.76,4.8,-0.15000000000000036,-0.0925,0.0421,-1.366
2006-09-18,4.88,4.77,4.81,-0.15000000000000036,-0.0925,0.0421,-1.366
2006-09-19,4.79,4.69,4.74,-0.14999999999999947,-0.0925,0.0421,-1.366
2006-09-20,4.81,4.7,4.73,-0.13999999999999968,-0.0926,0.0422,-1.123
2006-09-21,4.71,4.6,4.65,-0.16000000000000103,-0.0927,0.0423,-1.591
2006-09-22,4.67,4.55,4.6,-0.16999999999999993,-0.0928,0.0425,-1.816
2006-09-25,4.63,4.51,4.56,-0.16999999999999993,-0.0929,0.0427,-1.806
2006-09-26,4.68,4.55,4.59,-0.16999999999999993,-0.093,0.0427,-1.803
2006-09-27,4.66,4.56,4.6,-0.14000000000000057,-0.093,0.0428,-1.098
2006-09-28,4.68,4.57,4.63,-0.16999999999999904,-0.0931,0.0429,-1.793
2006-09-29,4.71,4.59,4.64,-0.16999999999999993,-0.0933,0.0431,-1.78
2006-10-02,4.66,4.56,4.62,-0.16000000000000103,-0.0934,0.0433,-1.538
2006-10-03,4.67,4.56,4.62,-0.17000000000000082,-0.0935,0.0435,-1.759
2006-10-04,4.6,4.5,4.57,-0.16999999999999993,-0.0936,0.0435,-1.756
2006-10-05,4.65,4.55,4.61,-0.16000000000000103,-0.0938,0.0437,-1.515
2006-10-06,4.74,4.64,4.7,-0.16000000000000103,-0.094,0.0439,-1.503
2006-10-10,4.82,4.71,4.75,-0.15000000000000036,-0.0941,0.044,-1.27
2006-10-11,4.85,4.75,4.78,-0.1299999999999999,-0.0942,0.0441,-0.812
2006-10-12,4.85,4.74,4.79,-0.15999999999999925,-0.0946,0.0442,-1.48
2006-10-13,4.87,4.77,4.81,-0.14000000000000057,-0.0948,0.0443,-1.02
2006-10-16,4.85,4.76,4.79,-0.1200000000000001,-0.0951,0.0442,-0.563
2006-10-17,4.83,4.73,4.78,-0.14999999999999947,-0.0954,0.0444,-1.23
2006-10-18,4.85,4.74,4.77,-0.1399999999999988,-0.0957,0.0444,-0.998
2006-10-19,4.85,4.75,4.79,-0.13999999999999968,-0.096,0.0445,-0.989
2006-10-20,4.87,4.76,4.79,-0.14000000000000057,-0.0962,0.0445,-0.984
2006-10-23,4.9,4.8,4.83,-0.13000000000000078,-0.0964,0.0446,-0.753
2006-10-24,4.91,4.81,4.83,-0.120000000000001,-0.0966,0.0446,-0.525
2006-10-25,4.88,4.75,4.78,-0.16000000000000014,-0.0969,0.0448,-1.408
2006-10-26,4.81,4.69,4.73,-0.15999999999999925,-0.0973,0.0449,-1.396
2006-10-27,4.76,4.64,4.68,-0.16000000000000014,-0.0977,0.045,-1.384
2006-10-30,4.78,4.64,4.68,-0.1800000000000006,-0.0981,0.0452,-1.812
2006-10-31,4.71,4.57,4.61,-0.17999999999999972,-0.0986,0.0455,-1.789
2006-11-01,4.66,4.52,4.57,-0.19000000000000128,-0.0991,0.0458,-1.985
2006-11-02,4.67,4.55,4.6,-0.16999999999999993,-0.0995,0.046,-1.533
2006-11-03,4.82,4.7,4.72,-0.13999999999999968,-0.0998,0.046,-0.874
2006-11-06,4.82,4.69,4.71,-0.14999999999999947,-0.1002,0.0459,-1.085
2006-11-07,4.77,4.63,4.66,-0.16999999999999993,-0.1008,0.0458,-1.511
2006-11-08,4.75,4.61,4.64,-0.16999999999999904,-0.1015,0.0457,-1.499
2006-11-09,4.75,4.6,4.62,-0.17000000000000082,-0.1021,0.0456,-1.489
2006-11-10,4.73,4.57,4.59,-0.17999999999999972,-0.1027,0.0456,-1.695
2006-11-13,4.76,4.6,4.61,-0.17000000000000082,-0.1033,0.0455,-1.466
2006-11-14,4.74,4.57,4.57,-0.16999999999999993,-0.1039,0.0453,-1.459
2006-11-15,4.8,4.62,4.61,-0.16999999999999993,-0.1044,0.0453,-1.448
2006-11-16,4.85,4.67,4.66,-0.16999999999999993,-0.1051,0.0451,-1.439
2006-11-17,4.76,4.6,4.61,-0.17000000000000082,-0.1056,0.0451,-1.428
2006-11-20,4.76,4.6,4.6,-0.16000000000000014,-0.106,0.0451,-1.197
2006-11-21,4.75,4.58,4.58,-0.16999999999999993,-0.1065,0.0451,-1.408
2006-11-22,4.74,4.57,4.57,-0.16999999999999993,-0.1069,0.0452,-1.396
2006-11-24,4.73,4.55,4.55,-0.1800000000000006,-0.1073,0.0454,-1.601
2006-11-27,4.71,4.54,4.54,-0.16999999999999993,-0.1077,0.0455,-1.369
2006-11-28,4.67,4.5,4.51,-0.17999999999999972,-0.1081,0.0457,-1.573
2006-11-29,4.69,4.51,4.52,-0.1900000000000004,-0.1085,0.046,-1.772
2006-11-30,4.62,4.45,4.46,-0.17999999999999972,-0.1089,0.0462,-1.539
2006-12-01,4.52,4.39,4.43,-0.16999999999999993,-0.1093,0.0463,-1.311
2006-12-04,4.52,4.39,4.43,-0.16999999999999993,-0.1097,0.0463,-1.302
2006-12-05,4.52,4.39,4.45,-0.1900000000000004,-0.1102,0.0465,-1.716
2006-12-06,4.59,4.44,4.48,-0.1899999999999995,-0.1108,0.0465,-1.703
2006-12-07,4.58,4.45,4.49,-0.16999999999999993,-0.1112,0.0466,-1.262
2006-12-08,4.68,4.53,4.56,-0.17999999999999883,-0.1116,0.0468,-1.462
2006-12-11,4.67,4.5,4.52,-0.1899999999999995,-0.1119,0.047,-1.662
2006-12-12,4.61,4.45,4.49,-0.20000000000000018,-0.1123,0.0473,-1.854
2006-12-13,4.7,4.54,4.58,-0.20000000000000018,-0.1128,0.0476,-1.832
2006-12-14,4.73,4.58,4.6,-0.16999999999999993,-0.1131,0.0477,-1.193
2006-12-15,4.73,4.57,4.6,-0.1899999999999995,-0.1135,0.048,-1.594
2006-12-18,4.71,4.57,4.6,-0.16999999999999904,-0.1138,0.0481,-1.168
2006-12-19,4.71,4.57,4.6,-0.16999999999999904,-0.1141,0.0482,-1.16
2006-12-20,4.71,4.57,4.6,-0.16999999999999904,-0.1144,0.0483,-1.151
2006-12-21,4.66,4.52,4.55,-0.17000000000000082,-0.1147,0.0484,-1.143
2006-12-22,4.71,4.59,4.63,-0.16000000000000014,-0.115,0.0484,-0.93
2006-12-26,4.71,4.58,4.61,-0.16000000000000014,-0.1154,0.0485,-0.92
2006-12-27,4.77,4.64,4.66,-0.15000000000000036,-0.1155,0.0485,-0.711
2006-12-28,4.82,4.69,4.7,-0.13999999999999968,-0.1157,0.0485,-0.501
2006-12-29,4.82,4.7,4.71,-0.1299999999999999,-0.1158,0.0485,-0.293
2007-01-02,4.8,4.68,4.68,-0.1200000000000001,-0.1159,0.0485,-0.085
2007-01-03,4.76,4.66,4.67,-0.10999999999999943,-0.116,0.0485,0.124
2007-01-04,4.71,4.61,4.62,-0.10999999999999943,-0.116,0.0485,0.124
2007-01-05,4.76,4.65,4.65,-0.10999999999999943,-0.116,0.0485,0.124
2007-01-08,4.78,4.66,4.66,-0.1200000000000001,-0.116,0.0485,-0.082
2007-01-09,4.79,4.65,4.66,-0.14999999999999947,-0.1162,0.0485,-0.697
2007-01-10,4.81,4.68,4.69,-0.14000000000000057,-0.1164,0.0485,-0.487
2007-01-11,4.86,4.73,4.74,-0.13999999999999968,-0.1165,0.0485,-0.485
2007-01-12,4.88,4.76,4.77,-0.1299999999999999,-0.1165,0.0485,-0.278
2007-01-16,4.86,4.74,4.75,-0.1299999999999999,-0.1166,0.0485,-0.276
2007-01-17,4.91,4.78,4.79,-0.13999999999999968,-0.1166,0.0485,-0.482
2007-01-18,4.89,4.75,4.75,-0.13999999999999968,-0.1166,0.0486,-0.481
2007-01-19,4.93,4.78,4.78,-0.14999999999999947,-0.1168,0.0486,-0.683
2007-01-22,4.91,4.77,4.76,-0.13000000000000078,-0.1168,0.0486,-0.272
2007-01-23,4.94,4.81,4.81,-0.13000000000000078,-0.1168,0.0486,-0.272
2007-01-24,4.93,4.81,4.81,-0.1200000000000001,-0.1169,0.0486,-0.064
2007-01-25,4.98,4.85,4.87,-0.15000000000000124,-0.1169,0.0486,-0.681
2007-01-26,4.99,4.87,4.88,-0.1299999999999999,-0.1169,0.0486,-0.27
2007-01-29,4.99,4.89,4.9,-0.11000000000000121,-0.1168,0.0486,0.14
2007-01-30,4.98,4.86,4.88,-0.13999999999999968,-0.1169,0.0486,-0.475
2007-01-31,4.94,4.82,4.83,-0.1299999999999999,-0.1168,0.0486,-0.272
2007-02-01,4.96,4.84,4.84,-0.1200000000000001,-0.1168,0.0486,-0.066
2007-02-02,4.94,4.82,4.83,-0.1299999999999999,-0.1167,0.0486,-0.274
2007-02-05,4.92,4.8,4.81,-0.1299999999999999,-0.1167,0.0486,-0.274
2007-02-06,4.9,4.76,4.77,-0.15000000000000036,-0.1168,0.0486,-0.683
2007-02-07,4.87,4.74,4.74,-0.1299999999999999,-0.1167,0.0486,-0.274
2007-02-08,4.87,4.73,4.73,-0.13999999999999968,-0.1167,0.0486,-0.479
2007-02-09,4.92,4.78,4.79,-0.14999999999999947,-0.1169,0.0486,-0.681
2007-02-12,4.94,4.8,4.8,-0.14000000000000057,-0.1171,0.0486,-0.471
2007-02-13,4.95,4.81,4.82,-0.15000000000000124,-0.1173,0.0487,-0.671
2007-02-14,4.87,4.72,4.74,-0.17000000000000082,-0.1175,0.0488,-1.076
2007-02-15,4.83,4.68,4.7,-0.17000000000000082,-0.1179,0.0488,-1.068
2007-02-16,4.83,4.68,4.69,-0.16000000000000103,-0.118,0.0489,-0.859
2007-02-20,4.81,4.67,4.68,-0.14999999999999947,-0.1182,0.0489,-0.65
2007-02-21,4.82,4.68,4.69,-0.15000000000000124,-0.1184,0.049,-0.645
2007-02-22,4.87,4.72,4.73,-0.16000000000000103,-0.1187,0.049,-0.843
2007-02-23,4.82,4.67,4.68,-0.16000000000000014,-0.119,0.049,-0.837
2007-02-26,4.77,4.62,4.63,-0.15999999999999925,-0.1196,0.0487,-0.83
2007-02-27,4.59,4.46,4.5,-0.16999999999999993,-0.1201,0.0485,-1.029
2007-02-28,4.65,4.52,4.56,-0.17000000000000082,-0.1207,0.0481,-1.025
2007-03-01,4.63,4.5,4.56,-0.1899999999999995,-0.1214,0.0479,-1.432
2007-03-02,4.56,4.46,4.52,-0.15999999999999925,-0.1219,0.0477,-0.799
2007-03-05,4.53,4.45,4.51,-0.13999999999999968,-0.1224,0.047,-0.374
2007-03-06,4.58,4.48,4.53,-0.14999999999999947,-0.1229,0.0466,-0.582
2007-03-07,4.54,4.45,4.5,-0.13999999999999968,-0.1235,0.0459,-0.359
2007-03-08,4.56,4.45,4.51,-0.16999999999999904,-0.1242,0.0452,-1.013
2007-03-09,4.66,4.55,4.59,-0.15000000000000036,-0.125,0.0439,-0.569
2007-03-12,4.62,4.5,4.56,-0.17999999999999972,-0.1259,0.0427,-1.267
2007-03-13,4.52,4.41,4.5,-0.1999999999999993,-0.1269,0.0417,-1.753
2007-03-14,4.54,4.44,4.53,-0.1899999999999995,-0.1278,0.0403,-1.543
2007-03-15,4.57,4.46,4.54,-0.1900000000000004,-0.1285,0.0398,-1.545
2007-03-16,4.58,4.47,4.55,-0.1900000000000004,-0.1291,0.0396,-1.538
2007-03-19,4.61,4.5,4.58,-0.1900000000000004,-0.1296,0.0396,-1.525
2007-03-20,4.6,4.47,4.56,-0.21999999999999975,-0.1301,0.04,-2.247
2007-03-21,4.51,4.43,4.53,-0.1800000000000006,-0.1305,0.04,-1.238
2007-03-22,4.58,4.49,4.6,-0.1999999999999993,-0.131,0.0401,-1.721
2007-03-23,4.6,4.52,4.62,-0.1800000000000006,-0.1315,0.0399,-1.216
2007-03-26,4.56,4.48,4.6,-0.1999999999999984,-0.1321,0.0397,-1.71
2007-03-27,4.58,4.5,4.62,-0.20000000000000018,-0.1326,0.0398,-1.693
2007-03-28,4.53,4.5,4.62,-0.15000000000000036,-0.1331,0.0394,-0.429
2007-03-29,4.58,4.53,4.64,-0.15999999999999925,-0.1336,0.0387,-0.682
2007-03-30,4.58,4.54,4.65,-0.15000000000000036,-0.134,0.0384,-0.417
2007-04-02,4.6,4.54,4.65,-0.16999999999999993,-0.1345,0.038,-0.934
2007-04-03,4.63,4.56,4.67,-0.1800000000000006,-0.1351,0.0376,-1.194
2007-04-04,4.61,4.55,4.66,-0.17000000000000082,-0.1356,0.0372,-0.925
2007-04-05,4.63,4.57,4.68,-0.16999999999999904,-0.136,0.037,-0.919
2007-04-06,4.75,4.67,4.76,-0.16999999999999993,-0.1364,0.0369,-0.911
2007-04-09,4.73,4.66,4.75,-0.16000000000000014,-0.1368,0.0366,-0.634
2007-04-10,4.71,4.63,4.73,-0.1800000000000006,-0.1372,0.0365,-1.173
2007-04-11,4.73,4.66,4.74,-0.15000000000000036,-0.1375,0.0363,-0.344
2007-04-12,4.73,4.66,4.74,-0.15000000000000036,-0.1377,0.0362,-0.34
2007-04-13,4.76,4.68,4.76,-0.16000000000000014,-0.1381,0.036,-0.608
2007-04-16,4.74,4.67,4.74,-0.14000000000000057,-0.1383,0.0357,-0.048
2007-04-17,4.68,4.61,4.69,-0.14999999999999947,-0.1387,0.0354,-0.319
2007-04-18,4.64,4.56,4.66,-0.1800000000000006,-0.139,0.0353,-1.161
2007-04-19,4.64,4.57,4.68,-0.17999999999999883,-0.1394,0.0352,-1.153
2007-04-20,4.64,4.57,4.68,-0.17999999999999883,-0.1398,0.0352,-1.142
2007-04-23,4.62,4.55,4.66,-0.1800000000000006,-0.1402,0.035,-1.137
2007-04-24,4.58,4.51,4.63,-0.1900000000000004,-0.1407,0.0349,-1.413
2007-04-25,4.63,4.55,4.66,-0.1900000000000004,-0.1412,0.0347,-1.406
2007-04-26,4.67,4.59,4.69,-0.1800000000000006,-0.1416,0.0345,-1.113
2007-04-27,4.67,4.59,4.71,-0.20000000000000018,-0.142,0.0346,-1.676
2007-04-30,4.6,4.51,4.63,-0.20999999999999996,-0.1425,0.0347,-1.945
2007-05-01,4.63,4.54,4.64,-0.1899999999999995,-0.1428,0.0348,-1.356
2007-05-02,4.65,4.55,4.65,-0.20000000000000107,-0.1433,0.0347,-1.634
2007-05-03,4.71,4.59,4.68,-0.20999999999999996,-0.1438,0.0347,-1.908
2007-05-04,4.68,4.55,4.65,-0.23000000000000043,-0.1445,0.0348,-2.457
2007-05-07,4.68,4.55,4.64,-0.21999999999999975,-0.145,0.0349,-2.149
2007-05-08,4.68,4.54,4.63,-0.22999999999999954,-0.1457,0.0349,-2.415
2007-05-09,4.73,4.58,4.67,-0.2400000000000002,-0.1463,0.0352,-2.662
2007-05-10,4.7,4.56,4.65,-0.23000000000000131,-0.1469,0.0353,-2.354
2007-05-11,4.71,4.58,4.67,-0.21999999999999975,-0.1476,0.0351,-2.063
2007-05-14,4.73,4.61,4.69,-0.20000000000000018,-0.1482,0.0346,-1.497
2007-05-15,4.75,4.63,4.71,-0.20000000000000018,-0.1488,0.0343,-1.493
2007-05-16,4.73,4.62,4.71,-0.20000000000000018,-0.1492,0.0342,-1.485
2007-05-17,4.78,4.68,4.76,-0.1800000000000006,-0.1497,0.0339,-0.894
2007-05-18,4.82,4.74,4.81,-0.14999999999999947,-0.1499,0.0337,-0.003
2007-05-21,4.81,4.71,4.79,-0.17999999999999972,-0.1502,0.0336,-0.887
2007-05-22,4.83,4.76,4.83,-0.14000000000000057,-0.1504,0.0334,0.311
2007-05-23,4.85,4.79,4.86,-0.1299999999999999,-0.1506,0.0331,0.622
2007-05-24,4.85,4.79,4.86,-0.1299999999999999,-0.1507,0.0331,0.625
2007-05-25,4.85,4.8,4.86,-0.11000000000000032,-0.1507,0.0331,1.23
2007-05-29,4.88,4.82,4.88,-0.11999999999999922,-0.1507,0.0331,0.927
2007-05-30,4.89,4.83,4.88,-0.10999999999999943,-0.1507,0.033,1.233
2007-05-31,4.92,4.86,4.9,-0.09999999999999964,-0.1508,0.0329,1.544
2007-06-01,4.97,4.92,4.95,-0.08000000000000007,-0.1508,0.0329,2.152
2007-06-04,4.97,4.91,4.93,-0.07999999999999918,-0.1506,0.0332,2.127
2007-06-05,4.99,4.96,4.98,-0.05000000000000071,-0.1504,0.0337,2.979
2007-06-06,4.97,4.94,4.97,-0.05999999999999872,-0.1502,0.034,2.653
2007-06-07,5.03,5.05,5.11,-0.040000000000000924,-0.15,0.0346,3.179
2007-06-08,5.01,5.06,5.12,-0.010000000000000675,-0.1496,0.0356,3.921
2007-06-11,5.01,5.07,5.14,-0.009999999999998899,-0.1492,0.0365,3.814
2007-06-12,5.08,5.18,5.26,0.019999999999999574,-0.1487,0.0379,4.451
2007-06-13,5.08,5.13,5.2,-0.020000000000000462,-0.1483,0.0388,3.307
2007-06-14,5.1,5.16,5.23,-0.009999999999999787,-0.1479,0.0396,3.482
2007-06-15,5.05,5.1,5.16,-0.010000000000000675,-0.1477,0.0403,3.417
2007-06-18,5.01,5.07,5.15,-0.019999999999999574,-0.1474,0.041,3.107
2007-06-19,4.94,5.0,5.09,-0.03000000000000025,-0.1471,0.0415,2.822
2007-06-20,4.97,5.05,5.14,-0.009999999999999787,-0.1469,0.0422,3.244
2007-06-21,4.98,5.06,5.16,-0.02000000000000135,-0.1466,0.0427,2.965
2007-06-22,4.92,5.02,5.14,-0.020000000000000462,-0.1464,0.0432,2.926
2007-06-25,4.87,4.97,5.09,-0.020000000000000462,-0.1462,0.0437,2.888
2007-06-26,4.9,4.99,5.1,-0.019999999999999574,-0.146,0.0442,2.851
2007-06-27,4.91,4.97,5.09,-0.0600000000000005,-0.1459,0.0443,1.939
2007-06-28,4.96,5.02,5.12,-0.040000000000000924,-0.1458,0.0446,2.372
2007-06-29,4.87,4.92,5.03,-0.0600000000000005,-0.1456,0.0448,1.911
2007-07-02,4.86,4.9,5.0,-0.05999999999999961,-0.1454,0.0451,1.894
2007-07-03,4.89,4.95,5.05,-0.03999999999999915,-0.1452,0.0455,2.312
2007-07-05,4.99,5.05,5.16,-0.05000000000000071,-0.145,0.0457,2.079
2007-07-06,4.99,5.1,5.19,0.019999999999998685,-0.1445,0.0468,3.515
2007-07-09,4.97,5.07,5.16,0.010000000000000675,-0.144,0.0478,3.222
2007-07-10,4.85,4.93,5.03,-0.020000000000000462,-0.1437,0.0483,2.561
2007-07-11,4.89,4.98,5.09,-0.019999999999998685,-0.1433,0.049,2.516
2007-07-12,4.94,5.03,5.13,-0.009999999999999787,-0.1429,0.0496,2.679
2007-07-13,4.94,5.01,5.11,-0.030000000000001137,-0.1425,0.0501,2.246
2007-07-16,4.89,4.95,5.05,-0.03999999999999915,-0.1423,0.0505,2.026
2007-07-17,4.91,4.98,5.08,-0.02999999999999936,-0.1419,0.0509,2.198
2007-07-18,4.84,4.91,5.02,-0.03999999999999915,-0.1416,0.0513,1.981
2007-07-19,4.87,4.94,5.04,-0.02999999999999936,-0.1412,0.0518,2.147
2007-07-20,4.79,4.85,4.96,-0.05000000000000071,-0.1409,0.0521,1.745
2007-07-23,4.8,4.86,4.97,-0.049999999999998934,-0.1405,0.0524,1.727
2007-07-24,4.77,4.82,4.94,-0.0699999999999994,-0.1401,0.0526,1.333
2007-07-25,4.74,4.8,4.92,-0.0600000000000005,-0.1398,0.0528,1.511
2007-07-26,4.56,4.61,4.79,-0.129999999999999,-0.1398,0.0528,0.186
2007-07-27,4.56,4.6,4.8,-0.16000000000000014,-0.1397,0.0528,-0.384
2007-07-30,4.59,4.64,4.82,-0.13000000000000078,-0.1397,0.0528,0.184
2007-07-31,4.56,4.6,4.78,-0.14000000000000057,-0.1397,0.0528,-0.006
2007-08-01,4.56,4.6,4.76,-0.1200000000000001,-0.1395,0.0528,0.369
2007-08-02,4.59,4.62,4.77,-0.11999999999999922,-0.1393,0.0528,0.366
2007-08-03,4.46,4.52,4.71,-0.13000000000000078,-0.1393,0.0528,0.176
2007-08-06,4.46,4.52,4.72,-0.14000000000000057,-0.1393,0.0528,-0.013
2007-08-07,4.56,4.6,4.77,-0.1299999999999999,-0.1391,0.0527,0.173
2007-08-08,4.64,4.69,4.84,-0.09999999999999876,-0.139,0.0528,0.739
2007-08-09,4.49,4.58,4.79,-0.1200000000000001,-0.139,0.0528,0.36
2007-08-10,4.47,4.59,4.81,-0.09999999999999964,-0.1388,0.0528,0.735
2007-08-13,4.46,4.57,4.78,-0.09999999999999964,-0.1388,0.0528,0.735
2007-08-14,4.39,4.51,4.73,-0.10000000000000053,-0.1388,0.0529,0.733
2007-08-15,4.27,4.41,4.69,-0.13999999999999968,-0.1389,0.0528,-0.021
2007-08-16,4.08,4.26,4.6,-0.16000000000000014,-0.139,0.0528,-0.398
2007-08-17,4.18,4.35,4.68,-0.16000000000000014,-0.1392,0.0528,-0.394
2007-08-20,4.11,4.32,4.64,-0.10999999999999943,-0.139,0.0529,0.548
2007-08-21,4.05,4.27,4.6,-0.11000000000000032,-0.139,0.0529,0.548
2007-08-22,4.15,4.34,4.63,-0.10000000000000053,-0.1388,0.053,0.732
2007-08-23,4.2,4.36,4.62,-0.09999999999999964,-0.1386,0.053,0.728
2007-08-24,4.3,4.42,4.63,-0.08999999999999986,-0.1384,0.0531,0.911
2007-08-27,4.28,4.39,4.6,-0.10000000000000053,-0.1383,0.0531,0.721
2007-08-28,4.13,4.25,4.53,-0.16000000000000014,-0.1384,0.0532,-0.406
2007-08-29,4.14,4.31,4.57,-0.09000000000000075,-0.1383,0.0532,0.908
2007-08-30,4.08,4.21,4.51,-0.16999999999999993,-0.1383,0.0533,-0.595
2007-08-31,4.15,4.25,4.54,-0.1900000000000004,-0.1386,0.0534,-0.963
2007-09-04,4.13,4.26,4.56,-0.16999999999999993,-0.1387,0.0534,-0.586
2007-09-05,4.03,4.16,4.48,-0.1900000000000004,-0.139,0.0535,-0.953
2007-09-06,4.08,4.2,4.51,-0.1899999999999995,-0.1392,0.0536,-0.948
2007-09-07,3.9,4.03,4.38,-0.21999999999999975,-0.1396,0.0538,-1.494
2007-09-10,3.87,4.0,4.34,-0.20999999999999996,-0.1398,0.054,-1.3
2007-09-11,3.95,4.07,4.37,-0.17999999999999972,-0.1399,0.054,-0.743
2007-09-12,3.95,4.11,4.41,-0.13999999999999968,-0.1397,0.054,-0.006
2007-09-13,4.08,4.22,4.49,-0.13000000000000078,-0.1396,0.0539,0.178
2007-09-14,4.05,4.18,4.47,-0.16000000000000014,-0.1396,0.054,-0.378
2007-09-17,4.08,4.21,4.48,-0.14000000000000057,-0.1396,0.054,-0.007
2007-09-18,4.0,4.19,4.5,-0.11999999999999922,-0.1395,0.054,0.361
2007-09-19,4.0,4.2,4.53,-0.1299999999999999,-0.1394,0.054,0.174
2007-09-20,4.1,4.35,4.69,-0.09000000000000075,-0.1392,0.0541,0.909
2007-09-21,4.06,4.31,4.64,-0.08000000000000007,-0.1389,0.0542,1.087
2007-09-24,4.05,4.31,4.63,-0.0600000000000005,-0.1385,0.0544,1.443
2007-09-25,4.0,4.26,4.63,-0.11000000000000032,-0.1382,0.0544,0.518
2007-09-26,3.97,4.27,4.63,-0.060000000000001386,-0.1378,0.0545,1.428
2007-09-27,3.95,4.22,4.58,-0.09000000000000075,-0.1376,0.0546,0.872
2007-09-28,3.97,4.23,4.59,-0.09999999999999964,-0.1373,0.0546,0.683
2007-10-01,4.02,4.24,4.56,-0.09999999999999876,-0.137,0.0546,0.678
2007-10-02,3.98,4.2,4.54,-0.1200000000000001,-0.1369,0.0546,0.31
2007-10-03,4.02,4.24,4.55,-0.08999999999999897,-0.1365,0.0547,0.85
2007-10-04,4.0,4.22,4.54,-0.10000000000000053,-0.1363,0.0547,0.664
2007-10-05,4.08,4.33,4.65,-0.07000000000000028,-0.1359,0.0548,1.203
2007-10-09,4.15,4.38,4.67,-0.0600000000000005,-0.1355,0.055,1.373
2007-10-10,4.15,4.37,4.65,-0.0600000000000005,-0.1352,0.0552,1.362
2007-10-11,4.13,4.36,4.66,-0.0699999999999994,-0.1349,0.0554,1.171
2007-10-12,4.23,4.42,4.7,-0.09000000000000075,-0.1346,0.0554,0.805
2007-10-15,4.22,4.4,4.69,-0.10999999999999943,-0.1345,0.0554,0.442
2007-10-16,4.12,4.34,4.66,-0.10000000000000053,-0.1344,0.0555,0.62
2007-10-17,4.0,4.22,4.57,-0.13000000000000078,-0.1344,0.0555,0.079
2007-10-18,3.93,4.17,4.52,-0.10999999999999943,-0.1342,0.0555,0.436
2007-10-19,3.8,4.03,4.41,-0.14999999999999947,-0.1343,0.0555,-0.283
2007-10-22,3.85,4.08,4.42,-0.10999999999999943,-0.1342,0.0555,0.436
2007-10-23,3.81,4.06,4.41,-0.10000000000000142,-0.134,0.0555,0.613
2007-10-24,3.74,3.99,4.36,-0.1200000000000001,-0.134,0.0555,0.252
2007-10-25,3.74,4.01,4.37,-0.09000000000000075,-0.1338,0.0556,0.788
2007-10-26,3.77,4.04,4.41,-0.09999999999999964,-0.1335,0.0556,0.603
2007-10-29,3.79,4.04,4.39,-0.09999999999999964,-0.1333,0.0556,0.599
2007-10-30,3.82,4.06,4.4,-0.10000000000000142,-0.133,0.0556,0.594
2007-10-31,3.94,4.16,4.48,-0.09999999999999964,-0.1327,0.0555,0.589
2007-11-01,3.77,4.02,4.36,-0.09000000000000075,-0.1323,0.0555,0.762
2007-11-02,3.66,3.93,4.31,-0.10999999999999943,-0.132,0.0554,0.397
2007-11-05,3.69,3.96,4.35,-0.11999999999999922,-0.1319,0.0554,0.215
2007-11-06,3.7,3.99,4.38,-0.09999999999999964,-0.1317,0.0555,0.571
2007-11-07,3.61,3.92,4.34,-0.10999999999999943,-0.1315,0.0554,0.388
2007-11-08,3.47,3.81,4.28,-0.1299999999999999,-0.1313,0.0554,0.023
2007-11-09,3.42,3.77,4.23,-0.11000000000000032,-0.1311,0.0553,0.382
2007-11-13,3.54,3.84,4.26,-0.1200000000000001,-0.1309,0.0553,0.197
2007-11-14,3.57,3.86,4.28,-0.1299999999999999,-0.1307,0.0552,0.013
2007-11-15,3.35,3.71,4.17,-0.09999999999999964,-0.1304,0.0552,0.551
2007-11-16,3.33,3.68,4.15,-0.1200000000000001,-0.1302,0.0551,0.185
2007-11-19,3.18,3.57,4.07,-0.11000000000000076,-0.13,0.0551,0.363
2007-11-20,3.14,3.52,4.06,-0.1599999999999997,-0.13,0.0551,-0.544
2007-11-21,2.99,3.4,4.0,-0.1900000000000004,-0.1301,0.0552,-1.085
2007-11-23,3.07,3.42,4.01,-0.23999999999999977,-0.1304,0.0555,-1.975
2007-11-26,2.92,3.23,3.83,-0.29000000000000004,-0.1308,0.0564,-2.823
2007-11-27,3.05,3.38,3.95,-0.2400000000000002,-0.1311,0.0567,-1.921
2007-11-28,3.17,3.5,4.03,-0.20000000000000018,-0.1312,0.0568,-1.211
2007-11-29,3.06,3.42,3.94,-0.16000000000000014,-0.1311,0.0568,-0.509
2007-11-30,3.04,3.41,3.97,-0.18999999999999995,-0.1311,0.0568,-1.037
2007-12-03,2.9,3.28,3.89,-0.23000000000000043,-0.1313,0.057,-1.732
2007-12-04,2.9,3.28,3.89,-0.23000000000000043,-0.1315,0.0573,-1.719
2007-12-05,2.9,3.28,3.92,-0.26000000000000023,-0.1319,0.0578,-2.216
2007-12-06,3.03,3.39,4.02,-0.26999999999999913,-0.1322,0.0584,-2.36
2007-12-07,3.12,3.51,4.12,-0.22000000000000064,-0.1323,0.0585,-1.499
2007-12-10,3.17,3.54,4.15,-0.2400000000000002,-0.1326,0.0589,-1.823
2007-12-11,2.94,3.32,3.98,-0.28000000000000025,-0.133,0.0595,-2.471
2007-12-12,3.07,3.41,4.05,-0.2999999999999994,-0.1335,0.0603,-2.761
2007-12-13,3.21,3.54,4.18,-0.3099999999999996,-0.1339,0.0612,-2.877
2007-12-14,3.31,3.63,4.24,-0.2900000000000005,-0.1342,0.0619,-2.517
2007-12-17,3.24,3.57,4.2,-0.3000000000000007,-0.1348,0.0627,-2.635
2007-12-18,3.19,3.53,4.14,-0.27,-0.1351,0.0632,-2.134
2007-12-19,3.12,3.46,4.06,-0.2599999999999998,-0.1354,0.0636,-1.959
2007-12-20,3.09,3.45,4.04,-0.22999999999999954,-0.1357,0.0639,-1.476
2007-12-21,3.19,3.58,4.18,-0.20999999999999952,-0.1358,0.064,-1.159
2007-12-24,3.24,3.65,4.23,-0.17000000000000082,-0.1358,0.064,-0.534
2007-12-26,3.31,3.72,4.3,-0.16999999999999904,-0.1359,0.064,-0.533
2007-12-27,3.24,3.64,4.21,-0.16999999999999993,-0.1359,0.064,-0.533
2007-12-28,3.12,3.52,4.11,-0.1900000000000004,-0.1361,0.0641,-0.841
2007-12-31,3.05,3.45,4.04,-0.1899999999999995,-0.1363,0.0642,-0.836
2008-01-02,2.88,3.28,3.91,-0.23000000000000043,-0.1367,0.0645,-1.447
2008-01-03,2.83,3.26,3.91,-0.22000000000000064,-0.1371,0.0647,-1.281
2008-01-04,2.74,3.18,3.88,-0.2599999999999998,-0.1377,0.0651,-1.879
2008-01-07,2.76,3.16,3.86,-0.2999999999999994,-0.1384,0.0659,-2.452
2008-01-08,2.76,3.16,3.86,-0.2999999999999994,-0.1392,0.0667,-2.411
2008-01-09,2.69,3.1,3.82,-0.3099999999999996,-0.1399,0.0675,-2.52
2008-01-10,2.71,3.16,3.91,-0.2999999999999998,-0.1405,0.0683,-2.335
2008-01-11,2.59,3.06,3.82,-0.2899999999999996,-0.1411,0.0689,-2.161
2008-01-14,2.58,3.08,3.81,-0.22999999999999998,-0.1415,0.0691,-1.281
2008-01-15,2.53,3.0,3.72,-0.25,-0.1419,0.0695,-1.555
2008-01-16,2.51,3.0,3.74,-0.25,-0.1424,0.0698,-1.542
2008-01-17,2.44,2.9,3.66,-0.30000000000000027,-0.1431,0.0705,-2.226
2008-01-18,2.36,2.86,3.66,-0.30000000000000027,-0.1437,0.0712,-2.195
2008-01-22,2.08,2.64,3.52,-0.31999999999999984,-0.1444,0.0721,-2.436
2008-01-23,2.09,2.64,3.51,-0.3199999999999994,-0.1451,0.0729,-2.399
2008-01-24,2.25,2.85,3.68,-0.22999999999999998,-0.1455,0.0731,-1.156
2008-01-25,2.23,2.81,3.61,-0.21999999999999975,-0.1459,0.0732,-1.012
2008-01-28,2.2,2.8,3.61,-0.2100000000000004,-0.1462,0.0733,-0.87
2008-01-29,2.29,2.87,3.69,-0.23999999999999977,-0.1466,0.0736,-1.269
2008-01-30,2.3,2.96,3.78,-0.1599999999999997,-0.1468,0.0735,-0.18
2008-01-31,2.17,2.82,3.67,-0.20000000000000018,-0.147,0.0736,-0.72
2008-02-01,2.09,2.75,3.62,-0.20999999999999996,-0.1473,0.0737,-0.851
2008-02-04,2.08,2.78,3.68,-0.20000000000000062,-0.1477,0.0737,-0.71
2008-02-05,1.93,2.66,3.61,-0.2199999999999993,-0.148,0.0739,-0.974
2008-02-06,1.96,2.67,3.61,-0.22999999999999998,-0.1484,0.0741,-1.101
2008-02-07,1.99,2.79,3.74,-0.15000000000000036,-0.1484,0.0741,-0.022
2008-02-08,1.93,2.69,3.64,-0.18999999999999995,-0.1487,0.0741,-0.557
2008-02-11,1.93,2.67,3.62,-0.20999999999999996,-0.1489,0.0742,-0.823
2008-02-12,1.94,2.71,3.66,-0.18000000000000016,-0.149,0.0742,-0.418
2008-02-13,1.91,2.71,3.7,-0.1900000000000004,-0.1492,0.0743,-0.549
2008-02-14,1.93,2.81,3.85,-0.1599999999999997,-0.1493,0.0743,-0.144
2008-02-15,1.91,2.76,3.76,-0.15000000000000036,-0.1492,0.0742,-0.011
2008-02-19,2.06,2.93,3.89,-0.08999999999999986,-0.1489,0.0743,0.793
2008-02-20,2.14,3.02,3.93,-0.03000000000000025,-0.1484,0.0747,1.585
2008-02-21,1.98,2.8,3.77,-0.15000000000000036,-0.1484,0.0747,-0.021
2008-02-22,1.98,2.81,3.79,-0.1499999999999999,-0.1484,0.0747,-0.021
2008-02-25,2.13,2.98,3.91,-0.08000000000000007,-0.1481,0.0748,0.91
2008-02-26,2.04,2.92,3.88,-0.08000000000000007,-0.1477,0.0749,0.904
2008-02-27,2.01,2.89,3.85,-0.07999999999999963,-0.1474,0.0751,0.897
2008-02-28,1.87,2.73,3.71,-0.1200000000000001,-0.1472,0.0751,0.362
2008-02-29,1.65,2.5,3.53,-0.17999999999999972,-0.1473,0.0751,-0.435
2008-03-03,1.61,2.48,3.54,-0.1900000000000004,-0.1473,0.0751,-0.569
2008-03-04,1.65,2.53,3.63,-0.2200000000000002,-0.1475,0.0752,-0.964
2008-03-05,1.66,2.59,3.7,-0.1800000000000006,-0.1477,0.0752,-0.43
2008-03-06,1.53,2.5,3.62,-0.15000000000000036,-0.1477,0.0752,-0.031
2008-03-07,1.53,2.45,3.56,-0.18999999999999995,-0.1479,0.0753,-0.559
2008-03-10,1.47,2.37,3.46,-0.1899999999999995,-0.1479,0.0753,-0.559
2008-03-11,1.74,2.61,3.6,-0.12000000000000055,-0.1478,0.0753,0.369
2008-03-12,1.63,2.49,3.49,-0.13999999999999968,-0.1477,0.0753,0.102
2008-03-13,1.63,2.53,3.56,-0.13000000000000034,-0.1474,0.0752,0.231
2008-03-14,1.47,2.37,3.44,-0.16999999999999948,-0.1473,0.0752,-0.302
2008-03-17,1.35,2.23,3.34,-0.22999999999999998,-0.1475,0.0753,-1.096
2008-03-18,1.58,2.42,3.48,-0.2200000000000002,-0.1476,0.0754,-0.96
2008-03-19,1.54,2.36,3.38,-0.20000000000000018,-0.1476,0.0755,-0.694
2008-03-20,1.59,2.36,3.34,-0.20999999999999996,-0.1476,0.0754,-0.828
2008-03-24,1.84,2.64,3.56,-0.11999999999999966,-0.1473,0.0754,0.362
2008-03-25,1.79,2.61,3.51,-0.08000000000000007,-0.1469,0.0755,0.886
2008-03-26,1.71,2.55,3.51,-0.1200000000000001,-0.1466,0.0755,0.352
2008-03-27,1.73,2.61,3.56,-0.07000000000000028,-0.1461,0.0755,1.008
2008-03-28,1.67,2.51,3.47,-0.12000000000000055,-0.1458,0.0755,0.342
2008-03-31,1.62,2.46,3.45,-0.15000000000000036,-0.1458,0.0755,-0.056
2008-04-01,1.8,2.65,3.57,-0.06999999999999984,-0.1454,0.0756,0.997
2008-04-02,1.88,2.72,3.6,-0.03999999999999959,-0.145,0.0759,1.383
2008-04-03,1.91,2.75,3.61,-0.020000000000000018,-0.1444,0.0763,1.63
2008-04-04,1.83,2.63,3.5,-0.07000000000000028,-0.144,0.0764,0.969
2008-04-07,1.95,2.75,3.57,-0.020000000000000018,-0.1434,0.0768,1.607
2008-04-08,1.87,2.72,3.58,-0.009999999999999787,-0.1427,0.0772,1.719
2008-04-09,1.77,2.59,3.49,-0.08000000000000052,-0.1424,0.0773,0.807
2008-04-10,1.84,2.66,3.55,-0.0699999999999994,-0.142,0.0774,0.93
2008-04-11,1.76,2.57,3.49,-0.11000000000000032,-0.1417,0.0774,0.41
2008-04-14,1.78,2.6,3.53,-0.10999999999999988,-0.1416,0.0774,0.408
2008-04-15,1.84,2.68,3.6,-0.07999999999999963,-0.1413,0.0775,0.791
2008-04-16,1.98,2.82,3.72,-0.0600000000000005,-0.1409,0.0777,1.041
2008-04-17,2.13,2.9,3.75,-0.08000000000000007,-0.1407,0.0778,0.78
2008-04-18,2.19,2.95,3.77,-0.05999999999999961,-0.1403,0.078,1.029
2008-04-21,2.2,2.95,3.75,-0.04999999999999982,-0.1398,0.0781,1.15
2008-04-22,2.24,2.96,3.74,-0.0600000000000005,-0.1393,0.0782,1.014
2008-04-23,2.22,2.98,3.77,-0.03000000000000025,-0.1387,0.0785,1.385
2008-04-24,2.41,3.15,3.87,0.019999999999999574,-0.1379,0.0791,1.996
2008-04-25,2.44,3.2,3.91,0.050000000000000266,-0.137,0.0799,2.34
2008-04-28,2.36,3.14,3.86,0.0600000000000005,-0.136,0.0808,2.426
2008-04-29,2.35,3.11,3.85,0.019999999999999574,-0.1352,0.0813,1.909
2008-04-30,2.29,3.03,3.77,-4.440892098500626e-16,-0.1344,0.0817,1.645
2008-05-01,2.37,3.06,3.78,-0.029999999999999805,-0.1337,0.0818,1.268
2008-05-02,2.47,3.18,3.89,0.0,-0.1329,0.0822,1.617
2008-05-05,2.42,3.14,3.88,-0.019999999999999574,-0.1322,0.0824,1.362
2008-05-06,2.38,3.15,3.93,-0.010000000000000231,-0.1314,0.0826,1.47
2008-05-07,2.31,3.09,3.87,-4.440892098500626e-16,-0.1305,0.0827,1.578
2008-05-08,2.25,2.99,3.79,-0.05999999999999961,-0.1299,0.0827,0.845
2008-05-09,2.25,2.98,3.77,-0.06000000000000005,-0.1292,0.0825,0.839
2008-05-12,2.3,3.0,3.78,-0.07999999999999963,-0.1286,0.0823,0.591
2008-05-13,2.47,3.17,3.9,-0.03000000000000025,-0.1278,0.0823,1.188
2008-05-14,2.53,3.22,3.92,-0.009999999999999343,-0.1269,0.0824,1.419
2008-05-15,2.45,3.1,3.83,-0.08000000000000007,-0.1265,0.0823,0.565
2008-05-16,2.47,3.12,3.85,-0.08000000000000007,-0.126,0.0823,0.559
2008-05-19,2.42,3.09,3.83,-0.07000000000000028,-0.1255,0.0822,0.675
2008-05-20,2.34,3.02,3.78,-0.07999999999999963,-0.1251,0.0822,0.549
2008-05-21,2.41,3.09,3.81,-0.04000000000000048,-0.1246,0.0823,1.028
2008-05-22,2.56,3.24,3.92,4.440892098500626e-16,-0.1239,0.0826,1.5
2008-05-23,2.46,3.15,3.85,-0.010000000000000231,-0.1234,0.0829,1.368
2008-05-27,2.55,3.25,3.93,0.020000000000000018,-0.1228,0.0834,1.712
2008-05-28,2.62,3.36,4.03,0.0699999999999994,-0.122,0.0843,2.278
2008-05-29,2.67,3.41,4.08,0.07000000000000028,-0.1213,0.0852,2.245
2008-05-30,2.66,3.41,4.06,0.10000000000000053,-0.1204,0.0863,2.554
2008-06-02,2.51,3.28,3.98,0.06999999999999984,-0.1197,0.0871,2.178
2008-06-03,2.45,3.21,3.92,0.04999999999999982,-0.1191,0.0878,1.926
2008-06-04,2.47,3.26,3.98,0.06999999999999895,-0.1185,0.0885,2.13
2008-06-05,2.52,3.34,4.06,0.10000000000000053,-0.1178,0.0896,2.431
2008-06-06,2.4,3.2,3.94,0.06000000000000005,-0.1174,0.0902,1.967
2008-06-09,2.73,3.41,4.02,0.07000000000000028,-0.1169,0.0909,2.056
2008-06-10,2.91,3.54,4.11,0.05999999999999961,-0.1165,0.0914,1.931
2008-06-11,2.83,3.49,4.1,0.05000000000000071,-0.1162,0.0918,1.81
2008-06-12,3.03,3.68,4.23,0.09999999999999964,-0.1158,0.0925,2.333
2008-06-13,3.05,3.73,4.27,0.14000000000000057,-0.1153,0.0935,2.73
2008-06-16,3.02,3.73,4.25,0.1899999999999995,-0.1145,0.0953,3.195
2008-06-17,2.94,3.66,4.23,0.15000000000000036,-0.1138,0.0965,2.734
2008-06-18,2.89,3.57,4.16,0.08999999999999986,-0.1135,0.0972,2.094
2008-06-19,2.99,3.67,4.22,0.1299999999999999,-0.1129,0.0982,2.474
2008-06-20,2.88,3.57,4.16,0.09999999999999964,-0.1123,0.099,2.144
2008-06-23,2.98,3.65,4.19,0.1299999999999999,-0.1118,0.0999,2.42
2008-06-24,2.87,3.52,4.1,0.07000000000000028,-0.1114,0.1004,1.807
2008-06-25,2.82,3.54,4.12,0.13999999999999968,-0.1108,0.1015,2.471
2008-06-26,2.68,3.44,4.07,0.129999999999999,-0.1102,0.1025,2.343
2008-06-27,2.65,3.36,3.99,0.08000000000000007,-0.1098,0.103,1.843
2008-06-30,2.63,3.34,3.99,0.05999999999999961,-0.1093,0.1035,1.636
2008-07-01,2.63,3.33,4.01,0.020000000000000462,-0.1091,0.1038,1.244
2008-07-02,2.6,3.31,3.99,0.02999999999999936,-0.1087,0.1041,1.332
2008-07-03,2.54,3.28,3.99,0.02999999999999936,-0.1084,0.1044,1.326
2008-07-07,2.47,3.23,3.95,0.03999999999999959,-0.1081,0.1047,1.415
2008-07-08,2.47,3.19,3.91,-4.440892098500626e-16,-0.1079,0.1049,1.029
2008-07-09,2.41,3.11,3.85,-0.04000000000000048,-0.1081,0.1047,0.65
2008-07-10,2.44,3.1,3.83,-0.06999999999999984,-0.1084,0.1044,0.368
2008-07-11,2.59,3.27,3.96,-0.009999999999999787,-0.1084,0.1045,0.942
2008-07-14,2.47,3.2,3.9,0.03000000000000025,-0.1082,0.1047,1.32
2008-07-15,2.39,3.12,3.87,-0.020000000000000018,-0.1082,0.1046,0.843
2008-07-16,2.44,3.2,3.97,-0.009999999999999787,-0.1081,0.1047,0.937
2008-07-17,2.58,3.35,4.07,0.04999999999999982,-0.1078,0.1051,1.501
2008-07-18,2.66,3.42,4.11,0.0699999999999994,-0.1074,0.1056,1.68
2008-07-21,2.66,3.41,4.09,0.07000000000000028,-0.1069,0.1061,1.667
2008-07-22,2.74,3.48,4.14,0.08000000000000007,-0.1065,0.1066,1.75
2008-07-23,2.81,3.51,4.16,0.049999999999998934,-0.1061,0.107,1.459
2008-07-24,2.61,3.37,4.03,0.10000000000000053,-0.1055,0.1078,1.906
2008-07-25,2.7,3.45,4.13,0.07000000000000028,-0.105,0.1083,1.616
2008-07-28,2.59,3.34,4.06,0.03000000000000025,-0.1046,0.1086,1.239
2008-07-29,2.65,3.39,4.09,0.040000000000000924,-0.1039,0.109,1.32
2008-07-30,2.64,3.36,4.07,0.009999999999999787,-0.1033,0.1091,1.038
2008-07-31,2.52,3.25,3.99,-0.010000000000000231,-0.1028,0.1093,0.849
2008-08-01,2.51,3.23,3.97,-0.020000000000000018,-0.1023,0.1094,0.752
2008-08-04,2.53,3.23,3.98,-0.04999999999999982,-0.102,0.1094,0.475
2008-08-05,2.54,3.28,4.04,-0.020000000000000462,-0.1016,0.1095,0.745
2008-08-06,2.56,3.3,4.06,-0.020000000000000462,-0.1012,0.1097,0.74
2008-08-07,2.43,3.16,3.92,-0.029999999999999805,-0.1008,0.1097,0.645
2008-08-08,2.51,3.21,3.94,-0.029999999999999805,-0.1004,0.1098,0.641
2008-08-11,2.56,3.27,3.99,-0.010000000000000231,-0.1,0.1099,0.819
2008-08-12,2.45,3.16,3.91,-0.040000000000000036,-0.0997,0.11,0.543
2008-08-13,2.5,3.21,3.94,-0.020000000000000018,-0.0994,0.1101,0.721
2008-08-14,2.45,3.15,3.89,-0.04000000000000048,-0.0991,0.1102,0.536
2008-08-15,2.4,3.11,3.84,-0.020000000000000018,-0.0988,0.1103,0.714
2008-08-18,2.35,3.07,3.82,-0.03000000000000025,-0.0984,0.1103,0.62
2008-08-19,2.32,3.07,3.83,-0.010000000000000231,-0.0978,0.1104,0.795
2008-08-20,2.25,3.0,3.79,-0.040000000000000036,-0.0973,0.1104,0.519
2008-08-21,2.33,3.08,3.84,-0.009999999999999787,-0.0969,0.1105,0.786
2008-08-22,2.42,3.14,3.87,-0.009999999999999787,-0.0965,0.1107,0.781
2008-08-25,2.33,3.04,3.79,-0.040000000000000036,-0.0963,0.1107,0.509
2008-08-26,2.35,3.06,3.79,-0.020000000000000018,-0.096,0.1108,0.686
2008-08-27,2.31,3.02,3.77,-0.040000000000000036,-0.0958,0.1109,0.503
2008-08-28,2.37,3.09,3.79,0.019999999999999574,-0.0953,0.1111,1.038
2008-08-29,2.36,3.1,3.83,0.010000000000000231,-0.0946,0.1112,0.941
2008-09-02,2.26,3.0,3.74,0.0,-0.0942,0.1114,0.846
2008-09-03,2.26,2.95,3.71,-0.0699999999999994,-0.0938,0.1113,0.214
2008-09-04,2.2,2.87,3.64,-0.10000000000000009,-0.0935,0.1111,-0.059
2008-09-05,2.23,2.91,3.66,-0.06999999999999984,-0.0931,0.111,0.208
2008-09-08,2.3,2.96,3.66,-0.040000000000000036,-0.0925,0.1109,0.473
2008-09-09,2.23,2.9,3.62,-0.050000000000000266,-0.0919,0.1108,0.378
2008-09-10,2.22,2.91,3.65,-0.04999999999999982,-0.0913,0.1105,0.374
2008-09-11,2.18,2.87,3.64,-0.08000000000000007,-0.0908,0.1103,0.098
2008-09-12,2.23,2.97,3.74,-0.029999999999999805,-0.0902,0.1102,0.546
2008-09-15,1.78,2.59,3.47,-0.07000000000000073,-0.0899,0.1102,0.181
2008-09-16,1.89,2.64,3.48,-0.08999999999999941,-0.0897,0.1101,-0.003
2008-09-17,1.64,2.52,3.41,-0.009999999999999787,-0.0891,0.1101,0.718
2008-09-18,1.78,2.67,3.54,0.019999999999999574,-0.0885,0.1103,0.984
2008-09-19,2.16,3.01,3.78,0.07999999999999963,-0.0877,0.1108,1.514
2008-09-22,2.13,3.04,3.83,0.1200000000000001,-0.0867,0.1115,1.854
2008-09-23,2.11,3.03,3.85,0.09999999999999964,-0.086,0.1122,1.658
2008-09-24,2.03,2.91,3.8,-0.009999999999999343,-0.0857,0.1123,0.674
2008-09-25,2.16,3.09,3.88,0.13999999999999968,-0.0849,0.1131,1.989
2008-09-26,2.11,3.05,3.85,0.13999999999999968,-0.0839,0.114,1.964
2008-09-29,1.7,2.7,3.61,0.0900000000000003,-0.0833,0.1145,1.514
2008-09-30,2.0,2.98,3.85,0.10999999999999988,-0.0825,0.1152,1.671
2008-10-01,1.82,2.87,3.77,0.1499999999999999,-0.0815,0.1161,1.994
2008-10-02,1.62,2.68,3.66,0.08000000000000007,-0.0808,0.1165,1.38
2008-10-03,1.6,2.64,3.63,0.050000000000000266,-0.0801,0.1168,1.114
2008-10-06,1.43,2.45,3.48,-0.009999999999999343,-0.0798,0.1169,0.597
2008-10-07,1.47,2.45,3.5,-0.0699999999999994,-0.0797,0.1169,0.083
2008-10-08,1.65,2.7,3.72,0.03000000000000025,-0.0793,0.1171,0.933
2008-10-09,1.65,2.79,3.84,0.0900000000000003,-0.0787,0.1176,1.435
2008-10-10,1.62,2.77,3.89,0.029999999999999805,-0.0783,0.1178,0.919
2008-10-14,1.82,3.01,4.08,0.11999999999999922,-0.0776,0.1184,1.669
2008-10-15,1.64,2.9,4.04,0.1200000000000001,-0.0767,0.1191,1.652
2008-10-16,1.61,2.84,3.99,0.07999999999999918,-0.076,0.1195,1.305
2008-10-17,1.64,2.83,3.98,0.04000000000000048,-0.0754,0.1197,0.964
2008-10-20,1.71,2.82,3.91,0.019999999999999574,-0.0748,0.1198,0.791
2008-10-21,1.58,2.63,3.76,-0.08000000000000007,-0.0747,0.1197,-0.044
2008-10-22,1.53,2.56,3.65,-0.06000000000000005,-0.0744,0.1197,0.12
2008-10-23,1.54,2.57,3.63,-0.03000000000000025,-0.074,0.1197,0.368
2008-10-24,1.57,2.64,3.76,-0.04999999999999982,-0.0738,0.1197,0.199
2008-10-27,1.59,2.67,3.79,-0.040000000000000036,-0.0735,0.1196,0.28
2008-10-28,1.65,2.75,3.89,-0.040000000000000036,-0.0733,0.1197,0.278
2008-10-29,1.58,2.77,3.93,0.029999999999999805,-0.0728,0.1198,0.858
2008-10-30,1.59,2.84,4.0,0.08999999999999986,-0.0721,0.1203,1.347
2008-10-31,1.56,2.8,4.01,0.02999999999999936,-0.0715,0.1204,0.843
2008-11-03,1.45,2.71,3.96,0.009999999999999787,-0.0711,0.1205,0.673
2008-11-04,1.39,2.56,3.81,-0.07999999999999963,-0.0711,0.1205,-0.074
2008-11-05,1.36,2.5,3.73,-0.0900000000000003,-0.071,0.1205,-0.158
2008-11-06,1.28,2.46,3.75,-0.11000000000000032,-0.071,0.1205,-0.324
2008-11-07,1.33,2.56,3.83,-0.040000000000000036,-0.0707,0.1205,0.255
2008-11-10,1.27,2.51,3.82,-0.07000000000000028,-0.0706,0.1204,0.005
2008-11-12,1.19,2.37,3.75,-0.19999999999999973,-0.0708,0.1207,-1.07
2008-11-13,1.24,2.43,3.84,-0.21999999999999975,-0.0713,0.121,-1.229
2008-11-14,1.22,2.33,3.72,-0.2799999999999998,-0.0719,0.1217,-1.71
2008-11-17,1.22,2.32,3.68,-0.26000000000000023,-0.0724,0.1222,-1.535
2008-11-18,1.15,2.22,3.53,-0.23999999999999932,-0.073,0.1226,-1.362
2008-11-19,1.09,2.08,3.38,-0.3099999999999996,-0.0737,0.1235,-1.913
2008-11-20,1.0,1.94,3.1,-0.2200000000000002,-0.0742,0.1238,-1.178
2008-11-21,1.09,2.02,3.2,-0.25,-0.0745,0.1242,-1.413
2008-11-24,1.31,2.24,3.35,-0.17999999999999972,-0.0745,0.1242,-0.849
2008-11-25,1.15,2.06,3.11,-0.13999999999999968,-0.0741,0.1238,-0.532
2008-11-26,1.09,2.01,2.99,-0.0600000000000005,-0.0732,0.1231,0.107
2008-11-28,1.0,1.93,2.93,-0.07000000000000028,-0.0725,0.1226,0.02
2008-12-01,0.9,1.71,2.72,-0.20000000000000018,-0.0725,0.1226,-1.04
2008-12-02,0.9,1.65,2.68,-0.28000000000000025,-0.073,0.1232,-1.68
2008-12-03,0.87,1.6,2.67,-0.33999999999999986,-0.0736,0.1241,-2.147
2008-12-04,0.82,1.51,2.55,-0.34999999999999964,-0.074,0.1249,-2.21
2008-12-05,0.93,1.67,2.67,-0.26000000000000023,-0.0742,0.1251,-1.485
2008-12-08,0.97,1.76,2.77,-0.2200000000000002,-0.074,0.1249,-1.169
2008-12-09,0.84,1.61,2.67,-0.2899999999999996,-0.0741,0.125,-1.727
2008-12-10,0.86,1.62,2.69,-0.3099999999999996,-0.0744,0.1256,-1.876
2008-12-11,0.79,1.55,2.64,-0.33000000000000007,-0.0748,0.1262,-2.022
2008-12-12,0.78,1.55,2.6,-0.2799999999999998,-0.0748,0.1262,-1.626
2008-12-15,0.75,1.5,2.53,-0.2799999999999998,-0.0747,0.126,-1.629
2008-12-16,0.65,1.34,2.37,-0.33999999999999986,-0.0748,0.1263,-2.1
2008-12-17,0.73,1.35,2.2,-0.22999999999999998,-0.0746,0.1259,-1.234
2008-12-18,0.68,1.26,2.08,-0.2400000000000002,-0.0744,0.1255,-1.32
2008-12-19,0.74,1.35,2.13,-0.1699999999999997,-0.074,0.1251,-0.767
2008-12-22,0.87,1.4,2.16,-0.23000000000000043,-0.0738,0.1249,-1.251
2008-12-23,0.9,1.53,2.18,-0.020000000000000018,-0.073,0.1246,0.425
2008-12-24,0.9,1.54,2.2,-0.020000000000000018,-0.0723,0.1243,0.421
2008-12-26,0.89,1.51,2.16,-0.03000000000000025,-0.0717,0.1242,0.336
2008-12-29,0.78,1.45,2.13,-0.009999999999999787,-0.0711,0.1241,0.492
2008-12-30,0.75,1.47,2.11,0.08000000000000007,-0.0701,0.1243,1.208
2008-12-31,0.76,1.55,2.25,0.08999999999999986,-0.069,0.1245,1.277
2009-01-02,0.88,1.72,2.46,0.10000000000000009,-0.0678,0.1247,1.346
2009-01-05,0.78,1.67,2.49,0.0699999999999994,-0.0666,0.1246,1.096
2009-01-06,0.8,1.68,2.51,0.04999999999999982,-0.0656,0.1244,0.929
2009-01-07,0.82,1.66,2.52,-0.020000000000000018,-0.0646,0.1238,0.36
2009-01-08,0.83,1.6,2.47,-0.10000000000000009,-0.0638,0.1229,-0.295
2009-01-09,0.75,1.51,2.43,-0.16000000000000014,-0.0633,0.1222,-0.791
2009-01-12,0.74,1.45,2.34,-0.17999999999999972,-0.0627,0.1214,-0.966
2009-01-13,0.76,1.44,2.33,-0.20999999999999996,-0.0624,0.1208,-1.222
2009-01-14,0.73,1.36,2.24,-0.25,-0.0622,0.1206,-1.557
2009-01-15,0.73,1.36,2.23,-0.23999999999999977,-0.0623,0.1206,-1.473
2009-01-16,0.73,1.47,2.36,-0.1499999999999999,-0.0619,0.1202,-0.733
2009-01-20,0.73,1.48,2.4,-0.16999999999999993,-0.0615,0.1198,-0.906
2009-01-21,0.78,1.6,2.56,-0.14000000000000012,-0.0609,0.1189,-0.665
2009-01-22,0.75,1.61,2.62,-0.1499999999999999,-0.0603,0.1181,-0.76
2009-01-23,0.83,1.64,2.65,-0.20000000000000018,-0.0598,0.1173,-1.195
2009-01-26,0.85,1.67,2.7,-0.2100000000000004,-0.0594,0.1165,-1.293
2009-01-27,0.87,1.59,2.59,-0.2799999999999998,-0.0596,0.1168,-1.887
2009-01-28,0.89,1.7,2.71,-0.20000000000000018,-0.0595,0.1167,-1.204
2009-01-29,0.95,1.87,2.87,-0.08000000000000007,-0.059,0.1164,-0.18
2009-01-30,0.94,1.85,2.87,-0.10999999999999988,-0.0585,0.1158,-0.445
2009-02-02,0.89,1.75,2.76,-0.1499999999999999,-0.0585,0.1158,-0.79
2009-02-03,0.96,1.88,2.89,-0.0900000000000003,-0.058,0.1155,-0.277
2009-02-04,0.98,1.91,2.95,-0.11000000000000032,-0.0576,0.1151,-0.455
2009-02-05,0.98,1.89,2.95,-0.15000000000000036,-0.0574,0.1149,-0.806
2009-02-06,0.99,1.97,3.05,-0.09999999999999964,-0.0569,0.1145,-0.376
2009-02-09,1.05,1.99,3.07,-0.14000000000000012,-0.0566,0.1141,-0.731
2009-02-10,0.92,1.79,2.9,-0.23999999999999977,-0.0569,0.1145,-1.599
2009-02-11,0.93,1.76,2.78,-0.18999999999999995,-0.0569,0.1145,-1.162
2009-02-12,0.89,1.73,2.75,-0.18000000000000016,-0.0568,0.1144,-1.077
2009-02-13,0.97,1.88,2.89,-0.10000000000000009,-0.0565,0.1142,-0.381
2009-02-17,0.87,1.65,2.64,-0.2100000000000004,-0.0566,0.1143,-1.342
2009-02-18,0.97,1.81,2.74,-0.08999999999999986,-0.0563,0.1141,-0.295
2009-02-19,1.01,1.89,2.85,-0.08000000000000052,-0.056,0.1139,-0.211
2009-02-20,0.96,1.81,2.78,-0.11999999999999966,-0.0562,0.114,-0.56
2009-02-23,0.96,1.84,2.78,-0.05999999999999961,-0.0563,0.114,-0.032
2009-02-24,1.03,1.89,2.8,-0.04999999999999982,-0.0559,0.1138,0.052
2009-02-25,1.09,2.06,2.95,0.08000000000000007,-0.055,0.114,1.184
2009-02-26,1.08,2.07,2.98,0.07999999999999963,-0.0543,0.1143,1.175
2009-02-27,1.0,1.99,3.02,-0.040000000000000036,-0.0542,0.1143,0.124
2009-03-02,0.89,1.86,2.91,-0.08000000000000007,-0.0542,0.1143,-0.226
2009-03-03,0.91,1.87,2.93,-0.10000000000000009,-0.0541,0.1142,-0.402
2009-03-04,0.97,1.97,3.01,-0.040000000000000036,-0.0535,0.114,0.118
2009-03-05,0.9,1.82,2.83,-0.08999999999999986,-0.0531,0.1137,-0.325
2009-03-06,0.91,1.83,2.83,-0.08000000000000007,-0.0526,0.1132,-0.242
2009-03-09,0.96,1.9,2.89,-0.050000000000000266,-0.0521,0.1129,0.019
2009-03-10,1.01,1.99,2.99,-0.020000000000000462,-0.0515,0.1128,0.279
2009-03-11,1.03,1.96,2.95,-0.0600000000000005,-0.051,0.1124,-0.08
2009-03-12,1.03,1.92,2.89,-0.08000000000000052,-0.0506,0.1121,-0.262
2009-03-13,0.98,1.87,2.89,-0.1299999999999999,-0.0506,0.1121,-0.708
2009-03-16,1.0,1.91,2.97,-0.15000000000000036,-0.0507,0.1121,-0.886
2009-03-17,1.05,2.0,3.02,-0.06999999999999984,-0.0504,0.112,-0.175
2009-03-18,0.82,1.54,2.51,-0.24999999999999956,-0.0508,0.1125,-1.771
2009-03-19,0.87,1.64,2.61,-0.20000000000000018,-0.0506,0.1123,-1.33
2009-03-20,0.89,1.66,2.65,-0.2200000000000002,-0.0506,0.1123,-1.508
2009-03-23,0.93,1.69,2.68,-0.23000000000000043,-0.0508,0.1125,-1.593
2009-03-24,0.93,1.7,2.68,-0.2100000000000004,-0.0508,0.1125,-1.415
2009-03-25,0.96,1.84,2.81,-0.08999999999999986,-0.0506,0.1124,-0.351
2009-03-26,0.9,1.8,2.76,-0.05999999999999961,-0.0506,0.1124,-0.084
2009-03-27,0.9,1.79,2.78,-0.09999999999999964,-0.0505,0.1124,-0.44
2009-03-30,0.84,1.72,2.73,-0.1299999999999999,-0.0507,0.1125,-0.705
2009-03-31,0.81,1.67,2.71,-0.18000000000000016,-0.051,0.1127,-1.145
2009-04-01,0.83,1.65,2.68,-0.2100000000000004,-0.0512,0.113,-1.405
2009-04-02,0.88,1.74,2.77,-0.16999999999999993,-0.0516,0.1132,-1.046
2009-04-03,0.96,1.87,2.91,-0.1299999999999999,-0.0519,0.1133,-0.689
2009-04-06,0.94,1.9,2.95,-0.0900000000000003,-0.0522,0.1133,-0.334
2009-04-07,0.91,1.87,2.93,-0.10000000000000009,-0.0523,0.1134,-0.421
2009-04-08,0.93,1.83,2.86,-0.1299999999999999,-0.0528,0.1134,-0.681
2009-04-09,0.96,1.9,2.96,-0.1200000000000001,-0.0532,0.1135,-0.589
2009-04-13,0.89,1.81,2.88,-0.1499999999999999,-0.0535,0.1136,-0.849
2009-04-14,0.86,1.71,2.8,-0.23999999999999977,-0.0542,0.1142,-1.627
2009-04-15,0.86,1.71,2.82,-0.2599999999999998,-0.0548,0.1149,-1.786
2009-04-16,0.91,1.79,2.86,-0.18999999999999995,-0.0551,0.1152,-1.171
2009-04-17,0.99,1.91,2.98,-0.1499999999999999,-0.0554,0.1153,-0.82
2009-04-20,0.93,1.82,2.88,-0.16999999999999993,-0.0558,0.1156,-0.988
2009-04-21,0.96,1.87,2.94,-0.1599999999999997,-0.0561,0.1157,-0.898
2009-04-22,1.0,1.92,2.98,-0.14000000000000012,-0.0564,0.1159,-0.721
2009-04-23,0.97,1.89,2.96,-0.15000000000000036,-0.0568,0.116,-0.803
2009-04-24,0.99,1.96,3.03,-0.10000000000000009,-0.057,0.116,-0.371
2009-04-27,0.9,1.87,2.95,-0.10999999999999988,-0.0573,0.1161,-0.454
2009-04-28,0.95,1.97,3.05,-0.05999999999999961,-0.0576,0.116,-0.021
2009-04-29,0.94,2.01,3.12,-0.04000000000000048,-0.058,0.1158,0.155
2009-04-30,0.91,2.02,3.16,-0.03000000000000025,-0.0583,0.1155,0.245
2009-05-01,0.92,2.03,3.21,-0.07000000000000028,-0.0587,0.1154,-0.098
2009-05-04,0.94,2.03,3.19,-0.07000000000000028,-0.059,0.1154,-0.095
2009-05-05,0.98,2.05,3.2,-0.08000000000000052,-0.0592,0.1154,-0.18
2009-05-06,0.96,2.06,3.18,-0.020000000000000018,-0.0592,0.1153,0.34
2009-05-07,1.0,2.15,3.29,0.009999999999999787,-0.0591,0.1154,0.599
2009-05-08,1.0,2.15,3.29,0.009999999999999787,-0.059,0.1154,0.598
2009-05-11,0.92,2.04,3.17,-0.009999999999999787,-0.0591,0.1154,0.425
2009-05-12,0.9,2.02,3.17,-0.029999999999999805,-0.059,0.1154,0.251
2009-05-13,0.89,1.98,3.11,-0.040000000000000036,-0.0589,0.1154,0.164
2009-05-14,0.87,1.98,3.1,-0.010000000000000231,-0.0586,0.1155,0.421
2009-05-15,0.88,2.01,3.14,-4.440892098500626e-16,-0.0585,0.1155,0.506
2009-05-18,0.93,2.09,3.22,0.02999999999999936,-0.0583,0.1156,0.764
2009-05-19,0.91,2.12,3.25,0.08000000000000007,-0.0577,0.1159,1.188
2009-05-20,0.87,2.05,3.19,0.03999999999999959,-0.0572,0.1161,0.837
2009-05-21,0.89,2.16,3.35,0.08000000000000007,-0.0566,0.1164,1.174
2009-05-22,0.92,2.23,3.45,0.08999999999999986,-0.056,0.1168,1.25
2009-05-26,0.96,2.3,3.5,0.13999999999999968,-0.0552,0.1174,1.663
2009-05-27,0.96,2.43,3.71,0.1900000000000004,-0.0545,0.1184,2.065
2009-05-28,0.97,2.46,3.67,0.28000000000000025,-0.0533,0.1202,2.773
2009-05-29,0.92,2.34,3.47,0.2899999999999996,-0.0523,0.122,2.806
2009-06-01,0.97,2.55,3.71,0.41999999999999993,-0.0509,0.1254,3.755
2009-06-02,0.96,2.52,3.65,0.43000000000000016,-0.0494,0.1288,3.722
2009-06-03,0.91,2.43,3.56,0.3900000000000001,-0.0483,0.1314,3.336
2009-06-04,0.96,2.56,3.72,0.43999999999999995,-0.0468,0.1347,3.614
2009-06-05,1.32,2.85,3.84,0.54,-0.0449,0.1396,4.19
2009-06-08,1.42,2.95,3.91,0.5700000000000003,-0.0429,0.1447,4.236
2009-06-09,1.33,2.86,3.86,0.5299999999999998,-0.0412,0.1489,3.836
2009-06-10,1.38,2.93,3.98,0.5000000000000004,-0.0394,0.1526,3.535
2009-06-11,1.35,2.87,3.88,0.5100000000000007,-0.0377,0.1563,3.504
2009-06-12,1.3,2.81,3.81,0.5100000000000002,-0.0359,0.16,3.412
2009-06-15,1.26,2.75,3.76,0.4800000000000004,-0.0342,0.1631,3.153
2009-06-16,1.23,2.7,3.67,0.5,-0.0326,0.1664,3.201
2009-06-17,1.19,2.69,3.68,0.5099999999999993,-0.0312,0.1695,3.193
2009-06-18,1.28,2.86,3.86,0.5799999999999996,-0.0296,0.1733,3.518
2009-06-19,1.25,2.82,3.79,0.5999999999999996,-0.0278,0.1774,3.539
2009-06-22,1.17,2.75,3.72,0.6099999999999999,-0.0258,0.1817,3.499
2009-06-23,1.14,2.71,3.65,0.6300000000000003,-0.0238,0.1861,3.513
2009-06-24,1.19,2.74,3.72,0.5700000000000007,-0.0219,0.1897,3.12
2009-06-25,1.12,2.58,3.55,0.4900000000000002,-0.0205,0.1922,2.656
2009-06-26,1.1,2.53,3.52,0.4399999999999995,-0.019,0.1943,2.362
2009-06-29,1.11,2.53,3.51,0.4399999999999995,-0.0178,0.1962,2.333
2009-06-30,1.11,2.54,3.53,0.43999999999999995,-0.0166,0.1981,2.305
2009-07-01,1.05,2.51,3.55,0.41999999999999993,-0.0152,0.1999,2.177
2009-07-02,0.98,2.43,3.51,0.37000000000000055,-0.014,0.2013,1.908
2009-07-06,0.96,2.4,3.52,0.31999999999999984,-0.0128,0.2024,1.644
2009-07-07,0.98,2.36,3.47,0.2699999999999996,-0.0119,0.2031,1.388
2009-07-08,0.91,2.23,3.33,0.21999999999999975,-0.0111,0.2036,1.135
2009-07-09,0.94,2.33,3.44,0.28000000000000025,-0.0102,0.2044,1.42
2009-07-10,0.91,2.22,3.32,0.2100000000000004,-0.0093,0.2049,1.07
2009-07-13,0.92,2.27,3.38,0.2400000000000002,-0.0082,0.2055,1.208
2009-07-14,0.97,2.37,3.5,0.27000000000000046,-0.0069,0.2062,1.343
2009-07-15,1.03,2.52,3.63,0.3799999999999999,-0.0053,0.2076,1.856
2009-07-16,1.0,2.46,3.59,0.33000000000000007,-0.0041,0.2087,1.601
2009-07-17,1.02,2.52,3.67,0.34999999999999964,-0.0027,0.2099,1.68
2009-07-20,0.99,2.46,3.61,0.31999999999999984,-0.0013,0.2109,1.523
2009-07-21,0.96,2.36,3.5,0.2599999999999998,-0.0005,0.2115,1.232
2009-07-22,0.98,2.43,3.58,0.30000000000000027,0.0004,0.2123,1.411
2009-07-23,1.08,2.6,3.72,0.3999999999999999,0.0017,0.2137,1.864
2009-07-24,1.05,2.57,3.7,0.3899999999999997,0.0029,0.2151,1.8
2009-07-27,1.08,2.63,3.75,0.4299999999999997,0.0044,0.2167,1.964
2009-07-28,1.12,2.63,3.72,0.4199999999999995,0.0057,0.2182,1.899
2009-07-29,1.17,2.69,3.69,0.52,0.0075,0.2206,2.323
2009-07-30,1.19,2.66,3.67,0.46000000000000085,0.0092,0.2224,2.027
2009-07-31,1.13,2.53,3.52,0.4099999999999997,0.0107,0.2238,1.784
2009-08-03,1.18,2.66,3.66,0.4800000000000004,0.0125,0.2258,2.07
2009-08-04,1.2,2.68,3.7,0.45999999999999996,0.0144,0.2275,1.959
2009-08-05,1.23,2.73,3.8,0.4300000000000006,0.0162,0.229,1.807
2009-08-06,1.22,2.73,3.79,0.4500000000000002,0.0182,0.2306,1.873
2009-08-07,1.32,2.84,3.89,0.4699999999999993,0.0201,0.2323,1.937
2009-08-10,1.24,2.75,3.8,0.45999999999999996,0.022,0.234,1.872
2009-08-11,1.21,2.69,3.71,0.45999999999999996,0.024,0.2356,1.851
2009-08-12,1.18,2.7,3.72,0.5000000000000004,0.0261,0.2374,1.996
2009-08-13,1.12,2.58,3.59,0.4500000000000002,0.0279,0.2389,1.767
2009-08-14,1.07,2.51,3.55,0.39999999999999947,0.0296,0.24,1.543
2009-08-17,1.04,2.43,3.48,0.3400000000000003,0.0311,0.2408,1.283
2009-08-18,1.06,2.48,3.51,0.3900000000000001,0.0328,0.2418,1.477
2009-08-19,1.01,2.43,3.45,0.40000000000000036,0.0344,0.2429,1.505
2009-08-20,1.03,2.43,3.42,0.41000000000000014,0.0362,0.244,1.532
2009-08-21,1.13,2.58,3.56,0.4700000000000002,0.0381,0.2455,1.759
2009-08-24,1.05,2.5,3.48,0.4700000000000002,0.0401,0.247,1.74
2009-08-25,1.05,2.48,3.45,0.45999999999999996,0.042,0.2484,1.683
2009-08-26,1.06,2.46,3.44,0.41999999999999993,0.0437,0.2495,1.508
2009-08-27,1.04,2.48,3.47,0.44999999999999973,0.0456,0.2507,1.613
2009-08-28,1.01,2.46,3.46,0.4500000000000002,0.0475,0.252,1.597
2009-08-31,0.97,2.39,3.4,0.4100000000000006,0.0493,0.253,1.426
2009-09-01,0.92,2.33,3.38,0.3600000000000003,0.0506,0.2537,1.22
2009-09-02,0.89,2.26,3.29,0.3399999999999994,0.0519,0.2543,1.133
2009-09-03,0.91,2.29,3.33,0.33999999999999986,0.0533,0.255,1.124
2009-09-04,0.94,2.36,3.45,0.3299999999999996,0.0549,0.2554,1.077
2009-09-08,0.93,2.38,3.47,0.35999999999999943,0.0567,0.256,1.185
2009-09-09,0.93,2.38,3.48,0.34999999999999964,0.0584,0.2565,1.137
2009-09-10,0.9,2.29,3.36,0.3200000000000003,0.0598,0.257,1.012
2009-09-11,0.9,2.29,3.34,0.3400000000000003,0.0613,0.2575,1.082
2009-09-14,0.94,2.37,3.42,0.38000000000000034,0.0631,0.2582,1.227
2009-09-15,0.96,2.41,3.47,0.3900000000000001,0.0649,0.2588,1.256
2009-09-16,1.01,2.46,3.48,0.43000000000000016,0.0667,0.2598,1.398
2009-09-17,0.98,2.41,3.42,0.4200000000000004,0.0687,0.2606,1.348
2009-09-18,1.03,2.49,3.49,0.45999999999999996,0.0709,0.2615,1.488
2009-09-21,1.02,2.47,3.49,0.43000000000000016,0.0726,0.2625,1.362
2009-09-22,1.02,2.45,3.46,0.4200000000000004,0.0742,0.2634,1.313
2009-09-23,0.96,2.4,3.44,0.3999999999999999,0.0755,0.2641,1.229
2009-09-24,0.93,2.37,3.4,0.41000000000000014,0.0766,0.265,1.258
2009-09-25,0.98,2.36,3.34,0.3999999999999999,0.0778,0.2658,1.212
2009-09-28,0.98,2.33,3.31,0.3700000000000001,0.0793,0.2663,1.092
2009-09-29,1.0,2.34,3.31,0.36999999999999966,0.0802,0.2669,1.086
2009-09-30,0.95,2.31,3.31,0.3599999999999999,0.0811,0.2675,1.043
2009-10-01,0.87,2.2,3.21,0.3200000000000003,0.082,0.2679,0.888
2009-10-02,0.88,2.22,3.24,0.3200000000000003,0.0829,0.2683,0.884
2009-10-05,0.88,2.21,3.24,0.2999999999999998,0.0835,0.2686,0.806
2009-10-06,0.91,2.25,3.27,0.31999999999999984,0.0844,0.2691,0.876
2009-10-07,0.87,2.16,3.21,0.2400000000000002,0.0852,0.2692,0.575
2009-10-08,0.9,2.22,3.27,0.27000000000000046,0.0863,0.2694,0.682
2009-10-09,0.98,2.36,3.4,0.33999999999999986,0.0879,0.2697,0.935
2009-10-13,0.91,2.28,3.34,0.3099999999999996,0.089,0.27,0.819
2009-10-14,0.96,2.36,3.45,0.3099999999999996,0.0899,0.2704,0.814
2009-10-15,0.97,2.41,3.49,0.3600000000000003,0.0912,0.2709,0.992
2009-10-16,0.97,2.37,3.43,0.3400000000000003,0.0921,0.2713,0.914
2009-10-19,0.99,2.36,3.41,0.3199999999999994,0.0929,0.2717,0.836
2009-10-20,0.95,2.3,3.35,0.2999999999999994,0.0937,0.272,0.758
2009-10-21,1.0,2.38,3.42,0.33999999999999986,0.0949,0.2725,0.899
2009-10-22,0.97,2.39,3.44,0.37000000000000055,0.0963,0.273,1.003
2009-10-23,1.04,2.46,3.51,0.3700000000000001,0.0981,0.2733,0.995
2009-10-26,1.06,2.53,3.59,0.4099999999999997,0.1,0.2738,1.132
2009-10-27,0.99,2.41,3.49,0.33999999999999986,0.1014,0.2741,0.87
2009-10-28,0.95,2.37,3.44,0.3500000000000001,0.103,0.2744,0.9
2009-10-29,0.98,2.44,3.53,0.3700000000000001,0.1046,0.2747,0.966
2009-10-30,0.9,2.31,3.41,0.31000000000000005,0.106,0.2749,0.742
2009-11-02,0.92,2.33,3.45,0.29000000000000004,0.1071,0.2751,0.665
2009-11-03,0.92,2.36,3.5,0.2999999999999998,0.1079,0.2753,0.698
2009-11-04,0.91,2.39,3.57,0.30000000000000027,0.109,0.2756,0.693
2009-11-05,0.9,2.35,3.57,0.23000000000000043,0.1098,0.2756,0.436
2009-11-06,0.86,2.3,3.54,0.19999999999999973,0.111,0.2754,0.323
2009-11-09,0.87,2.31,3.52,0.22999999999999998,0.1122,0.2752,0.428
2009-11-10,0.85,2.31,3.5,0.27,0.1137,0.275,0.568
2009-11-12,0.82,2.28,3.45,0.2899999999999996,0.115,0.2751,0.636
2009-11-13,0.82,2.28,3.43,0.3099999999999996,0.1165,0.2751,0.703
2009-11-16,0.78,2.19,3.33,0.2699999999999996,0.1184,0.2745,0.552
2009-11-17,0.78,2.19,3.33,0.2699999999999996,0.1204,0.2739,0.546
2009-11-18,0.77,2.21,3.36,0.29000000000000004,0.1226,0.2729,0.613
2009-11-19,0.73,2.18,3.35,0.28000000000000025,0.1248,0.272,0.571
2009-11-20,0.75,2.2,3.36,0.2900000000000005,0.1269,0.2712,0.601
2009-11-23,0.77,2.2,3.37,0.26000000000000023,0.1291,0.2699,0.485
2009-11-24,0.73,2.15,3.32,0.25,0.131,0.2691,0.442
2009-11-25,0.73,2.11,3.28,0.20999999999999996,0.1328,0.2681,0.288
2009-11-27,0.68,2.03,3.21,0.16999999999999948,0.1342,0.2674,0.134
2009-11-30,0.67,2.01,3.21,0.13999999999999968,0.1353,0.2668,0.018
2009-12-01,0.67,2.03,3.28,0.10999999999999988,0.136,0.2665,-0.098
2009-12-02,0.72,2.09,3.32,0.14000000000000012,0.1368,0.2662,0.012
2009-12-03,0.74,2.14,3.39,0.1499999999999999,0.1382,0.2654,0.044
2009-12-04,0.84,2.24,3.48,0.1600000000000006,0.14,0.264,0.076
2009-12-07,0.78,2.19,3.44,0.1599999999999997,0.1419,0.2623,0.069
2009-12-08,0.73,2.12,3.4,0.11000000000000032,0.1438,0.2604,-0.13
2009-12-09,0.76,2.15,3.45,0.08999999999999986,0.1452,0.2592,-0.213
2009-12-10,0.78,2.19,3.49,0.10999999999999943,0.1465,0.2582,-0.141
2009-12-11,0.83,2.26,3.55,0.13999999999999968,0.1482,0.2567,-0.032
2009-12-14,0.87,2.3,3.56,0.16999999999999948,0.1501,0.2551,0.078
2009-12-15,0.88,2.35,3.6,0.2200000000000002,0.1523,0.2533,0.267
2009-12-16,0.85,2.35,3.61,0.2400000000000002,0.1543,0.2519,0.34
2009-12-17,0.77,2.24,3.5,0.2100000000000004,0.1563,0.2504,0.214
2009-12-18,0.82,2.3,3.55,0.22999999999999998,0.1585,0.2485,0.288
2009-12-21,0.89,2.43,3.69,0.28000000000000025,0.1606,0.2474,0.483
2009-12-22,0.95,2.49,3.76,0.27000000000000046,0.1626,0.2462,0.436
2009-12-23,0.96,2.51,3.77,0.2899999999999996,0.1644,0.2454,0.512
2009-12-24,1.0,2.57,3.82,0.31999999999999984,0.1666,0.2443,0.628
2009-12-28,1.09,2.62,3.85,0.30000000000000027,0.1679,0.2442,0.541
2009-12-29,1.09,2.62,3.82,0.3300000000000005,0.1692,0.2441,0.659
2009-12-30,1.08,2.61,3.8,0.33999999999999986,0.1707,0.244,0.694
2009-12-31,1.14,2.69,3.85,0.3900000000000001,0.1723,0.2441,0.892
2010-01-04,1.09,2.65,3.85,0.3599999999999999,0.1734,0.2443,0.764
2010-01-05,1.01,2.56,3.77,0.3400000000000003,0.1744,0.2445,0.677
2010-01-06,1.01,2.6,3.85,0.3400000000000003,0.1754,0.2447,0.673
2010-01-07,1.03,2.62,3.85,0.3599999999999999,0.1765,0.2449,0.749
2010-01-08,0.96,2.57,3.83,0.34999999999999964,0.1777,0.245,0.703
2010-01-11,0.95,2.58,3.85,0.3599999999999999,0.1792,0.2449,0.738
2010-01-12,0.92,2.49,3.74,0.3200000000000003,0.1809,0.2444,0.569
2010-01-13,0.97,2.55,3.8,0.33000000000000007,0.1828,0.2437,0.604
2010-01-14,0.94,2.51,3.76,0.3200000000000003,0.1848,0.2427,0.557
2010-01-15,0.89,2.44,3.7,0.2899999999999996,0.1868,0.2415,0.427
2010-01-19,0.93,2.48,3.73,0.30000000000000027,0.189,0.2401,0.462
2010-01-20,0.92,2.45,3.68,0.30000000000000027,0.1911,0.2386,0.456
2010-01-21,0.87,2.38,3.62,0.2699999999999996,0.1928,0.2377,0.325
2010-01-22,0.84,2.37,3.62,0.28000000000000025,0.1946,0.2366,0.361
2010-01-25,0.86,2.39,3.66,0.26000000000000023,0.1962,0.2357,0.271
2010-01-26,0.87,2.38,3.65,0.23999999999999977,0.1977,0.2347,0.18
2010-01-27,0.9,2.43,3.66,0.30000000000000027,0.1997,0.2335,0.43
2010-01-28,0.87,2.41,3.68,0.27,0.2016,0.2321,0.295
2010-01-29,0.82,2.34,3.63,0.22999999999999998,0.2036,0.2301,0.115
2010-02-01,0.86,2.38,3.68,0.21999999999999975,0.2053,0.2286,0.064
2010-02-02,0.86,2.37,3.67,0.2100000000000004,0.2064,0.2279,0.016
2010-02-03,0.88,2.4,3.73,0.18999999999999995,0.2076,0.227,-0.078
2010-02-04,0.8,2.29,3.62,0.16000000000000014,0.2088,0.2259,-0.216
2010-02-05,0.77,2.23,3.59,0.10000000000000009,0.2096,0.2253,-0.486
2010-02-08,0.79,2.26,3.62,0.10999999999999943,0.2105,0.2244,-0.448
2010-02-09,0.84,2.32,3.67,0.1299999999999999,0.2116,0.2233,-0.365
2010-02-10,0.91,2.39,3.72,0.1499999999999999,0.2126,0.2225,-0.281
2010-02-11,0.91,2.39,3.73,0.14000000000000012,0.2137,0.2214,-0.333
2010-02-12,0.84,2.35,3.69,0.17000000000000037,0.2153,0.2196,-0.206
2010-02-16,0.82,2.32,3.66,0.1599999999999997,0.2167,0.2181,-0.26
2010-02-17,0.87,2.4,3.74,0.1899999999999995,0.2182,0.2167,-0.13
2010-02-18,0.9,2.46,3.79,0.22999999999999954,0.2195,0.2157,0.049
2010-02-19,0.95,2.48,3.78,0.22999999999999998,0.2212,0.214,0.041
2010-02-22,0.91,2.47,3.8,0.23000000000000043,0.2225,0.2131,0.035
2010-02-23,0.87,2.37,3.69,0.18000000000000016,0.2235,0.2123,-0.205
2010-02-24,0.87,2.4,3.7,0.22999999999999954,0.2249,0.2111,0.024
2010-02-25,0.82,2.33,3.64,0.20000000000000018,0.226,0.2104,-0.124
2010-02-26,0.81,2.3,3.61,0.17999999999999972,0.2269,0.2097,-0.224
2010-03-01,0.8,2.28,3.61,0.1499999999999999,0.2271,0.2095,-0.368
2010-03-02,0.8,2.27,3.62,0.1200000000000001,0.2273,0.2094,-0.512
2010-03-03,0.82,2.27,3.63,0.0900000000000003,0.2278,0.2089,-0.66
2010-03-04,0.86,2.28,3.61,0.08999999999999986,0.2285,0.2082,-0.665
2010-03-05,0.91,2.35,3.69,0.10000000000000009,0.2293,0.2073,-0.624
2010-03-08,0.9,2.36,3.72,0.09999999999999964,0.2298,0.2068,-0.628
2010-03-09,0.89,2.34,3.71,0.07999999999999963,0.2305,0.206,-0.731
2010-03-10,0.92,2.39,3.73,0.13000000000000034,0.2313,0.2052,-0.494
2010-03-11,0.97,2.43,3.73,0.1600000000000006,0.2322,0.2045,-0.353
2010-03-12,0.97,2.42,3.71,0.16000000000000014,0.2329,0.2039,-0.358
2010-03-15,0.96,2.42,3.71,0.16999999999999993,0.2338,0.2031,-0.314
2010-03-16,0.93,2.37,3.66,0.1499999999999999,0.2347,0.2022,-0.419
2010-03-17,0.95,2.38,3.65,0.1599999999999997,0.2359,0.2009,-0.378
2010-03-18,0.98,2.44,3.68,0.21999999999999975,0.2373,0.1994,-0.087
2010-03-19,1.02,2.48,3.7,0.23999999999999977,0.2386,0.1985,0.007
2010-03-22,1.01,2.43,3.67,0.1800000000000006,0.2403,0.1961,-0.307
2010-03-23,1.02,2.44,3.69,0.16999999999999993,0.2417,0.1942,-0.369
2010-03-24,1.08,2.62,3.84,0.3200000000000003,0.2439,0.192,0.396
2010-03-25,1.1,2.65,3.91,0.28999999999999915,0.246,0.1897,0.232
2010-03-26,1.04,2.59,3.86,0.2799999999999998,0.2479,0.1875,0.171
2010-03-29,1.04,2.6,3.88,0.28000000000000025,0.2494,0.1863,0.164
2010-03-30,1.06,2.6,3.88,0.2600000000000007,0.2506,0.1853,0.051
2010-03-31,1.02,2.55,3.84,0.2400000000000002,0.252,0.1839,-0.065
2010-04-01,1.05,2.59,3.89,0.23999999999999977,0.2535,0.1823,-0.074
2010-04-02,1.11,2.67,3.96,0.2699999999999996,0.2552,0.1803,0.082
2010-04-05,1.18,2.75,4.01,0.3100000000000005,0.2573,0.1779,0.296
2010-04-06,1.14,2.71,3.98,0.30000000000000027,0.2592,0.1758,0.232
2010-04-07,1.06,2.62,3.89,0.2899999999999996,0.2608,0.1741,0.168
2010-04-08,1.09,2.64,3.91,0.28000000000000025,0.2623,0.1727,0.102
2010-04-09,1.08,2.65,3.9,0.31999999999999984,0.264,0.1712,0.327
2010-04-12,1.07,2.6,3.87,0.2599999999999998,0.2655,0.1694,-0.032
2010-04-13,1.07,2.58,3.84,0.25,0.267,0.1676,-0.101
2010-04-14,1.07,2.61,3.88,0.2699999999999996,0.2687,0.1655,0.008
2010-04-15,1.04,2.57,3.86,0.23999999999999977,0.2706,0.1624,-0.188
2010-04-16,0.98,2.49,3.79,0.20999999999999996,0.2724,0.1589,-0.393
2010-04-19,1.01,2.54,3.83,0.2400000000000002,0.2741,0.1562,-0.218
2010-04-20,1.05,2.56,3.82,0.25000000000000044,0.2757,0.1539,-0.167
2010-04-21,1.03,2.52,3.77,0.23999999999999977,0.2773,0.1513,-0.247
2010-04-22,1.07,2.57,3.8,0.2699999999999996,0.279,0.1488,-0.06
2010-04-23,1.1,2.61,3.84,0.27999999999999936,0.2807,0.1464,-0.005
2010-04-26,1.09,2.6,3.83,0.28000000000000025,0.2824,0.1439,-0.017
2010-04-27,1.03,2.46,3.71,0.17999999999999972,0.2835,0.142,-0.729
2010-04-28,1.03,2.53,3.8,0.22999999999999954,0.2849,0.1398,-0.393
2010-04-29,1.01,2.49,3.76,0.21000000000000085,0.286,0.1382,-0.55
2010-04-30,0.97,2.43,3.69,0.20000000000000062,0.2869,0.1367,-0.636
2010-05-03,1.0,2.47,3.72,0.2200000000000002,0.2879,0.1353,-0.502
2010-05-04,0.96,2.38,3.63,0.16999999999999993,0.2888,0.1336,-0.889
2010-05-05,0.88,2.31,3.58,0.16000000000000014,0.2898,0.1319,-0.984
2010-05-06,0.75,2.13,3.41,0.09999999999999964,0.2905,0.1304,-1.461
2010-05-07,0.83,2.17,3.45,0.05999999999999961,0.2908,0.1298,-1.778
2010-05-10,0.87,2.27,3.57,0.10000000000000009,0.2912,0.1291,-1.481
2010-05-11,0.85,2.26,3.56,0.10999999999999943,0.2915,0.1284,-1.414
2010-05-12,0.89,2.29,3.56,0.1299999999999999,0.2921,0.1274,-1.272
2010-05-13,0.87,2.27,3.55,0.1200000000000001,0.2927,0.1262,-1.368
2010-05-14,0.79,2.16,3.44,0.0900000000000003,0.2932,0.1251,-1.624
2010-05-17,0.81,2.2,3.47,0.1200000000000001,0.2937,0.1241,-1.4
2010-05-18,0.76,2.11,3.38,0.08000000000000007,0.294,0.1235,-1.733
2010-05-19,0.8,2.13,3.36,0.10000000000000009,0.2943,0.1229,-1.581
2010-05-20,0.76,2.04,3.25,0.07000000000000028,0.2943,0.123,-1.824
2010-05-21,0.76,2.02,3.2,0.08000000000000007,0.2944,0.1227,-1.747
2010-05-24,0.77,2.04,3.23,0.08000000000000007,0.2944,0.1227,-1.747
2010-05-25,0.81,2.01,3.18,0.02999999999999936,0.2942,0.1232,-2.144
2010-05-26,0.82,2.06,3.21,0.0900000000000003,0.294,0.1234,-1.653
2010-05-27,0.87,2.18,3.34,0.15000000000000036,0.2938,0.1236,-1.163
2010-05-28,0.76,2.1,3.31,0.13000000000000034,0.2933,0.124,-1.317
2010-06-01,0.78,2.09,3.29,0.10999999999999943,0.2925,0.1246,-1.465
2010-06-02,0.82,2.14,3.35,0.11000000000000032,0.2913,0.1248,-1.453
2010-06-03,0.82,2.17,3.39,0.1299999999999999,0.2901,0.1249,-1.282
2010-06-04,0.72,1.98,3.2,0.040000000000000036,0.2887,0.1258,-1.977
2010-06-07,0.74,1.95,3.17,-0.009999999999999787,0.2869,0.1268,-2.341
2010-06-08,0.74,1.98,3.18,0.03999999999999959,0.285,0.1267,-1.934
2010-06-09,0.74,1.99,3.2,0.040000000000000036,0.2829,0.1264,-1.922
2010-06-10,0.79,2.12,3.33,0.1200000000000001,0.2812,0.1258,-1.281
2010-06-11,0.75,2.03,3.24,0.0699999999999994,0.2795,0.1258,-1.665
2010-06-14,0.77,2.07,3.28,0.08999999999999986,0.2779,0.1255,-1.497
2010-06-15,0.79,2.1,3.32,0.0900000000000003,0.2762,0.1252,-1.487
2010-06-16,0.75,2.06,3.27,0.10000000000000009,0.2747,0.125,-1.398
2010-06-17,0.72,2.01,3.21,0.08999999999999986,0.2731,0.1247,-1.468
2010-06-18,0.74,2.04,3.24,0.09999999999999964,0.2714,0.1243,-1.379
2010-06-21,0.74,2.05,3.26,0.09999999999999964,0.2695,0.1232,-1.376
2010-06-22,0.71,1.98,3.18,0.06999999999999984,0.2674,0.1221,-1.617
2010-06-23,0.66,1.93,3.13,0.06999999999999984,0.2653,0.1208,-1.617
2010-06-24,0.67,1.93,3.14,0.04999999999999982,0.263,0.1193,-1.785
2010-06-25,0.65,1.9,3.12,0.029999999999999805,0.2608,0.1186,-1.946
2010-06-28,0.62,1.83,3.05,-0.009999999999999787,0.2588,0.119,-2.259
2010-06-29,0.61,1.78,2.97,-0.020000000000000018,0.257,0.1197,-2.314
2010-06-30,0.61,1.79,2.97,0.0,0.2553,0.1202,-2.124
2010-07-01,0.63,1.8,2.96,0.010000000000000231,0.2536,0.1206,-2.02
2010-07-02,0.63,1.82,3.0,0.010000000000000231,0.2519,0.1211,-1.998
2010-07-06,0.62,1.76,2.95,-0.050000000000000266,0.2503,0.1224,-2.453
2010-07-07,0.63,1.79,3.0,-0.04999999999999982,0.2488,0.1238,-2.414
2010-07-08,0.63,1.8,3.04,-0.06999999999999984,0.2475,0.1254,-2.532
2010-07-09,0.63,1.85,3.07,4.440892098500626e-16,0.2466,0.1263,-1.952
2010-07-12,0.65,1.85,3.08,-0.029999999999999805,0.2454,0.1275,-2.16
2010-07-13,0.67,1.9,3.15,-0.020000000000000018,0.2444,0.1286,-2.056
2010-07-14,0.62,1.82,3.07,-0.04999999999999982,0.2433,0.1299,-2.258
2010-07-15,0.61,1.76,3.0,-0.08999999999999986,0.2419,0.1316,-2.522
2010-07-16,0.61,1.7,2.96,-0.16999999999999993,0.2397,0.1338,-3.062
2010-07-19,0.61,1.73,2.99,-0.14000000000000012,0.2378,0.1358,-2.782
2010-07-20,0.61,1.71,2.98,-0.16999999999999993,0.2358,0.138,-2.941
2010-07-21,0.58,1.66,2.9,-0.16000000000000014,0.2338,0.1402,-2.809
2010-07-22,0.6,1.69,2.96,-0.18000000000000016,0.2321,0.1426,-2.89
2010-07-23,0.6,1.75,3.02,-0.1200000000000001,0.2304,0.1442,-2.43
2010-07-26,0.62,1.76,3.03,-0.1299999999999999,0.2283,0.1456,-2.461
2010-07-27,0.65,1.82,3.08,-0.08999999999999986,0.2264,0.1466,-2.158
2010-07-28,0.61,1.75,3.03,-0.13999999999999968,0.2242,0.1478,-2.464
2010-07-29,0.59,1.7,3.03,-0.21999999999999975,0.2216,0.1499,-2.946
2010-07-30,0.55,1.6,2.94,-0.2899999999999996,0.2184,0.1522,-3.34
2010-08-02,0.56,1.64,2.99,-0.27000000000000046,0.2155,0.1545,-3.142
2010-08-03,0.53,1.55,2.94,-0.36999999999999966,0.2124,0.1584,-3.677
2010-08-04,0.56,1.62,2.98,-0.2999999999999998,0.2093,0.1607,-3.169
2010-08-05,0.53,1.57,2.94,-0.3299999999999996,0.2062,0.1635,-3.28
2010-08-06,0.5,1.51,2.86,-0.33999999999999986,0.2031,0.1665,-3.262
2010-08-09,0.54,1.54,2.86,-0.31999999999999984,0.2001,0.169,-3.078
2010-08-10,0.52,1.46,2.79,-0.3900000000000001,0.1967,0.1721,-3.409
2010-08-11,0.54,1.44,2.72,-0.38000000000000034,0.1933,0.1751,-3.274
2010-08-12,0.55,1.48,2.74,-0.33000000000000007,0.1902,0.1774,-2.932
2010-08-13,0.54,1.47,2.68,-0.28000000000000025,0.1871,0.1788,-2.612
2010-08-16,0.51,1.4,2.58,-0.29000000000000004,0.1842,0.1805,-2.627
2010-08-17,0.52,1.44,2.64,-0.28000000000000025,0.1815,0.1823,-2.532
2010-08-18,0.51,1.46,2.64,-0.22999999999999998,0.1792,0.1839,-2.225
2010-08-19,0.49,1.41,2.58,-0.25,0.1767,0.1854,-2.302
2010-08-20,0.49,1.47,2.62,-0.16999999999999993,0.1744,0.1861,-1.851
2010-08-23,0.49,1.43,2.6,-0.22999999999999998,0.1719,0.1872,-2.147
2010-08-24,0.5,1.36,2.5,-0.2799999999999998,0.1689,0.1884,-2.383
2010-08-25,0.53,1.4,2.54,-0.27000000000000046,0.166,0.1895,-2.301
2010-08-26,0.51,1.38,2.5,-0.25,0.1631,0.1904,-2.17
2010-08-27,0.56,1.49,2.66,-0.2400000000000002,0.1605,0.1914,-2.092
2010-08-30,0.5,1.39,2.54,-0.26000000000000023,0.1577,0.1923,-2.172
2010-08-31,0.47,1.33,2.47,-0.2799999999999998,0.1548,0.1934,-2.248
2010-09-01,0.5,1.41,2.58,-0.26000000000000023,0.1521,0.1945,-2.119
2010-09-02,0.5,1.43,2.63,-0.27,0.1496,0.1958,-2.143
2010-09-03,0.52,1.49,2.72,-0.26000000000000023,0.1473,0.1972,-2.065
2010-09-07,0.49,1.41,2.61,-0.2799999999999998,0.1448,0.1986,-2.139
2010-09-08,0.52,1.46,2.66,-0.26000000000000023,0.1425,0.1999,-2.014
2010-09-09,0.57,1.57,2.77,-0.19999999999999973,0.1402,0.2006,-1.696
2010-09-10,0.58,1.59,2.81,-0.20999999999999996,0.138,0.2013,-1.729
2010-09-13,0.53,1.51,2.74,-0.25,0.1358,0.2025,-1.905
2010-09-14,0.5,1.43,2.68,-0.3200000000000003,0.1331,0.2041,-2.22
2010-09-15,0.5,1.46,2.74,-0.3200000000000003,0.1304,0.2055,-2.192
2010-09-16,0.48,1.48,2.77,-0.29000000000000004,0.1277,0.2065,-2.023
2010-09-17,0.48,1.46,2.75,-0.31000000000000005,0.1247,0.2075,-2.095
2010-09-20,0.47,1.43,2.72,-0.3300000000000005,0.1217,0.2086,-2.165
2010-09-21,0.43,1.34,2.61,-0.3599999999999999,0.1185,0.2097,-2.282
2010-09-22,0.44,1.33,2.56,-0.33999999999999986,0.1154,0.2107,-2.161
2010-09-23,0.45,1.34,2.56,-0.33000000000000007,0.1125,0.2117,-2.09
2010-09-24,0.45,1.37,2.62,-0.33000000000000007,0.1096,0.2127,-2.067
2010-09-27,0.44,1.31,2.54,-0.3599999999999999,0.1065,0.2139,-2.181
2010-09-28,0.37,1.25,2.48,-0.3500000000000001,0.1035,0.2151,-2.108
2010-09-29,0.44,1.28,2.52,-0.3999999999999999,0.1005,0.2167,-2.31
2010-09-30,0.42,1.27,2.53,-0.4099999999999997,0.0974,0.2184,-2.323
2010-10-01,0.42,1.26,2.54,-0.43999999999999995,0.0942,0.2204,-2.424
2010-10-04,0.41,1.23,2.5,-0.4500000000000002,0.0912,0.2226,-2.431
2010-10-05,0.41,1.21,2.5,-0.4900000000000002,0.0879,0.2251,-2.567
2010-10-06,0.38,1.16,2.41,-0.4700000000000002,0.0849,0.2274,-2.44
2010-10-07,0.36,1.14,2.41,-0.4900000000000002,0.0817,0.2298,-2.488
2010-10-08,0.35,1.11,2.41,-0.54,0.0786,0.2329,-2.656
2010-10-12,0.37,1.14,2.44,-0.5300000000000002,0.0754,0.2357,-2.569
2010-10-13,0.37,1.13,2.46,-0.5700000000000003,0.0718,0.2386,-2.69
2010-10-14,0.38,1.18,2.52,-0.54,0.0684,0.2412,-2.522
2010-10-15,0.37,1.2,2.59,-0.56,0.065,0.2439,-2.563
2010-10-18,0.38,1.14,2.52,-0.6200000000000001,0.0611,0.247,-2.757
2010-10-19,0.37,1.11,2.5,-0.6499999999999999,0.0571,0.2504,-2.824
2010-10-20,0.35,1.11,2.51,-0.6399999999999997,0.0533,0.2537,-2.733
2010-10-21,0.37,1.15,2.57,-0.6400000000000001,0.0496,0.2569,-2.684
2010-10-22,0.35,1.17,2.59,-0.6000000000000001,0.0459,0.2595,-2.489
2010-10-25,0.37,1.2,2.59,-0.56,0.0422,0.2615,-2.303
2010-10-26,0.4,1.27,2.67,-0.5299999999999998,0.0386,0.2631,-2.161
2010-10-27,0.4,1.34,2.75,-0.46999999999999975,0.0351,0.264,-1.913
2010-10-28,0.37,1.23,2.69,-0.6000000000000001,0.0314,0.2663,-2.371
2010-10-29,0.34,1.17,2.63,-0.6300000000000001,0.0275,0.2688,-2.446
2010-11-01,0.34,1.17,2.66,-0.6600000000000004,0.0234,0.2714,-2.518
2010-11-02,0.34,1.15,2.63,-0.6700000000000002,0.0195,0.2743,-2.514
2010-11-03,0.34,1.11,2.67,-0.7899999999999998,0.0152,0.2784,-2.892
2010-11-04,0.33,1.04,2.53,-0.7799999999999998,0.011,0.2823,-2.802
2010-11-05,0.38,1.1,2.58,-0.7599999999999998,0.0067,0.2859,-2.682
2010-11-08,0.41,1.13,2.6,-0.7500000000000002,0.0029,0.2894,-2.602
2010-11-09,0.46,1.27,2.72,-0.6400000000000001,-0.0005,0.292,-2.19
2010-11-10,0.44,1.23,2.65,-0.6299999999999999,-0.0039,0.2943,-2.127
2010-11-12,0.51,1.35,2.76,-0.5699999999999994,-0.0072,0.2959,-1.902
2010-11-15,0.53,1.51,2.92,-0.4299999999999997,-0.0101,0.2965,-1.416
2010-11-16,0.51,1.49,2.85,-0.38000000000000034,-0.0128,0.2968,-1.237
2010-11-17,0.5,1.49,2.89,-0.41000000000000014,-0.0155,0.2973,-1.327
2010-11-18,0.52,1.51,2.9,-0.3999999999999999,-0.0182,0.2977,-1.282
2010-11-19,0.52,1.54,2.88,-0.31999999999999984,-0.0206,0.2977,-1.006
2010-11-22,0.49,1.44,2.8,-0.41000000000000014,-0.0233,0.2981,-1.297
2010-11-23,0.45,1.4,2.77,-0.4200000000000004,-0.0262,0.2984,-1.32
2010-11-24,0.53,1.56,2.93,-0.3400000000000003,-0.0285,0.2985,-1.044
2010-11-26,0.51,1.53,2.87,-0.3200000000000003,-0.0308,0.2986,-0.969
2010-11-29,0.52,1.51,2.84,-0.33999999999999986,-0.033,0.2988,-1.027
2010-11-30,0.45,1.47,2.81,-0.3200000000000003,-0.0349,0.2991,-0.953
2010-12-01,0.53,1.64,2.97,-0.2200000000000002,-0.0363,0.2991,-0.614
2010-12-02,0.55,1.68,3.01,-0.20000000000000018,-0.0376,0.2991,-0.543
2010-12-03,0.49,1.64,3.03,-0.23999999999999977,-0.0391,0.2992,-0.671
2010-12-06,0.42,1.53,2.95,-0.31000000000000005,-0.0409,0.2995,-0.898
2010-12-07,0.54,1.74,3.15,-0.20999999999999996,-0.0424,0.2994,-0.56
2010-12-08,0.63,1.87,3.26,-0.14999999999999947,-0.0436,0.2992,-0.356
2010-12-09,0.64,1.9,3.23,-0.07000000000000028,-0.0443,0.299,-0.086
2010-12-10,0.64,1.98,3.32,0.0,-0.0447,0.2989,0.15
2010-12-13,0.61,1.91,3.29,-0.08000000000000007,-0.0454,0.2988,-0.116
2010-12-14,0.66,2.08,3.49,0.009999999999999787,-0.046,0.2985,0.188
2010-12-15,0.68,2.11,3.53,0.009999999999999787,-0.0466,0.2983,0.19
2010-12-16,0.66,2.06,3.47,-0.010000000000000231,-0.0475,0.2978,0.126
2010-12-17,0.61,1.97,3.33,0.0,-0.0485,0.2973,0.163
2010-12-20,0.62,1.99,3.36,0.0,-0.0493,0.2968,0.166
2010-12-21,0.63,1.99,3.35,0.0,-0.0502,0.2963,0.169
2010-12-22,0.65,2.02,3.36,0.03000000000000025,-0.0512,0.2956,0.275
2010-12-23,0.67,2.09,3.41,0.09999999999999964,-0.0519,0.2951,0.515
2010-12-27,0.71,2.08,3.36,0.0900000000000003,-0.0527,0.2944,0.485
2010-12-28,0.75,2.18,3.5,0.11000000000000032,-0.0535,0.2937,0.557
2010-12-29,0.64,2.03,3.35,0.0699999999999994,-0.0544,0.2929,0.425
2010-12-30,0.66,2.06,3.38,0.08000000000000007,-0.0554,0.292,0.464
2010-12-31,0.61,2.01,3.3,0.10999999999999988,-0.0563,0.2911,0.571
2011-01-03,0.61,2.02,3.36,0.07000000000000028,-0.0576,0.2899,0.44
2011-01-04,0.63,2.01,3.36,0.029999999999999805,-0.0589,0.2887,0.308
2011-01-05,0.71,2.14,3.5,0.07000000000000028,-0.06,0.2877,0.452
2011-01-06,0.68,2.09,3.44,0.05999999999999961,-0.0611,0.2867,0.422
2011-01-07,0.6,1.96,3.34,-0.020000000000000018,-0.0626,0.2855,0.149
2011-01-10,0.59,1.93,3.32,-0.04999999999999982,-0.0642,0.2843,0.05
2011-01-11,0.6,1.98,3.37,-0.010000000000000231,-0.0656,0.2831,0.196
2011-01-12,0.61,1.99,3.4,-0.029999999999999805,-0.067,0.282,0.131
2011-01-13,0.59,1.93,3.34,-0.06999999999999984,-0.0686,0.2809,-0.005
2011-01-14,0.59,1.95,3.35,-0.040000000000000036,-0.07,0.2798,0.107
2011-01-18,0.6,1.97,3.39,-0.050000000000000266,-0.0714,0.2789,0.077
2011-01-19,0.6,1.95,3.37,-0.07000000000000028,-0.0729,0.2779,0.01
2011-01-20,0.65,2.06,3.47,0.0,-0.074,0.277,0.267
2011-01-21,0.63,2.04,3.44,0.010000000000000231,-0.0751,0.2762,0.308
2011-01-24,0.65,2.03,3.43,-0.020000000000000462,-0.0763,0.2753,0.205
2011-01-25,0.62,1.96,3.35,-0.050000000000000266,-0.0775,0.2744,0.1
2011-01-26,0.62,2.03,3.45,-0.010000000000000675,-0.0785,0.2737,0.25
2011-01-27,0.59,1.98,3.42,-0.04999999999999982,-0.0799,0.2727,0.11
2011-01-28,0.54,1.92,3.36,-0.06000000000000005,-0.0812,0.2718,0.078
2011-01-31,0.58,1.95,3.42,-0.10000000000000009,-0.0825,0.2711,-0.065
2011-02-01,0.61,2.02,3.48,-0.04999999999999982,-0.0836,0.2704,0.124
2011-02-02,0.67,2.1,3.52,0.010000000000000231,-0.0844,0.2699,0.35
2011-02-03,0.71,2.18,3.58,0.07000000000000028,-0.0848,0.2695,0.574
2011-02-04,0.77,2.27,3.68,0.08999999999999986,-0.0851,0.2693,0.65
2011-02-07,0.78,2.29,3.68,0.11999999999999966,-0.085,0.2693,0.761
2011-02-08,0.86,2.39,3.75,0.17000000000000037,-0.0848,0.2695,0.945
2011-02-09,0.81,2.33,3.65,0.20000000000000018,-0.0845,0.2698,1.054
2011-02-10,0.85,2.4,3.7,0.24999999999999956,-0.0841,0.2702,1.236
2011-02-11,0.85,2.38,3.64,0.2699999999999996,-0.0836,0.2707,1.306
2011-02-14,0.87,2.37,3.62,0.25,-0.0833,0.2711,1.229
2011-02-15,0.84,2.35,3.61,0.25000000000000044,-0.0829,0.2715,1.226
2011-02-16,0.86,2.37,3.62,0.26000000000000023,-0.0827,0.2718,1.261
2011-02-17,0.8,2.3,3.58,0.21999999999999975,-0.0827,0.2717,1.114
2011-02-18,0.78,2.3,3.59,0.22999999999999954,-0.0827,0.2717,1.151
2011-02-22,0.74,2.16,3.46,0.1200000000000001,-0.0831,0.2713,0.749
2011-02-23,0.74,2.21,3.49,0.1899999999999995,-0.0831,0.2714,1.006
2011-02-24,0.73,2.19,3.46,0.18999999999999995,-0.0833,0.2712,1.008
2011-02-25,0.72,2.16,3.42,0.1800000000000006,-0.0833,0.2711,0.971
2011-02-28,0.69,2.13,3.42,0.1499999999999999,-0.0835,0.271,0.862
2011-03-01,0.66,2.11,3.41,0.14999999999999947,-0.0835,0.271,0.862
2011-03-02,0.69,2.16,3.46,0.17000000000000037,-0.0833,0.2712,0.934
2011-03-03,0.79,2.3,3.58,0.22999999999999954,-0.0827,0.2717,1.151
2011-03-04,0.68,2.17,3.49,0.16999999999999948,-0.0824,0.2719,0.928
2011-03-07,0.7,2.19,3.51,0.16999999999999993,-0.0821,0.2721,0.926
2011-03-08,0.73,2.22,3.56,0.15000000000000036,-0.0819,0.2723,0.852
2011-03-09,0.7,2.16,3.48,0.14000000000000012,-0.0817,0.2725,0.814
2011-03-10,0.65,2.05,3.37,0.07999999999999963,-0.0819,0.2723,0.595
2011-03-11,0.64,2.06,3.4,0.08000000000000007,-0.0822,0.2721,0.596
2011-03-14,0.61,2.0,3.36,0.03000000000000025,-0.0827,0.2717,0.415
2011-03-15,0.63,2.0,3.33,0.040000000000000036,-0.0832,0.2714,0.454
2011-03-16,0.58,1.87,3.22,-0.06000000000000005,-0.084,0.271,0.089
2011-03-17,0.6,1.91,3.25,-0.03000000000000025,-0.0848,0.2706,0.203
2011-03-18,0.61,1.96,3.28,0.03000000000000025,-0.0856,0.27,0.428
2011-03-21,0.67,2.04,3.34,0.07000000000000028,-0.0862,0.2694,0.58
2011-03-22,0.68,2.07,3.34,0.11999999999999966,-0.0865,0.2692,0.767
2011-03-23,0.69,2.07,3.36,0.08999999999999986,-0.0868,0.2689,0.657
2011-03-24,0.72,2.14,3.42,0.14000000000000057,-0.0875,0.2681,0.849
2011-03-25,0.79,2.2,3.46,0.15000000000000036,-0.0881,0.2674,0.89
2011-03-28,0.81,2.23,3.47,0.17999999999999972,-0.0885,0.267,1.006
2011-03-29,0.81,2.25,3.5,0.18999999999999995,-0.0888,0.2665,1.046
2011-03-30,0.8,2.21,3.47,0.1499999999999999,-0.0892,0.266,0.899
2011-03-31,0.8,2.24,3.47,0.2100000000000004,-0.0894,0.2659,1.126
2011-04-01,0.8,2.24,3.46,0.22000000000000064,-0.0894,0.2658,1.164
2011-04-04,0.77,2.2,3.45,0.18000000000000016,-0.0898,0.2654,1.017
2011-04-05,0.84,2.28,3.5,0.21999999999999975,-0.0902,0.2649,1.171
2011-04-06,0.85,2.32,3.56,0.22999999999999954,-0.0904,0.2645,1.211
2011-04-07,0.81,2.29,3.58,0.18999999999999995,-0.0908,0.264,1.064
2011-04-08,0.83,2.31,3.59,0.20000000000000018,-0.0912,0.2636,1.105
2011-04-11,0.85,2.31,3.59,0.18000000000000016,-0.0917,0.2629,1.033
2011-04-12,0.77,2.22,3.52,0.15000000000000036,-0.0921,0.2624,0.923
2011-04-13,0.75,2.19,3.49,0.13999999999999968,-0.0926,0.2619,0.888
2011-04-14,0.77,2.23,3.51,0.18000000000000016,-0.0929,0.2615,1.044
2011-04-15,0.71,2.14,3.43,0.14000000000000012,-0.0933,0.2611,0.894
2011-04-18,0.69,2.09,3.4,0.08999999999999986,-0.0938,0.2606,0.705
2011-04-19,0.68,2.09,3.39,0.10999999999999943,-0.0943,0.2601,0.785
2011-04-20,0.69,2.15,3.43,0.17999999999999972,-0.0946,0.2597,1.057
2011-04-21,0.68,2.14,3.42,0.18000000000000016,-0.0948,0.2595,1.059
2011-04-25,0.67,2.1,3.39,0.14000000000000012,-0.0954,0.2589,0.909
2011-04-26,0.65,2.05,3.34,0.10999999999999988,-0.096,0.2581,0.798
2011-04-27,0.65,2.06,3.39,0.08000000000000007,-0.0968,0.2572,0.687
2011-04-28,0.62,2.0,3.34,0.040000000000000036,-0.0974,0.2568,0.535
2011-04-29,0.61,1.97,3.32,0.010000000000000231,-0.0983,0.256,0.423
2011-05-02,0.61,1.96,3.31,0.0,-0.0991,0.2554,0.388
2011-05-03,0.61,1.96,3.28,0.03000000000000025,-0.0998,0.2548,0.509
2011-05-04,0.6,1.95,3.25,0.04999999999999982,-0.1004,0.2542,0.592
2011-05-05,0.58,1.88,3.18,-4.440892098500626e-16,-0.1011,0.2537,0.399
2011-05-06,0.57,1.87,3.19,-0.019999999999999574,-0.1018,0.2532,0.323
2011-05-09,0.57,1.84,3.17,-0.05999999999999961,-0.1025,0.2529,0.168
2011-05-10,0.59,1.91,3.23,0.0,-0.1027,0.2528,0.406
2011-05-11,0.56,1.87,3.19,-0.009999999999999787,-0.1031,0.2525,0.369
2011-05-12,0.57,1.89,3.22,-0.010000000000000231,-0.1036,0.2522,0.371
2011-05-13,0.57,1.86,3.18,-0.029999999999999805,-0.1042,0.2518,0.295
2011-05-16,0.54,1.83,3.15,-0.029999999999999805,-0.1048,0.2515,0.297
2011-05-17,0.55,1.8,3.12,-0.07000000000000028,-0.1055,0.2512,0.141
2011-05-18,0.58,1.87,3.18,-0.020000000000000018,-0.106,0.2508,0.343
2011-05-19,0.55,1.85,3.17,-0.019999999999999574,-0.1064,0.2506,0.345
2011-05-20,0.55,1.82,3.15,-0.06000000000000005,-0.1071,0.2503,0.188
2011-05-23,0.55,1.8,3.13,-0.08000000000000007,-0.1077,0.2501,0.111
2011-05-24,0.56,1.81,3.12,-0.06000000000000005,-0.1082,0.2498,0.193
2011-05-25,0.54,1.81,3.13,-0.04999999999999982,-0.1087,0.2495,0.235
2011-05-26,0.48,1.72,3.07,-0.10999999999999988,-0.1093,0.2494,-0.003
2011-05-27,0.48,1.71,3.07,-0.1299999999999999,-0.1102,0.2491,-0.079
2011-05-31,0.45,1.68,3.05,-0.14000000000000012,-0.1113,0.2485,-0.115
2011-06-01,0.44,1.6,2.96,-0.19999999999999973,-0.1126,0.2481,-0.352
2011-06-02,0.45,1.65,3.04,-0.1900000000000004,-0.1138,0.2478,-0.308
2011-06-03,0.42,1.6,2.99,-0.20999999999999996,-0.1151,0.2474,-0.384
2011-06-06,0.43,1.6,3.01,-0.23999999999999977,-0.1165,0.2471,-0.5
2011-06-07,0.39,1.59,3.01,-0.21999999999999975,-0.1176,0.247,-0.415
2011-06-08,0.39,1.52,2.98,-0.33000000000000007,-0.1188,0.2472,-0.854
2011-06-09,0.43,1.6,3.01,-0.23999999999999977,-0.12,0.2471,-0.486
2011-06-10,0.41,1.58,2.99,-0.2400000000000002,-0.1211,0.2471,-0.481
2011-06-13,0.4,1.59,3.0,-0.21999999999999975,-0.1224,0.2467,-0.396
2011-06-14,0.45,1.7,3.11,-0.16000000000000014,-0.1233,0.2464,-0.149
2011-06-15,0.38,1.55,2.98,-0.2599999999999998,-0.1247,0.2461,-0.55
2011-06-16,0.38,1.52,2.93,-0.27,-0.1262,0.2459,-0.585
2011-06-17,0.38,1.53,2.94,-0.2599999999999998,-0.1276,0.2457,-0.539
2011-06-20,0.38,1.55,2.97,-0.25,-0.1289,0.2454,-0.493
2011-06-21,0.4,1.57,2.99,-0.25,-0.1303,0.2451,-0.488
2011-06-22,0.39,1.58,3.01,-0.23999999999999977,-0.1317,0.2448,-0.442
2011-06-23,0.35,1.48,2.93,-0.3200000000000003,-0.1332,0.2447,-0.763
2011-06-24,0.35,1.4,2.88,-0.43000000000000016,-0.1352,0.2451,-1.203
2011-06-27,0.41,1.47,2.95,-0.4200000000000004,-0.1371,0.2455,-1.152
2011-06-28,0.48,1.62,3.05,-0.2899999999999996,-0.1383,0.2454,-0.618
2011-06-29,0.47,1.7,3.14,-0.2100000000000004,-0.1391,0.2453,-0.289
2011-06-30,0.45,1.76,3.18,-0.11000000000000032,-0.1395,0.2452,0.12
2011-07-01,0.5,1.8,3.22,-0.1200000000000001,-0.14,0.2451,0.082
2011-07-05,0.44,1.7,3.16,-0.20000000000000018,-0.1408,0.2449,-0.242
2011-07-06,0.43,1.66,3.12,-0.23000000000000043,-0.1417,0.2448,-0.361
2011-07-07,0.49,1.74,3.17,-0.17999999999999972,-0.1423,0.2447,-0.154
2011-07-08,0.4,1.57,3.03,-0.2899999999999996,-0.1432,0.2448,-0.6
2011-07-11,0.37,1.49,2.94,-0.33000000000000007,-0.1442,0.2451,-0.758
2011-07-12,0.37,1.47,2.92,-0.3500000000000001,-0.1456,0.2452,-0.834
2011-07-13,0.37,1.45,2.92,-0.3900000000000001,-0.1471,0.2456,-0.989
2011-07-14,0.38,1.51,2.98,-0.33999999999999986,-0.1483,0.2458,-0.78
2011-07-15,0.37,1.46,2.94,-0.3900000000000001,-0.1497,0.2462,-0.976
2011-07-18,0.37,1.45,2.94,-0.41000000000000014,-0.151,0.2467,-1.05
2011-07-19,0.39,1.45,2.91,-0.40000000000000036,-0.1519,0.2472,-1.004
2011-07-20,0.4,1.49,2.96,-0.3799999999999999,-0.1528,0.2476,-0.918
2011-07-21,0.4,1.56,3.03,-0.3099999999999996,-0.1534,0.2478,-0.632
2011-07-22,0.4,1.53,2.99,-0.33000000000000007,-0.154,0.248,-0.71
2011-07-25,0.42,1.55,3.03,-0.34999999999999964,-0.1547,0.2483,-0.787
2011-07-26,0.41,1.51,2.99,-0.38000000000000034,-0.1558,0.2487,-0.901
2011-07-27,0.44,1.56,3.01,-0.3299999999999996,-0.1565,0.249,-0.697
2011-07-28,0.42,1.52,2.98,-0.3599999999999999,-0.1576,0.2493,-0.812
2011-07-29,0.36,1.35,2.82,-0.47999999999999954,-0.159,0.2501,-1.283
2011-08-01,0.38,1.32,2.77,-0.5099999999999998,-0.1601,0.251,-1.394
2011-08-02,0.33,1.23,2.66,-0.5300000000000002,-0.1611,0.252,-1.464
2011-08-03,0.33,1.25,2.64,-0.4700000000000002,-0.1619,0.2526,-1.22
2011-08-04,0.27,1.12,2.47,-0.5,-0.1624,0.2532,-1.333
2011-08-05,0.28,1.23,2.58,-0.40000000000000036,-0.1628,0.2535,-0.936
2011-08-08,0.27,1.11,2.4,-0.44999999999999973,-0.1633,0.2539,-1.129
2011-08-09,0.19,0.91,2.2,-0.5700000000000001,-0.1642,0.255,-1.591
2011-08-10,0.19,0.93,2.17,-0.4999999999999998,-0.1649,0.2557,-1.311
2011-08-11,0.19,1.02,2.34,-0.48999999999999977,-0.1653,0.2561,-1.268
2011-08-12,0.2,0.96,2.24,-0.5200000000000002,-0.1658,0.2567,-1.38
2011-08-15,0.19,0.99,2.29,-0.5,-0.1665,0.2574,-1.296
2011-08-16,0.2,0.95,2.23,-0.53,-0.1675,0.2583,-1.403
2011-08-17,0.19,0.92,2.17,-0.5199999999999998,-0.1684,0.2591,-1.357
2011-08-18,0.2,0.9,2.08,-0.48,-0.1692,0.2598,-1.196
2011-08-19,0.2,0.9,2.07,-0.46999999999999975,-0.1702,0.2604,-1.151
2011-08-22,0.22,0.94,2.1,-0.44000000000000017,-0.1709,0.2609,-1.031
2011-08-23,0.22,0.95,2.15,-0.47,-0.1721,0.2616,-1.139
2011-08-24,0.23,1.05,2.29,-0.41999999999999993,-0.1729,0.2621,-0.943
2011-08-25,0.22,0.98,2.23,-0.49,-0.1737,0.2627,-1.204
2011-08-26,0.2,0.94,2.19,-0.51,-0.1746,0.2635,-1.273
2011-08-29,0.2,0.99,2.28,-0.4999999999999998,-0.1756,0.2643,-1.227
2011-08-30,0.2,0.94,2.19,-0.51,-0.1767,0.2651,-1.257
2011-08-31,0.2,0.96,2.23,-0.51,-0.1777,0.2659,-1.25
2011-09-01,0.19,0.9,2.15,-0.5399999999999998,-0.1787,0.2668,-1.354
2011-09-02,0.2,0.88,2.02,-0.45999999999999996,-0.1795,0.2673,-1.049
2011-09-06,0.21,0.88,1.98,-0.42999999999999994,-0.1802,0.2677,-0.933
2011-09-07,0.21,0.92,2.05,-0.4199999999999997,-0.1808,0.2681,-0.892
2011-09-08,0.19,0.88,2.0,-0.42999999999999994,-0.1814,0.2685,-0.926
2011-09-09,0.17,0.81,1.93,-0.47999999999999976,-0.1823,0.2691,-1.106
2011-09-12,0.21,0.87,1.94,-0.4099999999999999,-0.1831,0.2695,-0.842
2011-09-13,0.21,0.89,2.0,-0.42999999999999994,-0.184,0.2699,-0.911
2011-09-14,0.19,0.91,2.03,-0.3999999999999997,-0.1846,0.2702,-0.797
2011-09-15,0.21,0.95,2.09,-0.3999999999999999,-0.1849,0.2704,-0.795
2011-09-16,0.18,0.94,2.08,-0.3800000000000001,-0.1851,0.2706,-0.72
2011-09-19,0.16,0.85,1.97,-0.42999999999999994,-0.1857,0.2709,-0.902
2011-09-20,0.18,0.85,1.95,-0.42999999999999994,-0.1862,0.2713,-0.899
2011-09-21,0.21,0.88,1.88,-0.32999999999999985,-0.1862,0.2713,-0.53
2011-09-22,0.2,0.79,1.72,-0.33999999999999986,-0.1861,0.2712,-0.567
2011-09-23,0.23,0.89,1.84,-0.29000000000000004,-0.1859,0.2711,-0.384
2011-09-26,0.25,0.92,1.91,-0.31999999999999984,-0.1858,0.2711,-0.495
2011-09-27,0.25,0.97,2.0,-0.31000000000000005,-0.1858,0.2711,-0.458
2011-09-28,0.27,0.99,2.03,-0.31999999999999984,-0.1856,0.271,-0.496
2011-09-29,0.27,0.98,1.99,-0.30000000000000004,-0.1854,0.2709,-0.423
2011-09-30,0.25,0.96,1.92,-0.25,-0.1848,0.2706,-0.241
2011-10-03,0.24,0.87,1.8,-0.30000000000000004,-0.1844,0.2703,-0.428
2011-10-04,0.25,0.9,1.81,-0.26,-0.1837,0.2698,-0.283
2011-10-05,0.25,0.96,1.92,-0.25,-0.1829,0.2693,-0.249
2011-10-06,0.29,1.01,2.01,-0.2799999999999998,-0.182,0.2687,-0.365
2011-10-07,0.3,1.08,2.1,-0.24,-0.1811,0.2681,-0.22
2011-10-11,0.32,1.14,2.18,-0.22000000000000042,-0.18,0.2674,-0.15
2011-10-12,0.29,1.17,2.24,-0.1900000000000004,-0.1787,0.2665,-0.042
2011-10-13,0.29,1.11,2.19,-0.2599999999999998,-0.1776,0.2656,-0.31
2011-10-14,0.28,1.12,2.26,-0.2999999999999996,-0.1765,0.2645,-0.467
2011-10-17,0.28,1.08,2.18,-0.30000000000000004,-0.1756,0.2636,-0.472
2011-10-18,0.28,1.07,2.19,-0.32999999999999985,-0.1746,0.2627,-0.592
2011-10-19,0.28,1.05,2.18,-0.3600000000000001,-0.1736,0.2615,-0.713
2011-10-20,0.28,1.07,2.2,-0.3400000000000001,-0.1724,0.2599,-0.645
2011-10-21,0.3,1.08,2.23,-0.3699999999999999,-0.1713,0.2586,-0.768
2011-10-24,0.3,1.1,2.25,-0.34999999999999987,-0.1702,0.2571,-0.699
2011-10-25,0.26,1.01,2.14,-0.3800000000000001,-0.1693,0.256,-0.823
2011-10-26,0.28,1.09,2.23,-0.32999999999999985,-0.1684,0.255,-0.634
2011-10-27,0.31,1.2,2.42,-0.33000000000000007,-0.1676,0.2542,-0.639
2011-10-28,0.28,1.13,2.34,-0.3600000000000001,-0.1671,0.2538,-0.76
2011-10-31,0.25,0.99,2.17,-0.43999999999999995,-0.1665,0.2529,-1.081
2011-11-01,0.23,0.9,2.01,-0.4399999999999997,-0.1658,0.2518,-1.089
2011-11-02,0.23,0.89,2.03,-0.47999999999999976,-0.165,0.2506,-1.257
2011-11-03,0.24,0.91,2.09,-0.5099999999999998,-0.1644,0.2495,-1.385
2011-11-04,0.22,0.88,2.06,-0.52,-0.1633,0.2474,-1.442
2011-11-07,0.25,0.88,2.04,-0.53,-0.1623,0.2454,-1.498
2011-11-08,0.25,0.92,2.1,-0.51,-0.1613,0.2435,-1.432
2011-11-09,0.24,0.88,2.0,-0.48,-0.1603,0.2415,-1.324
2011-11-10,0.24,0.9,2.04,-0.48,-0.1596,0.2404,-1.333
2011-11-14,0.24,0.91,2.04,-0.45999999999999996,-0.159,0.2393,-1.258
2011-11-15,0.26,0.93,2.06,-0.45999999999999996,-0.1585,0.2387,-1.263
2011-11-16,0.26,0.9,2.01,-0.46999999999999975,-0.1587,0.2389,-1.303
2011-11-17,0.27,0.88,1.96,-0.47,-0.159,0.2393,-1.3
2011-11-18,0.29,0.94,2.01,-0.41999999999999993,-0.1591,0.2393,-1.09
2011-11-21,0.27,0.92,1.97,-0.3999999999999999,-0.1591,0.2393,-1.007
2011-11-22,0.26,0.91,1.94,-0.3799999999999999,-0.1593,0.2395,-0.922
2011-11-23,0.26,0.88,1.89,-0.3899999999999999,-0.1592,0.2394,-0.964
2011-11-25,0.28,0.93,1.97,-0.3899999999999999,-0.1591,0.2393,-0.965
2011-11-28,0.26,0.91,1.97,-0.4099999999999999,-0.1594,0.2395,-1.046
2011-11-29,0.27,0.93,2.0,-0.4099999999999999,-0.1598,0.2399,-1.043
2011-11-30,0.25,0.96,2.08,-0.41000000000000014,-0.16,0.2401,-1.041
2011-12-01,0.27,0.97,2.11,-0.43999999999999995,-0.1605,0.2405,-1.162
2011-12-02,0.25,0.92,2.05,-0.45999999999999974,-0.1615,0.2413,-1.237
2011-12-05,0.27,0.93,2.04,-0.44999999999999996,-0.1625,0.2419,-1.189
2011-12-06,0.25,0.94,2.08,-0.4500000000000002,-0.1633,0.2426,-1.182
2011-12-07,0.24,0.89,2.02,-0.48,-0.164,0.2432,-1.299
2011-12-08,0.22,0.86,1.99,-0.49,-0.1651,0.244,-1.332
2011-12-09,0.22,0.89,2.07,-0.5099999999999998,-0.1665,0.245,-1.402
2011-12-12,0.24,0.87,2.03,-0.5299999999999998,-0.1683,0.246,-1.47
2011-12-13,0.24,0.85,1.96,-0.5,-0.1703,0.2467,-1.336
2011-12-14,0.25,0.86,1.92,-0.44999999999999996,-0.1718,0.2472,-1.125
2011-12-15,0.26,0.86,1.92,-0.45999999999999996,-0.1737,0.2476,-1.156
2011-12-16,0.24,0.81,1.86,-0.48,-0.1756,0.2481,-1.227
2011-12-19,0.24,0.82,1.82,-0.42000000000000015,-0.1772,0.2483,-0.978
2011-12-20,0.26,0.88,1.94,-0.43999999999999995,-0.179,0.2486,-1.05
2011-12-21,0.28,0.91,1.98,-0.43999999999999995,-0.1807,0.2489,-1.042
2011-12-22,0.28,0.91,1.97,-0.42999999999999994,-0.1824,0.2491,-0.994
2011-12-23,0.28,0.97,2.03,-0.3699999999999999,-0.184,0.2491,-0.747
2011-12-27,0.3,0.96,2.02,-0.40000000000000013,-0.186,0.2488,-0.86
2011-12-28,0.28,0.91,1.93,-0.3899999999999999,-0.1879,0.2485,-0.813
2011-12-29,0.28,0.88,1.91,-0.42999999999999994,-0.19,0.2482,-0.967
2011-12-30,0.25,0.83,1.89,-0.48,-0.1922,0.2484,-1.159
2012-01-03,0.27,0.89,1.97,-0.45999999999999996,-0.1944,0.2483,-1.07
2012-01-04,0.25,0.89,2.0,-0.47,-0.1967,0.2482,-1.101
2012-01-05,0.27,0.88,2.02,-0.53,-0.199,0.2485,-1.332
2012-01-06,0.25,0.86,1.98,-0.51,-0.2012,0.2489,-1.241
2012-01-09,0.26,0.85,1.98,-0.54,-0.2036,0.2492,-1.35
2012-01-10,0.24,0.86,2.0,-0.52,-0.2059,0.2494,-1.259
2012-01-11,0.24,0.82,1.93,-0.53,-0.2079,0.25,-1.288
2012-01-12,0.22,0.84,1.94,-0.48,-0.2096,0.2503,-1.08
2012-01-13,0.24,0.8,1.89,-0.5299999999999998,-0.2117,0.2508,-1.269
2012-01-17,0.21,0.79,1.87,-0.5,-0.2136,0.2512,-1.14
2012-01-18,0.24,0.82,1.92,-0.52,-0.2154,0.2518,-1.21
2012-01-19,0.26,0.87,2.01,-0.5299999999999998,-0.2173,0.2523,-1.239
2012-01-20,0.26,0.91,2.05,-0.48999999999999977,-0.219,0.2527,-1.072
2012-01-23,0.26,0.93,2.09,-0.48999999999999977,-0.2207,0.2531,-1.064
2012-01-24,0.24,0.92,2.08,-0.48,-0.2226,0.2532,-1.017
2012-01-25,0.22,0.81,2.01,-0.6099999999999997,-0.2251,0.254,-1.515
2012-01-26,0.22,0.77,1.96,-0.6399999999999999,-0.2275,0.255,-1.618
2012-01-27,0.22,0.75,1.93,-0.6499999999999999,-0.2299,0.2561,-1.64
2012-01-30,0.22,0.73,1.87,-0.6300000000000001,-0.2324,0.257,-1.547
2012-01-31,0.22,0.71,1.83,-0.6300000000000001,-0.2347,0.2579,-1.533
2012-02-01,0.23,0.72,1.87,-0.6600000000000001,-0.2371,0.2591,-1.632
2012-02-02,0.23,0.71,1.86,-0.6700000000000002,-0.2393,0.2604,-1.654
2012-02-03,0.23,0.78,1.97,-0.6399999999999999,-0.2417,0.2613,-1.524
2012-02-06,0.24,0.76,1.93,-0.6499999999999999,-0.2443,0.2621,-1.548
2012-02-07,0.25,0.82,2.0,-0.6100000000000001,-0.247,0.2623,-1.384
2012-02-08,0.27,0.82,2.01,-0.6399999999999999,-0.2499,0.2626,-1.486
2012-02-09,0.27,0.86,2.04,-0.5900000000000001,-0.2527,0.2624,-1.285
2012-02-10,0.27,0.81,1.96,-0.6099999999999999,-0.2558,0.262,-1.352
2012-02-13,0.29,0.85,1.99,-0.5800000000000001,-0.2589,0.2612,-1.229
2012-02-14,0.29,0.81,1.92,-0.5899999999999999,-0.2622,0.2601,-1.26
2012-02-15,0.29,0.81,1.93,-0.5999999999999999,-0.2657,0.2587,-1.292
2012-02-16,0.29,0.87,1.99,-0.54,-0.2688,0.2573,-1.054
2012-02-17,0.29,0.88,2.01,-0.5399999999999998,-0.2719,0.2557,-1.048
2012-02-21,0.31,0.92,2.05,-0.5199999999999998,-0.275,0.254,-0.965
2012-02-22,0.29,0.88,2.01,-0.5399999999999998,-0.2781,0.2526,-1.037
2012-02-23,0.31,0.88,1.99,-0.54,-0.2811,0.2511,-1.031
2012-02-24,0.31,0.89,1.98,-0.51,-0.2836,0.2502,-0.905
2012-02-27,0.3,0.84,1.92,-0.54,-0.2865,0.2489,-1.018
2012-02-28,0.3,0.84,1.94,-0.56,-0.2895,0.2477,-1.092
2012-02-29,0.3,0.87,1.98,-0.54,-0.2923,0.2464,-1.005
2012-03-01,0.3,0.89,2.03,-0.5499999999999998,-0.2951,0.2453,-1.039
2012-03-02,0.28,0.84,1.99,-0.5900000000000001,-0.2981,0.2444,-1.194
2012-03-05,0.31,0.87,2.0,-0.5700000000000001,-0.301,0.2432,-1.106
2012-03-06,0.3,0.83,1.96,-0.6000000000000001,-0.3043,0.2416,-1.224
2012-03-07,0.3,0.85,1.98,-0.5800000000000001,-0.3073,0.2403,-1.135
2012-03-08,0.32,0.89,2.03,-0.5699999999999998,-0.3102,0.239,-1.087
2012-03-09,0.33,0.9,2.04,-0.5700000000000001,-0.3131,0.2378,-1.08
2012-03-12,0.33,0.92,2.04,-0.53,-0.3157,0.2364,-0.907
2012-03-13,0.35,0.99,2.14,-0.5100000000000002,-0.3181,0.2354,-0.815
2012-03-14,0.4,1.13,2.29,-0.43000000000000016,-0.3201,0.2342,-0.469
2012-03-15,0.37,1.11,2.29,-0.43999999999999995,-0.3219,0.2332,-0.506
2012-03-16,0.37,1.13,2.31,-0.4200000000000004,-0.3238,0.2322,-0.414
2012-03-19,0.39,1.2,2.39,-0.38000000000000034,-0.325,0.2316,-0.237
2012-03-20,0.41,1.22,2.38,-0.3500000000000001,-0.3263,0.2309,-0.103
2012-03-21,0.39,1.15,2.31,-0.40000000000000036,-0.328,0.2298,-0.313
2012-03-22,0.37,1.13,2.29,-0.40000000000000036,-0.3299,0.2285,-0.307
2012-03-23,0.37,1.1,2.25,-0.41999999999999993,-0.332,0.2268,-0.388
2012-03-26,0.36,1.09,2.26,-0.4399999999999995,-0.3341,0.2253,-0.47
2012-03-27,0.33,1.04,2.2,-0.4500000000000002,-0.3365,0.2234,-0.508
2012-03-28,0.34,1.05,2.21,-0.44999999999999996,-0.3388,0.2214,-0.502
2012-03-29,0.33,1.01,2.18,-0.4900000000000002,-0.3415,0.2191,-0.678
2012-03-30,0.33,1.04,2.23,-0.48,-0.3442,0.2167,-0.627
2012-04-02,0.33,1.03,2.22,-0.4900000000000002,-0.3467,0.2146,-0.668
2012-04-03,0.36,1.1,2.3,-0.4599999999999995,-0.3494,0.2118,-0.522
2012-04-04,0.35,1.05,2.25,-0.5,-0.3522,0.209,-0.707
2012-04-05,0.35,1.01,2.19,-0.52,-0.355,0.2065,-0.799
2012-04-06,0.32,0.89,2.07,-0.6099999999999999,-0.3583,0.2039,-1.234
2012-04-09,0.32,0.9,2.06,-0.5800000000000001,-0.3615,0.2009,-1.088
2012-04-10,0.28,0.85,2.01,-0.5899999999999999,-0.3646,0.1984,-1.136
2012-04-11,0.3,0.89,2.05,-0.5699999999999998,-0.3677,0.1956,-1.034
2012-04-12,0.29,0.9,2.08,-0.5700000000000001,-0.3706,0.1929,-1.034
2012-04-13,0.27,0.86,2.02,-0.5700000000000001,-0.3735,0.1905,-1.031
2012-04-16,0.27,0.85,2.0,-0.5700000000000001,-0.3763,0.1881,-1.03
2012-04-17,0.27,0.88,2.03,-0.5399999999999998,-0.3792,0.1851,-0.869
2012-04-18,0.27,0.86,2.0,-0.55,-0.3819,0.1824,-0.922
2012-04-19,0.27,0.84,1.98,-0.5700000000000001,-0.3845,0.1804,-1.028
2012-04-20,0.29,0.86,1.99,-0.56,-0.3872,0.178,-0.971
2012-04-23,0.27,0.83,1.96,-0.5700000000000001,-0.3902,0.1747,-1.029
2012-04-24,0.27,0.86,2.0,-0.55,-0.3931,0.1712,-0.916
2012-04-25,0.26,0.86,2.01,-0.5499999999999998,-0.3958,0.1681,-0.917
2012-04-26,0.26,0.83,1.98,-0.5800000000000001,-0.3985,0.1655,-1.097
2012-04-27,0.26,0.82,1.96,-0.5800000000000001,-0.4012,0.1631,-1.096
2012-04-30,0.27,0.82,1.95,-0.5800000000000001,-0.4036,0.161,-1.096
2012-05-01,0.27,0.84,1.98,-0.5700000000000001,-0.4059,0.1592,-1.031
2012-05-02,0.27,0.82,1.96,-0.5900000000000001,-0.4083,0.1576,-1.153
2012-05-03,0.28,0.82,1.96,-0.6000000000000001,-0.4108,0.1556,-1.216
2012-05-04,0.27,0.78,1.91,-0.6199999999999999,-0.4134,0.1534,-1.347
2012-05-07,0.27,0.79,1.92,-0.6099999999999999,-0.4158,0.1516,-1.281
2012-05-08,0.27,0.77,1.88,-0.6099999999999999,-0.4182,0.1501,-1.278
2012-05-09,0.27,0.77,1.87,-0.6000000000000001,-0.4203,0.1488,-1.208
2012-05-10,0.27,0.79,1.89,-0.5799999999999998,-0.4226,0.1467,-1.073
2012-05-11,0.27,0.75,1.84,-0.6100000000000001,-0.425,0.1448,-1.278
2012-05-14,0.29,0.73,1.78,-0.6100000000000001,-0.4274,0.1429,-1.278
2012-05-15,0.29,0.74,1.76,-0.5700000000000001,-0.4295,0.141,-0.996
2012-05-16,0.3,0.75,1.76,-0.56,-0.4316,0.1389,-0.924
2012-05-17,0.32,0.74,1.7,-0.54,-0.4335,0.1372,-0.776
2012-05-18,0.32,0.75,1.71,-0.53,-0.4355,0.1348,-0.701
2012-05-21,0.3,0.75,1.75,-0.55,-0.4376,0.1324,-0.849
2012-05-22,0.3,0.78,1.79,-0.53,-0.4395,0.1304,-0.694
2012-05-23,0.28,0.74,1.73,-0.53,-0.4413,0.1285,-0.69
2012-05-24,0.29,0.77,1.77,-0.52,-0.4431,0.1263,-0.609
2012-05-25,0.3,0.76,1.75,-0.53,-0.445,0.1239,-0.686
2012-05-29,0.3,0.76,1.74,-0.52,-0.4466,0.1222,-0.601
2012-05-30,0.27,0.69,1.63,-0.52,-0.4482,0.1206,-0.595
2012-05-31,0.27,0.67,1.59,-0.52,-0.4497,0.1191,-0.59
2012-06-01,0.25,0.62,1.47,-0.48,-0.4508,0.1181,-0.247
2012-06-04,0.25,0.68,1.53,-0.41999999999999993,-0.4517,0.117,0.271
2012-06-05,0.25,0.68,1.57,-0.45999999999999996,-0.4527,0.116,-0.063
2012-06-06,0.26,0.73,1.66,-0.45999999999999996,-0.4536,0.1152,-0.056
2012-06-07,0.27,0.72,1.66,-0.49,-0.4546,0.1143,-0.31
2012-06-08,0.28,0.71,1.65,-0.51,-0.4554,0.114,-0.479
2012-06-11,0.27,0.69,1.6,-0.4900000000000002,-0.4563,0.1132,-0.298
2012-06-12,0.3,0.75,1.67,-0.47,-0.4573,0.1124,-0.113
2012-06-13,0.3,0.71,1.61,-0.4900000000000002,-0.4583,0.1114,-0.285
2012-06-14,0.3,0.73,1.64,-0.48,-0.4596,0.1098,-0.186
2012-06-15,0.29,0.68,1.6,-0.53,-0.4607,0.1092,-0.635
2012-06-18,0.29,0.69,1.59,-0.5000000000000002,-0.4616,0.1085,-0.354
2012-06-19,0.3,0.71,1.64,-0.52,-0.4626,0.1078,-0.532
2012-06-20,0.32,0.74,1.65,-0.49,-0.4636,0.107,-0.247
2012-06-21,0.32,0.73,1.63,-0.49,-0.4645,0.1062,-0.24
2012-06-22,0.31,0.76,1.69,-0.48,-0.4655,0.1052,-0.138
2012-06-25,0.31,0.72,1.63,-0.5,-0.4662,0.1048,-0.323
2012-06-26,0.31,0.75,1.66,-0.47,-0.4663,0.1048,-0.035
2012-06-27,0.31,0.73,1.65,-0.5,-0.4667,0.1048,-0.318
2012-06-28,0.31,0.69,1.6,-0.5300000000000002,-0.4676,0.1043,-0.598
2012-06-29,0.33,0.72,1.67,-0.56,-0.469,0.1032,-0.882
2012-07-02,0.3,0.67,1.61,-0.5700000000000001,-0.4708,0.1008,-0.984
2012-07-03,0.3,0.69,1.65,-0.5700000000000001,-0.4726,0.0985,-0.989
2012-07-05,0.28,0.68,1.62,-0.54,-0.474,0.0971,-0.68
2012-07-06,0.27,0.64,1.57,-0.56,-0.4753,0.096,-0.882
2012-07-09,0.27,0.63,1.53,-0.54,-0.4767,0.0943,-0.671
2012-07-10,0.27,0.63,1.53,-0.54,-0.4777,0.0936,-0.666
2012-07-11,0.27,0.64,1.54,-0.53,-0.4785,0.0932,-0.553
2012-07-12,0.25,0.63,1.5,-0.49,-0.479,0.0929,-0.118
2012-07-13,0.25,0.63,1.52,-0.51,-0.4795,0.0927,-0.329
2012-07-16,0.24,0.6,1.5,-0.54,-0.4803,0.0924,-0.646
2012-07-17,0.25,0.62,1.53,-0.54,-0.4809,0.0923,-0.64
2012-07-18,0.22,0.6,1.52,-0.54,-0.4814,0.0922,-0.636
2012-07-19,0.22,0.62,1.54,-0.52,-0.4819,0.0921,-0.414
2012-07-20,0.22,0.59,1.49,-0.53,-0.4825,0.0919,-0.517
2012-07-23,0.22,0.57,1.47,-0.55,-0.4835,0.0914,-0.728
2012-07-24,0.22,0.57,1.44,-0.52,-0.4842,0.0909,-0.394
2012-07-25,0.22,0.56,1.43,-0.5299999999999998,-0.4849,0.0905,-0.498
2012-07-26,0.23,0.58,1.45,-0.52,-0.4855,0.0903,-0.382
2012-07-27,0.25,0.65,1.58,-0.53,-0.4863,0.0898,-0.487
2012-07-30,0.23,0.61,1.53,-0.54,-0.487,0.0895,-0.592
2012-07-31,0.23,0.6,1.51,-0.54,-0.4872,0.0896,-0.589
2012-08-01,0.24,0.63,1.56,-0.54,-0.4873,0.0897,-0.588
2012-08-02,0.24,0.61,1.51,-0.53,-0.4873,0.0897,-0.476
2012-08-03,0.24,0.67,1.6,-0.5,-0.4875,0.0897,-0.139
2012-08-06,0.24,0.65,1.59,-0.53,-0.4876,0.0897,-0.473
2012-08-07,0.27,0.71,1.66,-0.51,-0.488,0.0895,-0.246
2012-08-08,0.29,0.73,1.68,-0.51,-0.4883,0.0895,-0.242
2012-08-09,0.29,0.74,1.69,-0.5,-0.488,0.0894,-0.134
2012-08-10,0.27,0.71,1.65,-0.5,-0.488,0.0894,-0.134
2012-08-13,0.27,0.71,1.65,-0.5,-0.488,0.0894,-0.134
2012-08-14,0.27,0.75,1.73,-0.5,-0.4879,0.0893,-0.135
2012-08-15,0.27,0.8,1.8,-0.47,-0.4878,0.0893,0.199
2012-08-16,0.29,0.83,1.83,-0.4600000000000002,-0.4875,0.0893,0.308
2012-08-17,0.29,0.81,1.81,-0.48,-0.4874,0.0893,0.083
2012-08-20,0.29,0.8,1.82,-0.51,-0.4875,0.0893,-0.252
2012-08-21,0.31,0.8,1.8,-0.51,-0.4877,0.0893,-0.25
2012-08-22,0.26,0.71,1.71,-0.55,-0.4881,0.0894,-0.692
2012-08-23,0.26,0.71,1.68,-0.52,-0.4883,0.0894,-0.355
2012-08-24,0.28,0.72,1.68,-0.52,-0.4887,0.0893,-0.351
2012-08-27,0.28,0.7,1.65,-0.53,-0.4888,0.0893,-0.461
2012-08-28,0.27,0.69,1.64,-0.53,-0.4889,0.0893,-0.46
2012-08-29,0.27,0.69,1.66,-0.55,-0.4891,0.0894,-0.681
2012-08-30,0.27,0.66,1.63,-0.5799999999999998,-0.4894,0.0896,-1.011
2012-08-31,0.22,0.59,1.57,-0.6100000000000001,-0.4898,0.0899,-1.337
2012-09-04,0.23,0.62,1.59,-0.5800000000000001,-0.49,0.09,-1.0
2012-09-05,0.25,0.62,1.6,-0.6100000000000001,-0.4906,0.0903,-1.322
2012-09-06,0.27,0.68,1.68,-0.5899999999999999,-0.4912,0.0905,-1.092
2012-09-07,0.25,0.64,1.67,-0.6399999999999999,-0.4921,0.0908,-1.629
2012-09-10,0.25,0.66,1.68,-0.6099999999999999,-0.4928,0.0911,-1.286
2012-09-11,0.25,0.67,1.7,-0.6099999999999999,-0.4933,0.0914,-1.277
2012-09-12,0.25,0.7,1.77,-0.6200000000000001,-0.4941,0.0915,-1.376
2012-09-13,0.24,0.65,1.75,-0.69,-0.4952,0.0923,-2.111
2012-09-14,0.27,0.72,1.88,-0.71,-0.4964,0.0931,-2.294
2012-09-17,0.25,0.73,1.85,-0.6400000000000001,-0.4973,0.0933,-1.529
2012-09-18,0.25,0.71,1.82,-0.6500000000000001,-0.4984,0.0935,-1.621
2012-09-19,0.27,0.7,1.79,-0.6600000000000001,-0.4993,0.094,-1.71
2012-09-20,0.27,0.7,1.8,-0.6700000000000002,-0.5003,0.0945,-1.796
2012-09-21,0.27,0.68,1.77,-0.6799999999999999,-0.5017,0.0945,-1.887
2012-09-24,0.27,0.68,1.74,-0.6499999999999999,-0.5029,0.0944,-1.558
2012-09-25,0.27,0.66,1.7,-0.6499999999999999,-0.5043,0.0939,-1.552
2012-09-26,0.26,0.63,1.64,-0.6399999999999999,-0.5056,0.0936,-1.436
2012-09-27,0.25,0.64,1.66,-0.6299999999999999,-0.5069,0.0931,-1.322
2012-09-28,0.23,0.62,1.65,-0.6399999999999999,-0.5081,0.0927,-1.423
2012-10-01,0.25,0.62,1.64,-0.6499999999999999,-0.5095,0.0922,-1.524
2012-10-02,0.23,0.61,1.64,-0.6499999999999999,-0.5111,0.0912,-1.523
2012-10-03,0.23,0.61,1.64,-0.6499999999999999,-0.5125,0.0906,-1.518
2012-10-04,0.23,0.63,1.7,-0.6699999999999999,-0.5141,0.0897,-1.738
2012-10-05,0.27,0.67,1.75,-0.6799999999999999,-0.5158,0.0888,-1.849
2012-10-09,0.25,0.67,1.74,-0.6499999999999999,-0.5173,0.0879,-1.51
2012-10-10,0.27,0.66,1.72,-0.6699999999999999,-0.519,0.0867,-1.742
2012-10-11,0.28,0.67,1.7,-0.6399999999999999,-0.5207,0.0849,-1.405
2012-10-12,0.27,0.67,1.69,-0.6199999999999999,-0.5224,0.0825,-1.183
2012-10-15,0.27,0.67,1.7,-0.6299999999999999,-0.5238,0.0811,-1.309
2012-10-16,0.27,0.7,1.75,-0.6200000000000001,-0.5251,0.0801,-1.185
2012-10-17,0.3,0.78,1.83,-0.5700000000000001,-0.5262,0.0789,-0.555
2012-10-18,0.29,0.79,1.86,-0.5700000000000001,-0.5271,0.0779,-0.551
2012-10-19,0.3,0.77,1.79,-0.55,-0.5279,0.0772,-0.286
2012-10-22,0.32,0.79,1.83,-0.5700000000000001,-0.5288,0.0763,-0.54
2012-10-23,0.29,0.77,1.79,-0.54,-0.5295,0.0757,-0.139
2012-10-24,0.29,0.76,1.8,-0.5700000000000001,-0.5304,0.0749,-0.529
2012-10-25,0.31,0.82,1.86,-0.5300000000000002,-0.531,0.0743,0.013
2012-10-26,0.3,0.76,1.78,-0.56,-0.5319,0.0732,-0.384
2012-10-29,0.3,0.74,1.74,-0.56,-0.5328,0.0721,-0.377
2012-10-31,0.3,0.72,1.72,-0.5800000000000001,-0.5337,0.0713,-0.649
2012-11-01,0.3,0.73,1.75,-0.5900000000000001,-0.5342,0.0712,-0.784
2012-11-02,0.28,0.73,1.75,-0.5700000000000001,-0.5348,0.0709,-0.496
2012-11-05,0.28,0.7,1.72,-0.6000000000000001,-0.5352,0.071,-0.913
2012-11-06,0.3,0.75,1.78,-0.5800000000000001,-0.5355,0.071,-0.627
2012-11-07,0.27,0.67,1.68,-0.6099999999999999,-0.5359,0.0712,-1.041
2012-11-08,0.27,0.65,1.62,-0.5900000000000001,-0.5361,0.0712,-0.757
2012-11-09,0.27,0.65,1.61,-0.5800000000000001,-0.5364,0.0713,-0.612
2012-11-13,0.27,0.63,1.59,-0.6000000000000001,-0.5369,0.0713,-0.885
2012-11-14,0.25,0.63,1.59,-0.5800000000000001,-0.5373,0.0713,-0.599
2012-11-15,0.24,0.62,1.58,-0.5800000000000001,-0.5377,0.0711,-0.595
2012-11-16,0.24,0.62,1.58,-0.5800000000000001,-0.5382,0.071,-0.589
2012-11-19,0.25,0.64,1.61,-0.5800000000000001,-0.5387,0.0709,-0.583
2012-11-20,0.27,0.67,1.66,-0.5899999999999999,-0.5391,0.0709,-0.718
2012-11-21,0.27,0.69,1.69,-0.5800000000000001,-0.5398,0.0705,-0.57
2012-11-23,0.29,0.7,1.7,-0.5900000000000001,-0.5405,0.07,-0.707
2012-11-26,0.27,0.68,1.66,-0.5699999999999998,-0.5413,0.0693,-0.414
2012-11-27,0.27,0.66,1.64,-0.5899999999999999,-0.5421,0.0687,-0.697
2012-11-28,0.27,0.64,1.63,-0.6199999999999999,-0.543,0.0682,-1.129
2012-11-29,0.25,0.63,1.62,-0.6100000000000001,-0.5438,0.0678,-0.976
2012-11-30,0.25,0.61,1.62,-0.6500000000000001,-0.5447,0.0676,-1.558
2012-12-03,0.25,0.63,1.63,-0.6199999999999999,-0.5456,0.0673,-1.105
2012-12-04,0.25,0.63,1.62,-0.6100000000000001,-0.5462,0.067,-0.952
2012-12-05,0.25,0.61,1.6,-0.6300000000000001,-0.5469,0.067,-1.24
2012-12-06,0.25,0.6,1.59,-0.6400000000000001,-0.5477,0.067,-1.378
2012-12-07,0.25,0.63,1.64,-0.6299999999999999,-0.5484,0.0669,-1.22
2012-12-10,0.24,0.62,1.63,-0.6299999999999999,-0.549,0.067,-1.209
2012-12-11,0.24,0.64,1.66,-0.6199999999999999,-0.5495,0.067,-1.052
2012-12-12,0.25,0.66,1.72,-0.6499999999999999,-0.55,0.0673,-1.486
2012-12-13,0.27,0.7,1.74,-0.6100000000000001,-0.5504,0.0674,-0.884
2012-12-14,0.24,0.7,1.72,-0.56,-0.5506,0.0673,-0.14
2012-12-17,0.25,0.74,1.78,-0.55,-0.551,0.067,0.015
2012-12-18,0.28,0.78,1.84,-0.56,-0.5514,0.0667,-0.129
2012-12-19,0.28,0.77,1.82,-0.56,-0.5517,0.0666,-0.125
2012-12-20,0.28,0.77,1.81,-0.55,-0.5522,0.0661,0.033
2012-12-21,0.26,0.75,1.77,-0.53,-0.5526,0.0657,0.344
2012-12-24,0.26,0.77,1.79,-0.51,-0.5529,0.0654,0.656
2012-12-26,0.26,0.76,1.77,-0.51,-0.5532,0.065,0.665
2012-12-27,0.26,0.72,1.74,-0.56,-0.5539,0.0639,-0.095
2012-12-28,0.27,0.72,1.73,-0.56,-0.5546,0.0632,-0.085
2012-12-31,0.25,0.72,1.78,-0.5900000000000001,-0.5554,0.0624,-0.554
2013-01-02,0.27,0.76,1.86,-0.6100000000000001,-0.5561,0.0619,-0.871
2013-01-03,0.27,0.81,1.92,-0.5699999999999998,-0.5564,0.0618,-0.22
2013-01-04,0.27,0.82,1.93,-0.56,-0.5568,0.0615,-0.052
2013-01-07,0.27,0.82,1.92,-0.55,-0.5571,0.0612,0.116
2013-01-08,0.25,0.79,1.89,-0.5599999999999998,-0.5573,0.0612,-0.044
2013-01-09,0.24,0.77,1.88,-0.5799999999999998,-0.5575,0.0611,-0.368
2013-01-10,0.26,0.8,1.91,-0.5699999999999998,-0.5577,0.0611,-0.201
2013-01-11,0.26,0.78,1.89,-0.5899999999999999,-0.5579,0.0611,-0.525
2013-01-14,0.26,0.78,1.89,-0.5899999999999999,-0.5582,0.0611,-0.52
2013-01-15,0.26,0.75,1.86,-0.6200000000000001,-0.5587,0.061,-1.005
2013-01-16,0.26,0.75,1.84,-0.6000000000000001,-0.559,0.0611,-0.671
2013-01-17,0.28,0.79,1.89,-0.5899999999999999,-0.5594,0.061,-0.502
2013-01-18,0.26,0.77,1.87,-0.5900000000000001,-0.5596,0.061,-0.498
2013-01-22,0.26,0.76,1.86,-0.6000000000000001,-0.5599,0.061,-0.657
2013-01-23,0.26,0.76,1.86,-0.6000000000000001,-0.5604,0.0609,-0.65
2013-01-24,0.23,0.78,1.88,-0.5499999999999998,-0.5606,0.0607,0.175
2013-01-25,0.28,0.87,1.98,-0.52,-0.5608,0.0606,0.673
2013-01-28,0.29,0.89,2.0,-0.51,-0.5604,0.0606,0.832
2013-01-29,0.3,0.9,2.03,-0.5299999999999998,-0.5599,0.0604,0.495
2013-01-30,0.27,0.88,2.03,-0.5399999999999998,-0.5595,0.0601,0.324
2013-01-31,0.27,0.88,2.02,-0.53,-0.5591,0.06,0.485
2013-02-01,0.27,0.88,2.04,-0.55,-0.5588,0.0598,0.147
2013-02-04,0.25,0.85,2.0,-0.55,-0.5583,0.0595,0.139
2013-02-05,0.27,0.88,2.04,-0.55,-0.5579,0.0591,0.134
2013-02-06,0.27,0.84,2.0,-0.5900000000000001,-0.5577,0.0589,-0.548
2013-02-07,0.25,0.83,1.99,-0.5800000000000001,-0.5574,0.0586,-0.386
2013-02-08,0.25,0.84,1.99,-0.56,-0.5572,0.0585,-0.048
2013-02-11,0.27,0.85,1.99,-0.56,-0.5569,0.0583,-0.053
2013-02-12,0.29,0.88,2.02,-0.55,-0.5567,0.0582,0.115
2013-02-13,0.29,0.92,2.05,-0.4999999999999998,-0.5563,0.0583,0.966
2013-02-14,0.27,0.86,2.0,-0.55,-0.5562,0.0582,0.107
2013-02-15,0.29,0.87,2.01,-0.5599999999999998,-0.556,0.0582,-0.069
2013-02-19,0.29,0.89,2.03,-0.5399999999999998,-0.5558,0.0581,0.272
2013-02-20,0.27,0.88,2.02,-0.53,-0.5558,0.0582,0.443
2013-02-21,0.26,0.86,1.99,-0.53,-0.5557,0.0582,0.442
2013-02-22,0.27,0.84,1.97,-0.56,-0.5559,0.0581,-0.071
2013-02-25,0.25,0.78,1.88,-0.5699999999999998,-0.556,0.0581,-0.241
2013-02-26,0.25,0.78,1.88,-0.5699999999999998,-0.5561,0.0581,-0.239
2013-02-27,0.27,0.78,1.91,-0.6199999999999999,-0.5565,0.0582,-1.091
2013-02-28,0.25,0.77,1.89,-0.5999999999999999,-0.5568,0.0582,-0.742
2013-03-01,0.25,0.75,1.86,-0.6100000000000001,-0.557,0.0583,-0.909
2013-03-04,0.24,0.76,1.88,-0.5999999999999999,-0.5572,0.0584,-0.733
2013-03-05,0.25,0.77,1.9,-0.6099999999999999,-0.5575,0.0585,-0.897
2013-03-06,0.25,0.81,1.95,-0.5799999999999998,-0.5574,0.0585,-0.386
2013-03-07,0.25,0.85,2.0,-0.55,-0.5573,0.0585,0.125
2013-03-08,0.27,0.9,2.06,-0.53,-0.5571,0.0584,0.464
2013-03-11,0.27,0.9,2.07,-0.5399999999999998,-0.5569,0.0584,0.289
2013-03-12,0.27,0.88,2.03,-0.5399999999999998,-0.5568,0.0584,0.288
2013-03-13,0.27,0.89,2.04,-0.53,-0.5566,0.0584,0.455
2013-03-14,0.27,0.88,2.04,-0.55,-0.5567,0.0584,0.115
2013-03-15,0.25,0.84,2.01,-0.5799999999999998,-0.557,0.0584,-0.394
2013-03-18,0.26,0.81,1.96,-0.5999999999999999,-0.5577,0.0579,-0.731
2013-03-19,0.24,0.79,1.92,-0.5799999999999998,-0.5582,0.0574,-0.38
2013-03-20,0.26,0.81,1.96,-0.5999999999999999,-0.5589,0.0568,-0.724
2013-03-21,0.27,0.81,1.95,-0.5999999999999999,-0.5598,0.0557,-0.722
2013-03-22,0.26,0.8,1.93,-0.5899999999999999,-0.5608,0.0541,-0.54
2013-03-25,0.24,0.8,1.93,-0.5699999999999998,-0.5614,0.0532,-0.162
2013-03-26,0.25,0.79,1.92,-0.5899999999999999,-0.5622,0.0522,-0.533
2013-03-27,0.25,0.76,1.87,-0.6000000000000001,-0.5629,0.0515,-0.72
2013-03-28,0.25,0.77,1.87,-0.5800000000000001,-0.5635,0.0509,-0.324
2013-04-01,0.23,0.76,1.86,-0.5700000000000001,-0.5639,0.0504,-0.121
2013-04-02,0.25,0.78,1.88,-0.5699999999999998,-0.5644,0.0499,-0.112
2013-04-03,0.24,0.73,1.83,-0.6100000000000001,-0.5649,0.0497,-0.907
2013-04-04,0.22,0.69,1.78,-0.6200000000000001,-0.5654,0.0496,-1.101
2013-04-05,0.24,0.68,1.72,-0.5999999999999999,-0.5659,0.0494,-0.69
2013-04-08,0.24,0.71,1.76,-0.5800000000000001,-0.5663,0.0489,-0.28
2013-04-09,0.24,0.7,1.78,-0.6200000000000001,-0.5668,0.0489,-1.088
2013-04-10,0.24,0.74,1.84,-0.6000000000000001,-0.5671,0.0488,-0.674
2013-04-11,0.24,0.74,1.82,-0.5800000000000001,-0.567,0.0488,-0.266
2013-04-12,0.22,0.7,1.75,-0.5700000000000001,-0.567,0.0488,-0.061
2013-04-15,0.22,0.69,1.72,-0.56,-0.5669,0.0487,0.142
2013-04-16,0.24,0.71,1.75,-0.5700000000000001,-0.5669,0.0487,-0.064
2013-04-17,0.24,0.71,1.73,-0.55,-0.5668,0.0487,0.345
2013-04-18,0.24,0.71,1.72,-0.54,-0.5667,0.0488,0.547
2013-04-19,0.24,0.72,1.73,-0.53,-0.5665,0.0488,0.748
2013-04-22,0.24,0.7,1.72,-0.56,-0.5666,0.0488,0.135
2013-04-23,0.23,0.71,1.74,-0.55,-0.5666,0.0488,0.34
2013-04-24,0.23,0.7,1.73,-0.56,-0.5665,0.0488,0.133
2013-04-25,0.23,0.71,1.74,-0.55,-0.5665,0.0488,0.338
2013-04-26,0.22,0.68,1.7,-0.5599999999999998,-0.5665,0.0488,0.133
2013-04-29,0.2,0.68,1.7,-0.5399999999999998,-0.5664,0.0488,0.541
2013-04-30,0.22,0.68,1.7,-0.5599999999999998,-0.5665,0.0488,0.133
2013-05-01,0.2,0.65,1.66,-0.5599999999999998,-0.5664,0.0488,0.131
2013-05-02,0.2,0.65,1.66,-0.5599999999999998,-0.5663,0.0488,0.129
2013-05-03,0.22,0.73,1.78,-0.54,-0.5662,0.0488,0.537
2013-05-06,0.22,0.74,1.8,-0.54,-0.566,0.0489,0.532
2013-05-07,0.22,0.75,1.82,-0.54,-0.5658,0.0489,0.528
2013-05-08,0.22,0.75,1.81,-0.53,-0.5656,0.0489,0.728
2013-05-09,0.22,0.75,1.81,-0.53,-0.5652,0.0488,0.721
2013-05-10,0.26,0.82,1.9,-0.52,-0.5648,0.0488,0.918
2013-05-13,0.24,0.83,1.92,-0.5,-0.5644,0.0489,1.317
2013-05-14,0.26,0.85,1.96,-0.52,-0.5641,0.0489,0.902
2013-05-15,0.26,0.84,1.94,-0.52,-0.5638,0.049,0.894
2013-05-16,0.23,0.79,1.87,-0.52,-0.5635,0.049,0.888
2013-05-17,0.26,0.84,1.95,-0.53,-0.5632,0.0489,0.679
2013-05-20,0.26,0.85,1.97,-0.53,-0.563,0.049,0.673
2013-05-21,0.26,0.84,1.94,-0.52,-0.5629,0.049,0.876
2013-05-22,0.26,0.91,2.03,-0.46999999999999975,-0.5626,0.0494,1.874
2013-05-23,0.26,0.91,2.02,-0.45999999999999996,-0.5623,0.0498,2.054
2013-05-24,0.26,0.9,2.01,-0.46999999999999975,-0.562,0.0501,1.836
2013-05-28,0.29,1.02,2.15,-0.3999999999999999,-0.5615,0.0511,3.16
2013-05-29,0.3,1.02,2.13,-0.3899999999999999,-0.5609,0.0522,3.274
2013-05-30,0.31,1.01,2.13,-0.41999999999999993,-0.5605,0.0529,2.656
2013-05-31,0.3,1.05,2.16,-0.3600000000000001,-0.5598,0.0543,3.68
2013-06-03,0.3,1.03,2.13,-0.3699999999999999,-0.5592,0.0556,3.403
2013-06-04,0.32,1.05,2.14,-0.3600000000000001,-0.5586,0.0569,3.49
2013-06-05,0.3,1.02,2.1,-0.3600000000000001,-0.558,0.0582,3.402
2013-06-06,0.3,1.01,2.08,-0.3600000000000001,-0.5575,0.0593,3.331
2013-06-07,0.32,1.1,2.17,-0.2899999999999998,-0.557,0.0611,4.37
2013-06-10,0.32,1.13,2.22,-0.28000000000000047,-0.5563,0.0632,4.372
2013-06-11,0.34,1.12,2.2,-0.30000000000000004,-0.5556,0.065,3.932
2013-06-12,0.34,1.15,2.25,-0.29000000000000026,-0.5548,0.067,3.952
2013-06-13,0.32,1.11,2.19,-0.2899999999999998,-0.554,0.069,3.826
2013-06-14,0.29,1.04,2.14,-0.3500000000000001,-0.5534,0.07,2.906
2013-06-17,0.27,1.06,2.19,-0.33999999999999986,-0.5529,0.0711,2.994
2013-06-18,0.27,1.07,2.2,-0.33000000000000007,-0.5523,0.0724,3.07
2013-06-19,0.31,1.24,2.33,-0.16000000000000014,-0.551,0.0764,5.118
2013-06-20,0.33,1.31,2.41,-0.1200000000000001,-0.5494,0.081,5.301
2013-06-21,0.38,1.42,2.52,-0.06000000000000005,-0.5476,0.0867,5.624
2013-06-24,0.42,1.48,2.57,-0.029999999999999805,-0.5457,0.0926,5.569
2013-06-25,0.43,1.49,2.6,-0.050000000000000266,-0.5439,0.0976,5.06
2013-06-26,0.39,1.45,2.55,-0.040000000000000036,-0.5421,0.1026,4.894
2013-06-27,0.36,1.38,2.49,-0.0900000000000003,-0.5406,0.1064,4.235
2013-06-28,0.36,1.41,2.52,-0.06000000000000005,-0.5388,0.1106,4.329
2013-07-01,0.34,1.39,2.5,-0.06000000000000005,-0.5372,0.1146,4.164
2013-07-02,0.34,1.38,2.48,-0.06000000000000005,-0.5355,0.1184,4.016
2013-07-03,0.36,1.42,2.52,-0.040000000000000036,-0.5335,0.1225,4.029
2013-07-05,0.4,1.6,2.73,0.07000000000000028,-0.531,0.1282,4.688
2013-07-08,0.37,1.51,2.65,0.0,-0.5288,0.1325,3.991
2013-07-09,0.37,1.5,2.65,-0.020000000000000018,-0.5266,0.1363,3.717
2013-07-10,0.38,1.54,2.7,0.0,-0.5244,0.1403,3.738
2013-07-11,0.34,1.4,2.6,-0.14000000000000012,-0.5228,0.1423,2.69
2013-07-12,0.37,1.43,2.61,-0.1200000000000001,-0.5211,0.1446,2.774
2013-07-15,0.34,1.4,2.57,-0.10999999999999988,-0.5194,0.1469,2.787
2013-07-16,0.34,1.38,2.55,-0.1299999999999999,-0.5178,0.1489,2.604
2013-07-17,0.32,1.33,2.52,-0.17999999999999972,-0.5166,0.1504,2.238
2013-07-18,0.32,1.35,2.56,-0.17999999999999972,-0.5153,0.1519,2.207
2013-07-19,0.32,1.31,2.5,-0.19999999999999973,-0.5139,0.1532,2.049
2013-07-22,0.32,1.32,2.5,-0.17999999999999972,-0.5125,0.1546,2.151
2013-07-23,0.33,1.33,2.53,-0.19999999999999973,-0.5112,0.1558,1.997
2013-07-24,0.34,1.4,2.61,-0.1499999999999999,-0.5097,0.1575,2.284
2013-07-25,0.32,1.38,2.61,-0.16999999999999993,-0.5083,0.1589,2.129
2013-07-26,0.31,1.36,2.58,-0.16999999999999993,-0.5067,0.1603,2.1
2013-07-29,0.33,1.37,2.61,-0.19999999999999973,-0.5055,0.1615,1.892
2013-07-30,0.33,1.39,2.63,-0.18000000000000016,-0.5041,0.1628,1.991
2013-07-31,0.31,1.38,2.6,-0.15000000000000036,-0.5026,0.1643,2.146
2013-08-01,0.35,1.49,2.74,-0.11000000000000032,-0.501,0.1661,2.354
2013-08-02,0.3,1.36,2.63,-0.20999999999999952,-0.4996,0.1671,1.733
2013-08-05,0.32,1.39,2.67,-0.20999999999999996,-0.4983,0.1681,1.715
2013-08-06,0.32,1.39,2.67,-0.20999999999999996,-0.497,0.169,1.698
2013-08-07,0.32,1.38,2.61,-0.16999999999999993,-0.4956,0.1703,1.912
2013-08-08,0.3,1.36,2.58,-0.1599999999999997,-0.4942,0.1716,1.948
2013-08-09,0.32,1.36,2.57,-0.16999999999999948,-0.4928,0.1728,1.868
2013-08-12,0.32,1.39,2.61,-0.1499999999999999,-0.4914,0.1741,1.961
2013-08-13,0.34,1.49,2.71,-0.06999999999999984,-0.4896,0.1761,2.383
2013-08-14,0.34,1.48,2.71,-0.08999999999999986,-0.488,0.1779,2.237
2013-08-15,0.36,1.54,2.77,-0.04999999999999982,-0.4862,0.18,2.423
2013-08-16,0.36,1.6,2.84,4.440892098500626e-16,-0.4842,0.1826,2.652
2013-08-19,0.36,1.63,2.88,0.020000000000000018,-0.4822,0.1854,2.709
2013-08-20,0.36,1.57,2.82,-0.03999999999999959,-0.4805,0.1874,2.351
2013-08-21,0.38,1.64,2.87,0.029999999999999805,-0.4785,0.1902,2.674
2013-08-22,0.42,1.71,2.9,0.10000000000000009,-0.4762,0.1936,2.976
2013-08-23,0.4,1.66,2.82,0.10000000000000009,-0.4738,0.197,2.913
2013-08-26,0.41,1.61,2.79,0.020000000000000018,-0.4717,0.1994,2.466
2013-08-27,0.38,1.56,2.72,0.020000000000000018,-0.4694,0.2018,2.425
2013-08-28,0.4,1.62,2.78,0.0600000000000005,-0.4671,0.2045,2.578
2013-08-29,0.39,1.6,2.75,0.06000000000000005,-0.4648,0.2071,2.534
2013-08-30,0.39,1.62,2.78,0.07000000000000028,-0.4625,0.2098,2.538
2013-09-03,0.43,1.68,2.86,0.06999999999999984,-0.4601,0.2124,2.496
2013-09-04,0.46,1.74,2.9,0.1200000000000001,-0.4574,0.2155,2.679
2013-09-05,0.52,1.85,2.98,0.20000000000000018,-0.4543,0.2193,2.984
2013-09-06,0.46,1.77,2.94,0.14000000000000012,-0.4513,0.2222,2.661
2013-09-09,0.45,1.71,2.9,0.06999999999999984,-0.4488,0.2245,2.311
2013-09-10,0.5,1.78,2.96,0.10000000000000009,-0.446,0.2269,2.406
2013-09-11,0.47,1.72,2.93,0.03999999999999959,-0.4435,0.2287,2.114
2013-09-12,0.45,1.72,2.92,0.06999999999999984,-0.4406,0.2307,2.213
2013-09-13,0.45,1.71,2.9,0.06999999999999984,-0.4379,0.2327,2.183
2013-09-16,0.41,1.65,2.88,0.009999999999999787,-0.4355,0.2341,1.903
2013-09-17,0.39,1.62,2.86,-0.009999999999999787,-0.4331,0.2353,1.798
2013-09-18,0.34,1.43,2.69,-0.16999999999999993,-0.431,0.2354,1.109
2013-09-19,0.34,1.49,2.76,-0.11999999999999966,-0.4287,0.2355,1.311
2013-09-20,0.34,1.5,2.75,-0.08999999999999986,-0.4265,0.2361,1.425
2013-09-23,0.35,1.48,2.72,-0.11000000000000032,-0.4243,0.2365,1.329
2013-09-24,0.35,1.44,2.67,-0.14000000000000012,-0.4223,0.2367,1.193
2013-09-25,0.36,1.41,2.63,-0.16999999999999993,-0.4203,0.2367,1.057
2013-09-26,0.34,1.43,2.66,-0.14000000000000012,-0.4181,0.2368,1.174
2013-09-27,0.34,1.4,2.64,-0.18000000000000016,-0.4163,0.2368,0.998
2013-09-30,0.33,1.39,2.64,-0.1900000000000004,-0.4144,0.2368,0.948
2013-10-01,0.33,1.42,2.66,-0.15000000000000036,-0.4125,0.2369,1.108
2013-10-02,0.31,1.38,2.63,-0.18000000000000016,-0.4107,0.237,0.973
2013-10-03,0.33,1.36,2.62,-0.22999999999999998,-0.4091,0.2368,0.756
2013-10-04,0.33,1.41,2.66,-0.17000000000000037,-0.4072,0.2368,1.002
2013-10-07,0.37,1.41,2.65,-0.20000000000000018,-0.4054,0.2367,0.868
2013-10-08,0.4,1.43,2.66,-0.20000000000000018,-0.4036,0.2365,0.861
2013-10-09,0.37,1.43,2.68,-0.1900000000000004,-0.4017,0.2363,0.896
2013-10-10,0.35,1.44,2.71,-0.18000000000000016,-0.3997,0.236,0.931
2013-10-11,0.35,1.42,2.7,-0.2100000000000004,-0.398,0.2358,0.797
2013-10-15,0.37,1.45,2.75,-0.2200000000000002,-0.3962,0.2354,0.749
2013-10-16,0.34,1.41,2.69,-0.20999999999999996,-0.3945,0.2352,0.784
2013-10-17,0.33,1.35,2.61,-0.23999999999999977,-0.393,0.235,0.651
2013-10-18,0.33,1.35,2.6,-0.22999999999999998,-0.3914,0.2347,0.688
2013-10-21,0.33,1.38,2.63,-0.20000000000000018,-0.3897,0.2346,0.809
2013-10-22,0.31,1.3,2.54,-0.25,-0.3885,0.2345,0.591
2013-10-23,0.31,1.3,2.51,-0.21999999999999975,-0.3871,0.2344,0.713
2013-10-24,0.33,1.32,2.53,-0.21999999999999975,-0.3858,0.2344,0.707
2013-10-25,0.32,1.3,2.53,-0.24999999999999956,-0.3845,0.2343,0.574
2013-10-28,0.32,1.31,2.54,-0.23999999999999977,-0.3833,0.2343,0.612
2013-10-29,0.31,1.29,2.53,-0.2599999999999998,-0.3821,0.2341,0.522
2013-10-30,0.33,1.3,2.55,-0.2799999999999998,-0.3811,0.234,0.432
2013-10-31,0.31,1.31,2.57,-0.2599999999999998,-0.3799,0.2339,0.513
2013-11-01,0.33,1.37,2.65,-0.23999999999999977,-0.3786,0.2337,0.593
2013-11-04,0.32,1.36,2.63,-0.22999999999999954,-0.3772,0.2336,0.63
2013-11-05,0.32,1.39,2.69,-0.22999999999999998,-0.3758,0.2334,0.625
2013-11-06,0.3,1.34,2.67,-0.2899999999999996,-0.3747,0.2331,0.363
2013-11-07,0.29,1.31,2.63,-0.2999999999999998,-0.3735,0.2327,0.316
2013-11-08,0.32,1.42,2.77,-0.25,-0.3722,0.2325,0.526
2013-11-12,0.34,1.47,2.8,-0.19999999999999973,-0.3706,0.2322,0.735
2013-11-13,0.32,1.41,2.75,-0.25,-0.3692,0.232,0.514
2013-11-14,0.29,1.34,2.69,-0.2999999999999998,-0.3681,0.2316,0.294
2013-11-15,0.31,1.36,2.71,-0.2999999999999998,-0.3669,0.2312,0.289
2013-11-18,0.31,1.33,2.67,-0.31999999999999984,-0.3659,0.2308,0.199
2013-11-19,0.29,1.37,2.71,-0.2599999999999998,-0.3646,0.2305,0.454
2013-11-20,0.28,1.39,2.8,-0.2999999999999998,-0.3635,0.2301,0.276
2013-11-21,0.29,1.38,2.79,-0.3200000000000003,-0.3625,0.2298,0.185
2013-11-22,0.31,1.37,2.75,-0.31999999999999984,-0.3614,0.2293,0.181
2013-11-25,0.3,1.37,2.74,-0.2999999999999998,-0.3603,0.2289,0.263
2013-11-26,0.29,1.34,2.71,-0.31999999999999984,-0.3592,0.2285,0.172
2013-11-27,0.28,1.36,2.74,-0.2999999999999998,-0.3581,0.2281,0.255
2013-11-29,0.28,1.37,2.75,-0.29000000000000004,-0.3569,0.2277,0.294
2013-12-02,0.3,1.43,2.81,-0.25,-0.3555,0.2272,0.464
2013-12-03,0.28,1.4,2.79,-0.27000000000000046,-0.3541,0.2267,0.371
2013-12-04,0.3,1.45,2.84,-0.23999999999999977,-0.3525,0.226,0.498
2013-12-05,0.3,1.49,2.88,-0.19999999999999973,-0.3508,0.2256,0.668
2013-12-06,0.3,1.51,2.88,-0.1599999999999997,-0.349,0.2253,0.839
2013-12-09,0.3,1.5,2.86,-0.1599999999999997,-0.3472,0.2249,0.832
2013-12-10,0.3,1.46,2.81,-0.18999999999999995,-0.3454,0.2244,0.693
2013-12-11,0.31,1.5,2.86,-0.16999999999999993,-0.3436,0.2239,0.775
2013-12-12,0.34,1.55,2.89,-0.1299999999999999,-0.3416,0.2236,0.946
2013-12-13,0.34,1.55,2.88,-0.11999999999999966,-0.3396,0.2233,0.983
2013-12-16,0.34,1.55,2.89,-0.1299999999999999,-0.3375,0.2228,0.931
2013-12-17,0.34,1.52,2.85,-0.1499999999999999,-0.3357,0.2225,0.835
2013-12-18,0.32,1.55,2.89,-0.10999999999999988,-0.3339,0.2225,1.006
2013-12-19,0.35,1.63,2.94,-0.03000000000000025,-0.3319,0.2229,1.354
2013-12-20,0.37,1.66,2.89,0.05999999999999961,-0.3294,0.2238,1.74
2013-12-23,0.38,1.68,2.94,0.040000000000000036,-0.327,0.2245,1.635
2013-12-24,0.38,1.73,2.99,0.08999999999999986,-0.3245,0.2256,1.837
2013-12-26,0.42,1.74,3.0,0.06000000000000005,-0.3221,0.2265,1.687
2013-12-27,0.4,1.74,3.02,0.06000000000000005,-0.3199,0.2275,1.67
2013-12-30,0.39,1.71,2.99,0.03999999999999959,-0.3177,0.2283,1.567
2013-12-31,0.38,1.75,3.04,0.08000000000000007,-0.3152,0.2291,1.725
2014-01-02,0.39,1.72,3.0,0.04999999999999982,-0.3127,0.2297,1.579
2014-01-03,0.41,1.73,3.01,0.040000000000000036,-0.3102,0.2301,1.522
2014-01-06,0.4,1.7,2.98,0.020000000000000018,-0.3077,0.2303,1.423
2014-01-07,0.4,1.69,2.96,0.020000000000000018,-0.3054,0.2306,1.411
2014-01-08,0.43,1.77,3.01,0.10000000000000009,-0.3028,0.2315,1.74
2014-01-09,0.44,1.75,2.97,0.08999999999999986,-0.3002,0.2322,1.68
2014-01-10,0.39,1.64,2.88,0.009999999999999787,-0.298,0.2325,1.325
2014-01-13,0.39,1.6,2.84,-0.029999999999999805,-0.2958,0.2324,1.144
2014-01-14,0.39,1.65,2.88,0.029999999999999805,-0.2934,0.2327,1.39
2014-01-15,0.41,1.68,2.9,0.04999999999999982,-0.2909,0.2329,1.464
2014-01-16,0.41,1.66,2.86,0.04999999999999982,-0.2883,0.2331,1.451
2014-01-17,0.4,1.64,2.84,0.040000000000000036,-0.2857,0.2331,1.397
2014-01-21,0.4,1.67,2.85,0.08999999999999986,-0.283,0.2334,1.598
2014-01-22,0.44,1.72,2.87,0.1299999999999999,-0.2801,0.2341,1.752
2014-01-23,0.39,1.62,2.79,0.06000000000000005,-0.2775,0.2342,1.441
2014-01-24,0.37,1.58,2.75,0.040000000000000036,-0.275,0.2342,1.345
2014-01-27,0.37,1.61,2.78,0.07000000000000028,-0.2723,0.2343,1.461
2014-01-28,0.38,1.59,2.77,0.03000000000000025,-0.27,0.2344,1.28
2014-01-29,0.36,1.52,2.69,-0.009999999999999787,-0.268,0.2344,1.101
2014-01-30,0.36,1.55,2.72,0.020000000000000018,-0.2659,0.2346,1.219
2014-01-31,0.34,1.49,2.67,-0.029999999999999805,-0.2639,0.2345,0.997
2014-02-03,0.3,1.44,2.61,-0.029999999999999805,-0.2619,0.2343,0.99
2014-02-04,0.31,1.46,2.64,-0.03000000000000025,-0.2599,0.2341,0.982
2014-02-05,0.32,1.5,2.7,-0.020000000000000018,-0.2578,0.2339,1.017
2014-02-06,0.33,1.52,2.73,-0.020000000000000018,-0.2557,0.2336,1.009
2014-02-07,0.3,1.47,2.71,-0.06999999999999984,-0.2538,0.2332,0.788
2014-02-10,0.32,1.48,2.7,-0.06000000000000005,-0.2517,0.2325,0.825
2014-02-11,0.35,1.54,2.75,-0.020000000000000018,-0.2495,0.2321,0.989
2014-02-12,0.35,1.59,2.8,0.03000000000000025,-0.2471,0.2319,1.195
2014-02-13,0.32,1.51,2.73,-0.029999999999999805,-0.245,0.2314,0.929
2014-02-14,0.32,1.53,2.75,-0.009999999999999787,-0.2429,0.2311,1.008
2014-02-18,0.31,1.5,2.71,-0.020000000000000018,-0.241,0.231,0.957
2014-02-19,0.33,1.53,2.73,0.0,-0.2388,0.2306,1.036
2014-02-20,0.34,1.57,2.76,0.04000000000000048,-0.2364,0.2304,1.2
2014-02-21,0.33,1.56,2.73,0.06000000000000005,-0.234,0.2303,1.277
2014-02-24,0.35,1.57,2.75,0.040000000000000036,-0.2318,0.2302,1.181
2014-02-25,0.34,1.53,2.7,0.020000000000000018,-0.2296,0.23,1.085
2014-02-26,0.33,1.5,2.67,0.0,-0.2274,0.2295,0.991
2014-02-27,0.33,1.49,2.65,0.0,-0.2251,0.2289,0.983
2014-02-28,0.33,1.51,2.66,0.029999999999999805,-0.2227,0.2284,1.106
2014-03-03,0.32,1.46,2.6,0.0,-0.2203,0.2275,0.968
2014-03-04,0.33,1.54,2.7,0.04999999999999982,-0.2177,0.2268,1.18
2014-03-05,0.33,1.54,2.7,0.04999999999999982,-0.2151,0.2261,1.172
2014-03-06,0.37,1.57,2.74,0.029999999999999805,-0.2126,0.2253,1.077
2014-03-07,0.38,1.65,2.8,0.1200000000000001,-0.2097,0.2249,1.466
2014-03-10,0.37,1.64,2.79,0.11999999999999966,-0.2069,0.2246,1.455
2014-03-11,0.37,1.62,2.77,0.10000000000000009,-0.2043,0.2244,1.356
2014-03-12,0.37,1.59,2.73,0.08000000000000007,-0.2019,0.2241,1.258
2014-03-13,0.34,1.53,2.66,0.06000000000000005,-0.1995,0.2237,1.16
2014-03-14,0.36,1.55,2.65,0.0900000000000003,-0.197,0.2234,1.285
2014-03-17,0.38,1.58,2.7,0.08000000000000007,-0.1946,0.2231,1.231
2014-03-18,0.36,1.56,2.68,0.08000000000000007,-0.1921,0.2226,1.222
2014-03-19,0.47,1.75,2.78,0.25000000000000044,-0.1888,0.223,1.968
2014-03-20,0.45,1.73,2.79,0.21999999999999975,-0.1856,0.223,1.819
2014-03-21,0.45,1.73,2.75,0.2599999999999998,-0.1822,0.2233,1.98
2014-03-24,0.47,1.76,2.74,0.3099999999999996,-0.1786,0.2239,2.182
2014-03-25,0.47,1.76,2.75,0.2999999999999998,-0.175,0.2243,2.118
2014-03-26,0.45,1.7,2.71,0.23999999999999977,-0.1717,0.2243,1.835
2014-03-27,0.45,1.7,2.69,0.2599999999999998,-0.1685,0.2245,1.909
2014-03-28,0.45,1.74,2.73,0.2999999999999998,-0.1649,0.2249,2.067
2014-03-31,0.44,1.73,2.73,0.29000000000000004,-0.1614,0.225,2.006
2014-04-01,0.44,1.74,2.77,0.27,-0.158,0.2251,1.901
2014-04-02,0.47,1.8,2.82,0.31000000000000005,-0.1545,0.2255,2.06
2014-04-03,0.46,1.79,2.8,0.3200000000000003,-0.151,0.2259,2.085
2014-04-04,0.43,1.71,2.74,0.24999999999999956,-0.1476,0.2254,1.764
2014-04-07,0.41,1.68,2.71,0.23999999999999977,-0.1442,0.2248,1.709
2014-04-08,0.4,1.67,2.69,0.25,-0.1408,0.2243,1.742
2014-04-09,0.37,1.65,2.71,0.21999999999999975,-0.1376,0.2237,1.599
2014-04-10,0.37,1.59,2.65,0.16000000000000014,-0.1345,0.2224,1.324
2014-04-11,0.37,1.58,2.63,0.16000000000000014,-0.1315,0.2212,1.318
2014-04-14,0.37,1.61,2.65,0.20000000000000018,-0.1284,0.2204,1.49
2014-04-15,0.39,1.63,2.64,0.22999999999999954,-0.1252,0.2197,1.617
2014-04-16,0.39,1.67,2.65,0.2999999999999998,-0.1218,0.2196,1.921
2014-04-17,0.43,1.75,2.73,0.33999999999999986,-0.1182,0.2197,2.086
2014-04-21,0.42,1.74,2.73,0.33000000000000007,-0.1147,0.2198,2.023
2014-04-22,0.45,1.76,2.73,0.33999999999999986,-0.1112,0.22,2.051
2014-04-23,0.43,1.73,2.7,0.3299999999999996,-0.1078,0.2202,1.988
2014-04-24,0.43,1.74,2.7,0.34999999999999964,-0.1042,0.2202,2.063
2014-04-25,0.43,1.72,2.68,0.3299999999999996,-0.1007,0.2201,1.957
2014-04-28,0.44,1.73,2.7,0.31999999999999984,-0.0972,0.2197,1.899
2014-04-29,0.44,1.74,2.71,0.33000000000000007,-0.0937,0.2195,1.93
2014-04-30,0.42,1.69,2.67,0.29000000000000004,-0.0904,0.2188,1.739
2014-05-01,0.41,1.66,2.63,0.2799999999999998,-0.0871,0.2182,1.682
2014-05-02,0.42,1.67,2.6,0.31999999999999984,-0.0836,0.2177,1.854
2014-05-05,0.43,1.68,2.63,0.2999999999999998,-0.0802,0.2169,1.753
2014-05-06,0.43,1.68,2.61,0.31999999999999984,-0.0767,0.2162,1.835
2014-05-07,0.41,1.65,2.62,0.2699999999999996,-0.0735,0.2153,1.595
2014-05-08,0.4,1.63,2.61,0.25,-0.0704,0.2143,1.495
2014-05-09,0.4,1.63,2.62,0.23999999999999977,-0.0673,0.2131,1.442
2014-05-12,0.41,1.67,2.66,0.2699999999999996,-0.0641,0.2121,1.575
2014-05-13,0.39,1.62,2.61,0.2400000000000002,-0.061,0.2109,1.427
2014-05-14,0.39,1.57,2.54,0.20999999999999996,-0.0581,0.2096,1.279
2014-05-15,0.38,1.55,2.5,0.2200000000000002,-0.0553,0.2085,1.32
2014-05-16,0.38,1.56,2.52,0.2200000000000002,-0.0523,0.2071,1.315
2014-05-19,0.36,1.56,2.54,0.2200000000000002,-0.0494,0.2057,1.31
2014-05-20,0.35,1.53,2.52,0.18999999999999995,-0.0466,0.2041,1.159
2014-05-21,0.37,1.55,2.54,0.18999999999999995,-0.0437,0.2023,1.155
2014-05-22,0.37,1.57,2.56,0.20999999999999996,-0.0408,0.2006,1.25
2014-05-23,0.37,1.55,2.54,0.18999999999999995,-0.038,0.1988,1.147
2014-05-27,0.39,1.56,2.52,0.20999999999999996,-0.0353,0.1975,1.242
2014-05-28,0.37,1.5,2.44,0.18999999999999995,-0.0327,0.1962,1.135
2014-05-29,0.37,1.52,2.45,0.21999999999999975,-0.03,0.1949,1.283
2014-05-30,0.37,1.54,2.48,0.22999999999999998,-0.0275,0.1942,1.326
2014-06-02,0.39,1.6,2.54,0.27,-0.0248,0.1937,1.522
2014-06-03,0.41,1.65,2.6,0.2899999999999996,-0.022,0.1931,1.616
2014-06-04,0.41,1.65,2.61,0.2799999999999998,-0.0195,0.1928,1.553
2014-06-05,0.4,1.63,2.59,0.27,-0.0169,0.1924,1.491
2014-06-06,0.41,1.66,2.6,0.3099999999999996,-0.0143,0.1923,1.686
2014-06-09,0.43,1.69,2.62,0.3299999999999996,-0.0115,0.1922,1.777
2014-06-10,0.45,1.71,2.64,0.3299999999999996,-0.0088,0.1922,1.763
2014-06-11,0.44,1.7,2.65,0.31000000000000005,-0.0064,0.1924,1.644
2014-06-12,0.42,1.66,2.58,0.31999999999999984,-0.004,0.1927,1.681
2014-06-13,0.45,1.7,2.6,0.34999999999999964,-0.0015,0.1931,1.82
2014-06-16,0.49,1.71,2.61,0.31999999999999984,0.001,0.1933,1.65
2014-06-17,0.51,1.77,2.66,0.3700000000000001,0.0036,0.1938,1.891
2014-06-18,0.48,1.71,2.61,0.33000000000000007,0.0063,0.1936,1.672
2014-06-19,0.48,1.71,2.64,0.2999999999999998,0.0088,0.1932,1.507
2014-06-20,0.5,1.71,2.63,0.29000000000000004,0.0113,0.1928,1.446
2014-06-23,0.48,1.72,2.63,0.33000000000000007,0.0132,0.1936,1.636
2014-06-24,0.49,1.7,2.59,0.3200000000000003,0.015,0.1943,1.57
2014-06-25,0.48,1.68,2.57,0.31000000000000005,0.0164,0.1952,1.504
2014-06-26,0.46,1.64,2.53,0.29000000000000004,0.0177,0.1959,1.39
2014-06-27,0.45,1.64,2.54,0.2899999999999996,0.019,0.1966,1.378
2014-06-30,0.47,1.62,2.53,0.24000000000000066,0.0202,0.1971,1.115
2014-07-01,0.47,1.66,2.58,0.2699999999999996,0.0216,0.1976,1.257
2014-07-02,0.49,1.71,2.64,0.2899999999999996,0.023,0.1982,1.347
2014-07-03,0.52,1.74,2.65,0.31000000000000005,0.0244,0.199,1.435
2014-07-07,0.52,1.74,2.63,0.33000000000000007,0.026,0.1998,1.522
2014-07-08,0.51,1.7,2.58,0.3099999999999996,0.0274,0.2006,1.409
2014-07-09,0.51,1.68,2.57,0.2799999999999998,0.0282,0.2012,1.251
2014-07-10,0.46,1.66,2.55,0.31000000000000005,0.0294,0.202,1.389
2014-07-11,0.48,1.65,2.53,0.29000000000000004,0.0307,0.2026,1.28
2014-07-14,0.48,1.68,2.55,0.33000000000000007,0.032,0.2035,1.464
2014-07-15,0.49,1.7,2.56,0.3500000000000001,0.0339,0.2042,1.548
2014-07-16,0.5,1.71,2.55,0.3700000000000001,0.0359,0.205,1.63
2014-07-17,0.47,1.65,2.47,0.3599999999999999,0.0377,0.2058,1.566
2014-07-18,0.51,1.69,2.5,0.3700000000000001,0.0397,0.2066,1.599
2014-07-21,0.51,1.7,2.49,0.39999999999999947,0.042,0.2074,1.726
2014-07-22,0.49,1.68,2.48,0.3900000000000001,0.0443,0.2081,1.661
2014-07-23,0.5,1.67,2.48,0.3599999999999999,0.0465,0.2084,1.504
2014-07-24,0.53,1.72,2.52,0.3900000000000001,0.0488,0.2091,1.632
2014-07-25,0.53,1.69,2.48,0.36999999999999966,0.051,0.2094,1.523
2014-07-28,0.54,1.73,2.5,0.41999999999999993,0.0533,0.2103,1.744
2014-07-29,0.54,1.7,2.47,0.3899999999999997,0.0555,0.2109,1.586
2014-07-30,0.56,1.77,2.57,0.41000000000000014,0.0578,0.2116,1.664
2014-07-31,0.53,1.76,2.58,0.41000000000000014,0.0602,0.2121,1.649
2014-08-01,0.47,1.67,2.52,0.3500000000000001,0.0623,0.2124,1.355
2014-08-04,0.47,1.66,2.51,0.33999999999999986,0.0643,0.2127,1.296
2014-08-05,0.47,1.66,2.49,0.35999999999999943,0.0662,0.2132,1.378
2014-08-06,0.48,1.66,2.49,0.34999999999999964,0.0684,0.2132,1.321
2014-08-07,0.44,1.6,2.43,0.33000000000000007,0.0705,0.2131,1.218
2014-08-08,0.45,1.62,2.44,0.3500000000000001,0.0727,0.2131,1.301
2014-08-11,0.47,1.62,2.44,0.3300000000000005,0.0747,0.2132,1.197
2014-08-12,0.45,1.63,2.46,0.34999999999999964,0.0767,0.2134,1.281
2014-08-13,0.43,1.59,2.43,0.31999999999999984,0.0787,0.2133,1.131
2014-08-14,0.42,1.58,2.4,0.3400000000000003,0.0806,0.2135,1.215
2014-08-15,0.42,1.55,2.34,0.3400000000000003,0.0823,0.2139,1.205
2014-08-18,0.44,1.58,2.39,0.33000000000000007,0.0839,0.2142,1.149
2014-08-19,0.46,1.59,2.4,0.3200000000000003,0.0854,0.2145,1.094
2014-08-20,0.49,1.65,2.43,0.37999999999999945,0.0869,0.2152,1.362
2014-08-21,0.49,1.64,2.41,0.3799999999999999,0.0883,0.216,1.35
2014-08-22,0.53,1.68,2.4,0.43000000000000016,0.0902,0.2169,1.567
2014-08-25,0.53,1.69,2.39,0.4599999999999995,0.0919,0.2181,1.688
2014-08-26,0.52,1.68,2.39,0.44999999999999973,0.0933,0.2193,1.627
2014-08-27,0.51,1.65,2.37,0.41999999999999993,0.0946,0.2202,1.478
2014-08-28,0.5,1.63,2.34,0.41999999999999993,0.0962,0.2211,1.464
2014-08-29,0.48,1.63,2.35,0.4299999999999997,0.0978,0.2221,1.496
2014-09-02,0.53,1.69,2.42,0.4299999999999997,0.0992,0.2231,1.483
2014-09-03,0.52,1.69,2.41,0.44999999999999973,0.1008,0.2241,1.558
2014-09-04,0.54,1.71,2.45,0.4299999999999997,0.1022,0.2251,1.456
2014-09-05,0.52,1.69,2.46,0.3999999999999999,0.1035,0.2259,1.313
2014-09-08,0.54,1.72,2.48,0.41999999999999993,0.1047,0.2267,1.391
2014-09-09,0.56,1.76,2.5,0.45999999999999996,0.1058,0.2278,1.555
2014-09-10,0.58,1.79,2.54,0.45999999999999996,0.107,0.2288,1.543
2014-09-11,0.58,1.79,2.54,0.45999999999999996,0.1086,0.2299,1.528
2014-09-12,0.58,1.83,2.62,0.45999999999999996,0.11,0.231,1.515
2014-09-15,0.58,1.8,2.6,0.41999999999999993,0.1115,0.2317,1.331
2014-09-16,0.55,1.78,2.6,0.4099999999999997,0.1129,0.2325,1.278
2014-09-17,0.59,1.82,2.62,0.43000000000000016,0.1143,0.2333,1.353
2014-09-18,0.59,1.85,2.63,0.4800000000000004,0.1162,0.2344,1.552
2014-09-19,0.59,1.83,2.59,0.4800000000000004,0.1181,0.2354,1.537
2014-09-22,0.58,1.8,2.57,0.4500000000000002,0.1206,0.2356,1.398
2014-09-23,0.57,1.78,2.54,0.4500000000000002,0.1228,0.236,1.386
2014-09-24,0.59,1.82,2.57,0.4800000000000004,0.1251,0.2367,1.499
2014-09-25,0.56,1.75,2.52,0.41999999999999993,0.1272,0.2369,1.236
2014-09-26,0.59,1.8,2.54,0.4700000000000002,0.1296,0.2373,1.434
2014-09-29,0.58,1.77,2.5,0.45999999999999996,0.1321,0.2374,1.381
2014-09-30,0.58,1.78,2.52,0.45999999999999996,0.1345,0.2377,1.369
2014-10-01,0.53,1.69,2.42,0.4299999999999997,0.1369,0.2376,1.234
2014-10-02,0.53,1.7,2.44,0.43000000000000016,0.1394,0.2374,1.224
2014-10-03,0.57,1.73,2.45,0.43999999999999995,0.1417,0.2375,1.256
2014-10-06,0.54,1.7,2.43,0.4299999999999997,0.1441,0.2373,1.205
2014-10-07,0.52,1.64,2.36,0.3999999999999999,0.1466,0.2366,1.071
2014-10-08,0.46,1.57,2.35,0.33000000000000007,0.1486,0.2361,0.768
2014-10-09,0.46,1.58,2.34,0.3600000000000003,0.1508,0.2354,0.889
2014-10-10,0.45,1.55,2.31,0.33999999999999986,0.153,0.2347,0.797
2014-10-14,0.39,1.45,2.21,0.2999999999999998,0.1549,0.2338,0.621
2014-10-15,0.34,1.37,2.15,0.25000000000000044,0.1566,0.233,0.401
2014-10-16,0.35,1.39,2.17,0.2599999999999998,0.1585,0.2319,0.438
2014-10-17,0.39,1.44,2.22,0.2699999999999996,0.1604,0.2307,0.475
2014-10-20,0.37,1.41,2.2,0.24999999999999956,0.1623,0.2296,0.382
2014-10-21,0.38,1.44,2.23,0.27,0.1643,0.2283,0.463
2014-10-22,0.41,1.46,2.25,0.2599999999999998,0.1662,0.227,0.413
2014-10-23,0.41,1.52,2.29,0.33999999999999986,0.1684,0.2261,0.759
2014-10-24,0.41,1.52,2.29,0.33999999999999986,0.1707,0.2248,0.753
2014-10-27,0.41,1.51,2.27,0.33999999999999986,0.1729,0.2237,0.747
2014-10-28,0.42,1.53,2.3,0.3400000000000003,0.1752,0.2225,0.741
2014-10-29,0.48,1.61,2.34,0.40000000000000036,0.1777,0.2214,1.004
2014-10-30,0.48,1.58,2.32,0.3600000000000003,0.1801,0.2201,0.817
2014-10-31,0.5,1.62,2.35,0.3900000000000001,0.1827,0.2187,0.948
2014-11-03,0.52,1.63,2.36,0.3799999999999999,0.1853,0.2171,0.897
2014-11-04,0.52,1.63,2.35,0.3899999999999997,0.1879,0.2156,0.937
2014-11-05,0.52,1.63,2.36,0.3799999999999999,0.1904,0.2143,0.885
2014-11-06,0.54,1.67,2.39,0.4099999999999997,0.1929,0.213,1.019
2014-11-07,0.51,1.6,2.32,0.37000000000000055,0.1953,0.2116,0.826
2014-11-10,0.55,1.65,2.38,0.3700000000000001,0.1979,0.2097,0.821
2014-11-12,0.55,1.65,2.37,0.3799999999999999,0.2006,0.2076,0.864
2014-11-13,0.53,1.64,2.35,0.3999999999999999,0.2032,0.206,0.955
2014-11-14,0.54,1.62,2.32,0.38000000000000034,0.2055,0.2047,0.852
2014-11-17,0.54,1.64,2.34,0.3999999999999999,0.2081,0.2031,0.945
2014-11-18,0.53,1.63,2.32,0.4099999999999997,0.2109,0.2009,0.991
2014-11-19,0.54,1.66,2.36,0.41999999999999993,0.2137,0.1987,1.038
2014-11-20,0.53,1.64,2.34,0.41000000000000014,0.2166,0.1962,0.986
2014-11-21,0.53,1.63,2.31,0.4199999999999995,0.2193,0.1943,1.033
2014-11-24,0.53,1.62,2.3,0.41000000000000014,0.2221,0.1919,0.979
2014-11-25,0.51,1.58,2.27,0.38000000000000034,0.2249,0.189,0.821
2014-11-26,0.53,1.56,2.24,0.34999999999999964,0.2276,0.186,0.658
2014-11-28,0.47,1.49,2.18,0.3299999999999996,0.2301,0.1831,0.546
2014-12-01,0.49,1.52,2.22,0.3299999999999996,0.2327,0.1799,0.541
2014-12-02,0.55,1.59,2.28,0.3500000000000001,0.2352,0.1769,0.649
2014-12-03,0.57,1.61,2.29,0.3600000000000003,0.2378,0.1739,0.703
2014-12-04,0.55,1.59,2.25,0.3799999999999999,0.2403,0.1714,0.815
2014-12-05,0.65,1.69,2.31,0.41999999999999993,0.2431,0.1687,1.049
2014-12-08,0.64,1.67,2.26,0.43999999999999995,0.2458,0.1663,1.168
2014-12-09,0.64,1.63,2.22,0.39999999999999947,0.2481,0.1642,0.925
2014-12-10,0.59,1.58,2.18,0.3900000000000001,0.2503,0.1624,0.86
2014-12-11,0.62,1.62,2.19,0.43000000000000016,0.2527,0.1607,1.103
2014-12-12,0.56,1.53,2.1,0.3999999999999999,0.255,0.1585,0.915
2014-12-15,0.6,1.58,2.12,0.43999999999999995,0.2574,0.1566,1.166
2014-12-16,0.58,1.53,2.07,0.41000000000000014,0.2596,0.155,0.97
2014-12-17,0.62,1.61,2.14,0.45999999999999996,0.2619,0.1537,1.289
2014-12-18,0.67,1.68,2.22,0.46999999999999975,0.2642,0.1522,1.352
2014-12-19,0.67,1.66,2.17,0.48,0.2667,0.1505,1.417
2014-12-22,0.71,1.67,2.17,0.45999999999999996,0.269,0.1491,1.281
2014-12-23,0.73,1.76,2.26,0.5300000000000002,0.2712,0.1488,1.739
2014-12-24,0.73,1.76,2.27,0.52,0.2731,0.149,1.657
2014-12-26,0.73,1.75,2.25,0.52,0.275,0.1491,1.643
2014-12-29,0.72,1.72,2.22,0.49999999999999956,0.2766,0.1493,1.496
2014-12-30,0.69,1.68,2.2,0.46999999999999975,0.2782,0.1492,1.286
2014-12-31,0.67,1.65,2.17,0.45999999999999996,0.2798,0.149,1.209
2015-01-02,0.66,1.61,2.12,0.43999999999999995,0.2814,0.1486,1.067
2015-01-05,0.68,1.57,2.04,0.41999999999999993,0.2827,0.1483,0.926
2015-01-06,0.65,1.5,1.97,0.3800000000000001,0.284,0.1477,0.65
2015-01-07,0.62,1.47,1.96,0.3599999999999999,0.2853,0.1469,0.509
2015-01-08,0.62,1.5,2.03,0.3500000000000001,0.2866,0.146,0.434
2015-01-09,0.59,1.45,1.98,0.33000000000000007,0.2879,0.1451,0.29
2015-01-12,0.56,1.39,1.92,0.2999999999999998,0.2887,0.1446,0.078
2015-01-13,0.54,1.37,1.91,0.29000000000000026,0.2894,0.144,0.004
2015-01-14,0.51,1.33,1.86,0.29000000000000026,0.2906,0.1429,-0.004
2015-01-15,0.44,1.22,1.77,0.22999999999999998,0.2916,0.1416,-0.435
2015-01-16,0.49,1.29,1.83,0.2599999999999998,0.2925,0.1406,-0.231
2015-01-20,0.53,1.31,1.82,0.2699999999999998,0.2934,0.1398,-0.167
2015-01-21,0.53,1.35,1.87,0.2999999999999998,0.2944,0.1389,0.04
2015-01-22,0.53,1.39,1.9,0.3500000000000001,0.2956,0.138,0.394
2015-01-23,0.52,1.33,1.81,0.33000000000000007,0.2965,0.1374,0.244
2015-01-26,0.54,1.36,1.83,0.3500000000000001,0.2974,0.1371,0.384
2015-01-27,0.54,1.34,1.83,0.31000000000000005,0.2984,0.1362,0.085
2015-01-28,0.5,1.25,1.73,0.27,0.2993,0.1353,-0.217
2015-01-29,0.51,1.28,1.77,0.2799999999999998,0.3002,0.1345,-0.15
2015-01-30,0.47,1.18,1.68,0.20999999999999996,0.3009,0.1335,-0.681
2015-02-02,0.49,1.19,1.68,0.20999999999999996,0.3017,0.1322,-0.694
2015-02-03,0.52,1.28,1.79,0.25,0.3027,0.131,-0.402
2015-02-04,0.52,1.29,1.81,0.25,0.3038,0.1294,-0.416
2015-02-05,0.52,1.3,1.83,0.25,0.3049,0.1277,-0.43
2015-02-06,0.65,1.48,1.95,0.3600000000000001,0.3064,0.126,0.425
2015-02-09,0.65,1.49,1.96,0.3700000000000001,0.308,0.1243,0.499
2015-02-10,0.67,1.52,2.01,0.3600000000000003,0.3095,0.1226,0.412
2015-02-11,0.67,1.53,2.0,0.3900000000000001,0.3113,0.1204,0.654
2015-02-12,0.61,1.5,1.99,0.40000000000000013,0.3131,0.1182,0.735
2015-02-13,0.66,1.53,2.02,0.3799999999999999,0.3147,0.1164,0.561
2015-02-17,0.7,1.62,2.14,0.3999999999999999,0.3162,0.1151,0.728
2015-02-18,0.62,1.52,2.07,0.3500000000000001,0.3177,0.113,0.286
2015-02-19,0.67,1.58,2.11,0.38000000000000034,0.3192,0.1111,0.547
2015-02-20,0.67,1.61,2.13,0.4200000000000004,0.321,0.1092,0.907
2015-02-23,0.64,1.56,2.06,0.41999999999999993,0.3227,0.1075,0.905
2015-02-24,0.6,1.47,1.99,0.34999999999999987,0.3239,0.106,0.246
2015-02-25,0.61,1.47,1.96,0.3700000000000001,0.3251,0.1047,0.429
2015-02-26,0.66,1.54,2.03,0.3900000000000001,0.3265,0.1032,0.615
2015-02-27,0.63,1.5,2.0,0.3700000000000001,0.3279,0.1014,0.415
2015-03-02,0.66,1.57,2.08,0.3999999999999999,0.3295,0.0994,0.709
2015-03-03,0.68,1.61,2.12,0.41999999999999993,0.3312,0.0974,0.912
2015-03-04,0.66,1.6,2.12,0.41999999999999993,0.3327,0.0956,0.913
2015-03-05,0.65,1.57,2.11,0.38000000000000034,0.3342,0.0933,0.491
2015-03-06,0.73,1.7,2.24,0.4299999999999997,0.3357,0.0918,1.027
2015-03-09,0.7,1.66,2.2,0.41999999999999993,0.3372,0.0901,0.919
2015-03-10,0.7,1.62,2.14,0.3999999999999999,0.3387,0.0881,0.696
2015-03-11,0.7,1.6,2.11,0.3900000000000001,0.3397,0.0871,0.577
2015-03-12,0.67,1.59,2.1,0.41000000000000014,0.3409,0.0861,0.803
2015-03-13,0.68,1.6,2.13,0.3900000000000001,0.342,0.0848,0.566
2015-03-16,0.66,1.57,2.1,0.3799999999999999,0.3432,0.0832,0.442
2015-03-17,0.7,1.56,2.06,0.3599999999999999,0.3444,0.0812,0.192
2015-03-18,0.57,1.41,1.93,0.32000000000000006,0.3453,0.0796,-0.318
2015-03-19,0.63,1.48,1.98,0.3500000000000001,0.3464,0.0778,0.046
2015-03-20,0.6,1.42,1.93,0.30999999999999983,0.3473,0.076,-0.491
2015-03-23,0.6,1.41,1.92,0.2999999999999998,0.3475,0.0758,-0.627
2015-03-24,0.58,1.37,1.88,0.28000000000000025,0.3477,0.0755,-0.897
2015-03-25,0.59,1.41,1.93,0.30000000000000004,0.3479,0.0754,-0.635
2015-03-26,0.61,1.47,2.01,0.3200000000000003,0.3479,0.0754,-0.37
2015-03-27,0.58,1.42,1.95,0.30999999999999983,0.348,0.0753,-0.505
2015-03-30,0.58,1.41,1.96,0.2799999999999998,0.3481,0.0752,-0.906
2015-03-31,0.56,1.37,1.94,0.2400000000000002,0.3481,0.0753,-1.436
2015-04-01,0.55,1.32,1.87,0.21999999999999975,0.3477,0.0756,-1.689
2015-04-02,0.55,1.35,1.92,0.23000000000000043,0.3475,0.0759,-1.548
2015-04-03,0.49,1.26,1.85,0.18000000000000016,0.3471,0.0765,-2.184
2015-04-06,0.51,1.31,1.92,0.1900000000000004,0.3467,0.0771,-2.032
2015-04-07,0.52,1.32,1.89,0.2300000000000002,0.3463,0.0774,-1.503
2015-04-08,0.54,1.35,1.92,0.2400000000000002,0.3463,0.0775,-1.372
2015-04-09,0.56,1.4,1.97,0.2699999999999998,0.3464,0.0773,-0.988
2015-04-10,0.57,1.41,1.96,0.29000000000000004,0.3465,0.0772,-0.732
2015-04-13,0.54,1.38,1.94,0.2799999999999998,0.3468,0.0769,-0.869
2015-04-14,0.53,1.34,1.9,0.25000000000000044,0.3471,0.0762,-1.274
2015-04-15,0.51,1.33,1.91,0.24000000000000044,0.3475,0.0756,-1.422
2015-04-16,0.5,1.31,1.9,0.2200000000000002,0.3475,0.0754,-1.691
2015-04-17,0.51,1.31,1.87,0.2400000000000002,0.3476,0.0754,-1.427
2015-04-20,0.55,1.33,1.9,0.2100000000000004,0.3472,0.0758,-1.81
2015-04-21,0.55,1.35,1.92,0.23000000000000043,0.3468,0.0762,-1.533
2015-04-22,0.57,1.41,1.99,0.26,0.3465,0.0764,-1.132
2015-04-23,0.55,1.37,1.96,0.23000000000000043,0.3461,0.0767,-1.514
2015-04-24,0.54,1.34,1.93,0.2100000000000002,0.3456,0.0772,-1.756
2015-04-27,0.54,1.36,1.94,0.2400000000000002,0.3452,0.0775,-1.357
2015-04-28,0.56,1.39,2.0,0.21999999999999975,0.3447,0.0779,-1.601
2015-04-29,0.56,1.43,2.06,0.23999999999999977,0.3444,0.0781,-1.337
2015-04-30,0.58,1.43,2.05,0.22999999999999998,0.344,0.0785,-1.452
2015-05-01,0.6,1.5,2.12,0.2799999999999998,0.344,0.0785,-0.815
2015-05-04,0.6,1.51,2.16,0.2599999999999998,0.3439,0.0786,-1.067
2015-05-05,0.62,1.54,2.19,0.27,0.3437,0.0787,-0.936
2015-05-06,0.65,1.58,2.25,0.26000000000000023,0.3435,0.0788,-1.06
2015-05-07,0.63,1.55,2.18,0.29000000000000004,0.3434,0.0789,-0.677
2015-05-08,0.59,1.5,2.16,0.25,0.3433,0.079,-1.181
2015-05-11,0.62,1.59,2.28,0.28000000000000025,0.3435,0.0788,-0.806
2015-05-12,0.61,1.58,2.28,0.27000000000000046,0.3436,0.0787,-0.935
2015-05-13,0.59,1.57,2.27,0.28000000000000025,0.3436,0.0787,-0.808
2015-05-14,0.56,1.51,2.23,0.22999999999999998,0.3436,0.0787,-1.443
2015-05-15,0.55,1.46,2.14,0.22999999999999998,0.3437,0.0786,-1.447
2015-05-18,0.58,1.54,2.23,0.27,0.3438,0.0784,-0.941
2015-05-19,0.63,1.6,2.27,0.30000000000000027,0.3442,0.078,-0.567
2015-05-20,0.6,1.57,2.26,0.28000000000000025,0.3444,0.0777,-0.829
2015-05-21,0.6,1.53,2.19,0.27,0.3447,0.0773,-0.966
2015-05-22,0.64,1.57,2.21,0.29000000000000004,0.3451,0.0767,-0.718
2015-05-26,0.64,1.54,2.14,0.2999999999999998,0.3455,0.0763,-0.596
2015-05-27,0.64,1.53,2.14,0.2799999999999998,0.3458,0.0758,-0.868
2015-05-28,0.62,1.51,2.13,0.27,0.3461,0.0754,-1.009
2015-05-29,0.61,1.49,2.12,0.25,0.3463,0.075,-1.284
2015-06-01,0.64,1.55,2.19,0.27,0.3465,0.0748,-1.023
2015-06-02,0.64,1.61,2.27,0.31000000000000005,0.3468,0.0744,-0.495
2015-06-03,0.69,1.69,2.38,0.31000000000000005,0.347,0.0743,-0.498
2015-06-04,0.66,1.65,2.31,0.3299999999999996,0.3471,0.0742,-0.23
2015-06-05,0.73,1.75,2.41,0.3599999999999999,0.3475,0.0741,0.169
2015-06-08,0.7,1.72,2.39,0.3500000000000001,0.3478,0.0739,0.03
2015-06-09,0.72,1.74,2.42,0.33999999999999986,0.3479,0.0739,-0.107
2015-06-10,0.75,1.8,2.5,0.3500000000000001,0.348,0.0739,0.027
2015-06-11,0.73,1.74,2.39,0.3599999999999999,0.3481,0.0739,0.161
2015-06-12,0.74,1.75,2.39,0.36999999999999966,0.3483,0.0739,0.294
2015-06-15,0.72,1.71,2.36,0.3400000000000003,0.3484,0.0739,-0.114
2015-06-16,0.71,1.68,2.32,0.33000000000000007,0.3483,0.0739,-0.248
2015-06-17,0.67,1.63,2.32,0.27,0.3481,0.074,-1.055
2015-06-18,0.66,1.65,2.35,0.2899999999999996,0.3478,0.0741,-0.78
2015-06-19,0.65,1.59,2.26,0.27000000000000046,0.3476,0.0742,-1.046
2015-06-22,0.68,1.68,2.37,0.3099999999999996,0.3476,0.0742,-0.507
2015-06-23,0.7,1.71,2.42,0.2999999999999998,0.3477,0.0742,-0.643
2015-06-24,0.68,1.69,2.38,0.31999999999999984,0.3476,0.0742,-0.372
2015-06-25,0.68,1.7,2.4,0.31999999999999984,0.3476,0.0742,-0.372
2015-06-26,0.72,1.75,2.49,0.29000000000000004,0.3475,0.0742,-0.775
2015-06-29,0.64,1.62,2.33,0.27,0.3475,0.0743,-1.043
2015-06-30,0.64,1.63,2.35,0.2699999999999996,0.3474,0.0744,-1.04
2015-07-01,0.69,1.7,2.43,0.2799999999999998,0.3475,0.0742,-0.91
2015-07-02,0.64,1.64,2.4,0.23999999999999977,0.3474,0.0744,-1.444
2015-07-06,0.6,1.56,2.3,0.2200000000000002,0.3471,0.0747,-1.701
2015-07-07,0.58,1.55,2.27,0.25,0.3469,0.0749,-1.294
2015-07-08,0.55,1.5,2.22,0.22999999999999998,0.3465,0.0753,-1.547
2015-07-09,0.6,1.58,2.32,0.2400000000000002,0.3462,0.0755,-1.407
2015-07-10,0.65,1.68,2.42,0.29000000000000004,0.3463,0.0755,-0.746
2015-07-13,0.69,1.71,2.44,0.29000000000000004,0.3462,0.0755,-0.744
2015-07-14,0.66,1.67,2.41,0.2699999999999996,0.3461,0.0756,-1.007
2015-07-15,0.64,1.63,2.36,0.2599999999999998,0.3458,0.0758,-1.132
2015-07-16,0.67,1.66,2.36,0.29000000000000004,0.3456,0.0759,-0.733
2015-07-17,0.68,1.67,2.34,0.31999999999999984,0.3454,0.0759,-0.335
2015-07-20,0.71,1.72,2.38,0.3500000000000001,0.3454,0.0759,0.061
2015-07-21,0.71,1.69,2.35,0.31999999999999984,0.3452,0.0759,-0.332
2015-07-22,0.75,1.69,2.33,0.2999999999999998,0.3448,0.0759,-0.59
2015-07-23,0.71,1.65,2.28,0.31000000000000005,0.3444,0.0758,-0.454
2015-07-24,0.7,1.64,2.27,0.31000000000000005,0.3442,0.0759,-0.451
2015-07-27,0.68,1.58,2.23,0.25,0.3437,0.076,-1.233
2015-07-28,0.69,1.61,2.26,0.27000000000000046,0.3433,0.0762,-0.962
2015-07-29,0.7,1.62,2.29,0.25,0.3426,0.0762,-1.215
2015-07-30,0.72,1.62,2.28,0.24000000000000066,0.342,0.0764,-1.335
2015-07-31,0.67,1.54,2.2,0.20999999999999996,0.3412,0.0768,-1.708
2015-08-03,0.68,1.52,2.16,0.19999999999999973,0.3404,0.0772,-1.819
2015-08-04,0.74,1.6,2.23,0.22999999999999998,0.3399,0.0775,-1.418
2015-08-05,0.73,1.65,2.28,0.29000000000000004,0.3397,0.0775,-0.641
2015-08-06,0.71,1.62,2.23,0.30000000000000027,0.3395,0.0776,-0.509
2015-08-07,0.73,1.59,2.18,0.27,0.3392,0.0777,-0.891
2015-08-10,0.73,1.62,2.24,0.27,0.3389,0.0778,-0.886
2015-08-11,0.68,1.53,2.15,0.22999999999999998,0.3385,0.0781,-1.389
2015-08-12,0.67,1.52,2.14,0.22999999999999998,0.3381,0.0784,-1.379
2015-08-13,0.72,1.58,2.19,0.25000000000000044,0.3377,0.0786,-1.116
2015-08-14,0.73,1.61,2.2,0.29000000000000004,0.3375,0.0786,-0.604
2015-08-17,0.72,1.58,2.16,0.28000000000000025,0.3373,0.0787,-0.728
2015-08-18,0.74,1.6,2.2,0.2599999999999998,0.337,0.0789,-0.976
2015-08-19,0.67,1.5,2.12,0.20999999999999996,0.3365,0.0793,-1.595
2015-08-20,0.69,1.5,2.09,0.2200000000000002,0.3361,0.0796,-1.459
2015-08-21,0.64,1.44,2.05,0.18999999999999995,0.3354,0.0801,-1.815
2015-08-24,0.59,1.39,2.01,0.18000000000000016,0.3346,0.0806,-1.918
2015-08-25,0.67,1.48,2.12,0.16999999999999993,0.3335,0.0811,-2.016
2015-08-26,0.67,1.49,2.18,0.1299999999999999,0.3322,0.0817,-2.475
2015-08-27,0.68,1.49,2.18,0.11999999999999966,0.3309,0.0824,-2.559
2015-08-28,0.72,1.52,2.19,0.13000000000000034,0.3298,0.0832,-2.401
2015-08-31,0.74,1.54,2.21,0.1299999999999999,0.3286,0.084,-2.364
2015-09-01,0.7,1.49,2.17,0.11000000000000032,0.3273,0.0848,-2.562
2015-09-02,0.72,1.52,2.2,0.1200000000000001,0.3261,0.0856,-2.408
2015-09-03,0.71,1.49,2.18,0.08999999999999986,0.3247,0.0865,-2.713
2015-09-04,0.71,1.47,2.13,0.10000000000000009,0.3234,0.0874,-2.556
2015-09-08,0.74,1.53,2.2,0.1200000000000001,0.3223,0.0882,-2.294
2015-09-09,0.75,1.53,2.21,0.10000000000000009,0.321,0.0891,-2.48
2015-09-10,0.75,1.55,2.23,0.1200000000000001,0.3196,0.0895,-2.23
2015-09-11,0.71,1.52,2.2,0.1299999999999999,0.3183,0.0899,-2.095
2015-09-14,0.73,1.51,2.18,0.10999999999999988,0.3169,0.0904,-2.289
2015-09-15,0.82,1.61,2.28,0.12000000000000055,0.3156,0.0908,-2.154
2015-09-16,0.82,1.62,2.3,0.12000000000000055,0.3144,0.0914,-2.127
2015-09-17,0.7,1.5,2.21,0.08999999999999986,0.3131,0.0923,-2.417
2015-09-18,0.69,1.45,2.13,0.08000000000000007,0.3117,0.0931,-2.489
2015-09-21,0.72,1.51,2.2,0.09999999999999964,0.3102,0.0935,-2.248
2015-09-22,0.69,1.44,2.14,0.04999999999999982,0.3085,0.0943,-2.741
2015-09-23,0.7,1.47,2.16,0.08000000000000007,0.3071,0.0949,-2.393
2015-09-24,0.67,1.44,2.13,0.08000000000000007,0.3056,0.0956,-2.36
2015-09-25,0.7,1.48,2.17,0.08999999999999986,0.304,0.0959,-2.231
2015-09-28,0.67,1.42,2.1,0.06999999999999984,0.3027,0.0968,-2.404
2015-09-29,0.64,1.37,2.05,0.050000000000000266,0.301,0.0975,-2.574
2015-09-30,0.64,1.37,2.06,0.040000000000000036,0.2993,0.0983,-2.638
2015-10-01,0.64,1.37,2.05,0.050000000000000266,0.2977,0.099,-2.502
2015-10-02,0.58,1.29,1.99,0.010000000000000009,0.296,0.1003,-2.851
2015-10-05,0.61,1.35,2.07,0.020000000000000462,0.2944,0.1015,-2.703
2015-10-06,0.61,1.34,2.05,0.020000000000000462,0.2927,0.1025,-2.66
2015-10-07,0.65,1.37,2.08,0.010000000000000231,0.2911,0.1037,-2.711
2015-10-08,0.65,1.4,2.12,0.029999999999999805,0.2896,0.1048,-2.477
2015-10-09,0.65,1.41,2.12,0.04999999999999982,0.2885,0.1058,-2.254
2015-10-13,0.64,1.36,2.06,0.020000000000000018,0.2871,0.107,-2.496
2015-10-14,0.57,1.29,1.99,0.02000000000000024,0.2859,0.1083,-2.455
2015-10-15,0.61,1.34,2.04,0.03000000000000025,0.2848,0.1095,-2.327
2015-10-16,0.61,1.36,2.04,0.07000000000000028,0.2841,0.1103,-1.941
2015-10-19,0.61,1.35,2.04,0.050000000000000266,0.2833,0.1113,-2.096
2015-10-20,0.66,1.4,2.08,0.05999999999999961,0.2824,0.1122,-1.982
2015-10-21,0.64,1.37,2.04,0.06000000000000005,0.2817,0.113,-1.962
2015-10-22,0.61,1.36,2.04,0.07000000000000028,0.2809,0.1138,-1.853
2015-10-23,0.66,1.43,2.09,0.10999999999999988,0.2803,0.1143,-1.49
2015-10-26,0.66,1.41,2.07,0.08999999999999986,0.2793,0.1149,-1.648
2015-10-27,0.65,1.38,2.05,0.06000000000000005,0.2782,0.1156,-1.888
2015-10-28,0.73,1.47,2.1,0.10999999999999988,0.2773,0.116,-1.442
2015-10-29,0.75,1.53,2.19,0.1200000000000001,0.2764,0.1164,-1.344
2015-10-30,0.75,1.52,2.16,0.1299999999999999,0.2753,0.1165,-1.247
2015-11-02,0.77,1.57,2.2,0.16999999999999993,0.2746,0.1166,-0.897
2015-11-03,0.8,1.59,2.23,0.1499999999999999,0.2736,0.1166,-1.06
2015-11-04,0.84,1.64,2.25,0.18999999999999995,0.2729,0.1165,-0.712
2015-11-05,0.85,1.65,2.26,0.18999999999999995,0.2721,0.1164,-0.705
2015-11-06,0.9,1.73,2.34,0.2200000000000002,0.2714,0.1162,-0.442
2015-11-09,0.89,1.75,2.36,0.25,0.2708,0.1159,-0.179
2015-11-10,0.87,1.72,2.32,0.25,0.2703,0.1158,-0.175
2015-11-12,0.89,1.73,2.32,0.25,0.2698,0.1156,-0.171
2015-11-13,0.86,1.67,2.28,0.20000000000000018,0.2691,0.1155,-0.598
2015-11-16,0.88,1.66,2.27,0.16999999999999993,0.2682,0.1153,-0.852
2015-11-17,0.86,1.66,2.25,0.20999999999999996,0.2675,0.1152,-0.499
2015-11-18,0.9,1.69,2.27,0.20999999999999996,0.2668,0.1149,-0.494
2015-11-19,0.91,1.68,2.24,0.20999999999999952,0.266,0.1146,-0.489
2015-11-20,0.93,1.7,2.26,0.20999999999999996,0.2652,0.1143,-0.483
2015-11-23,0.94,1.7,2.25,0.20999999999999996,0.2644,0.1139,-0.478
2015-11-24,0.93,1.66,2.24,0.14999999999999947,0.2633,0.1137,-0.996
2015-11-25,0.93,1.66,2.23,0.1599999999999997,0.2623,0.1135,-0.901
2015-11-27,0.92,1.64,2.22,0.13999999999999968,0.2613,0.1136,-1.068
2015-11-30,0.94,1.65,2.21,0.1499999999999999,0.2606,0.1136,-0.974
2015-12-01,0.91,1.59,2.15,0.1200000000000001,0.2597,0.1139,-1.227
2015-12-02,0.94,1.63,2.18,0.13999999999999968,0.259,0.1141,-1.043
2015-12-03,0.96,1.74,2.33,0.18999999999999995,0.2583,0.114,-0.599
2015-12-04,0.96,1.71,2.28,0.18000000000000016,0.2576,0.1139,-0.681
2015-12-07,0.94,1.67,2.23,0.16999999999999993,0.2568,0.1138,-0.763
2015-12-08,0.94,1.68,2.24,0.17999999999999972,0.2558,0.1134,-0.668
2015-12-09,0.93,1.64,2.22,0.12999999999999945,0.2546,0.1131,-1.102
2015-12-10,0.95,1.68,2.24,0.16999999999999993,0.2537,0.1128,-0.742
2015-12-11,0.88,1.56,2.13,0.11000000000000032,0.2526,0.1129,-1.263
2015-12-14,0.97,1.66,2.23,0.11999999999999966,0.2513,0.1126,-1.166
2015-12-15,0.98,1.71,2.28,0.16000000000000014,0.2504,0.1124,-0.804
2015-12-16,1.02,1.75,2.3,0.18000000000000016,0.2494,0.1118,-0.621
2015-12-17,1.0,1.73,2.24,0.21999999999999975,0.2486,0.1114,-0.257
2015-12-18,0.97,1.67,2.19,0.18000000000000016,0.2475,0.1107,-0.61
2015-12-21,0.96,1.67,2.2,0.17999999999999972,0.2463,0.1098,-0.604
2015-12-22,0.99,1.71,2.24,0.1899999999999995,0.2452,0.1089,-0.507
2015-12-23,1.01,1.74,2.27,0.19999999999999973,0.2442,0.1081,-0.409
2015-12-24,1.03,1.73,2.25,0.17999999999999972,0.2428,0.1066,-0.589
2015-12-28,1.05,1.73,2.24,0.16999999999999993,0.2414,0.1053,-0.678
2015-12-29,1.09,1.81,2.32,0.2100000000000004,0.2402,0.1038,-0.291
2015-12-30,1.08,1.8,2.31,0.20999999999999996,0.239,0.1025,-0.283
2015-12-31,1.06,1.76,2.27,0.18999999999999995,0.2379,0.1015,-0.472
2016-01-04,1.02,1.73,2.24,0.19999999999999973,0.2369,0.1006,-0.367
2016-01-05,1.04,1.73,2.25,0.16999999999999993,0.2358,0.0998,-0.659
2016-01-06,0.99,1.65,2.18,0.12999999999999945,0.2346,0.0994,-1.052
2016-01-07,0.96,1.61,2.16,0.10000000000000009,0.2335,0.0993,-1.344
2016-01-08,0.94,1.57,2.13,0.07000000000000028,0.2324,0.0995,-1.632
2016-01-11,0.94,1.58,2.17,0.050000000000000266,0.2312,0.0999,-1.814
2016-01-12,0.93,1.55,2.12,0.04999999999999982,0.2301,0.1003,-1.796
2016-01-13,0.91,1.51,2.08,0.029999999999999805,0.229,0.101,-1.97
2016-01-14,0.9,1.52,2.1,0.040000000000000036,0.228,0.1017,-1.849
2016-01-15,0.85,1.46,2.03,0.040000000000000036,0.227,0.1023,-1.828
2016-01-19,0.88,1.49,2.06,0.040000000000000036,0.2263,0.1029,-1.81
2016-01-20,0.85,1.44,2.01,0.020000000000000018,0.2253,0.1037,-1.98
2016-01-21,0.84,1.44,2.02,0.020000000000000018,0.2243,0.1045,-1.955
2016-01-22,0.88,1.49,2.07,0.03000000000000025,0.2233,0.1051,-1.839
2016-01-25,0.88,1.47,2.03,0.03000000000000025,0.222,0.1055,-1.82
2016-01-26,0.85,1.45,2.01,0.040000000000000036,0.2208,0.1059,-1.707
2016-01-27,0.84,1.43,2.02,0.0,0.2194,0.1065,-2.06
2016-01-28,0.83,1.4,2.0,-0.03000000000000025,0.2181,0.1075,-2.308
2016-01-29,0.76,1.33,1.94,-0.039999999999999813,0.2169,0.1087,-2.363
2016-02-01,0.81,1.38,1.97,-0.02000000000000024,0.2157,0.1096,-2.151
2016-02-02,0.75,1.28,1.87,-0.06000000000000005,0.2146,0.111,-2.474
2016-02-03,0.72,1.27,1.88,-0.05999999999999983,0.2135,0.1123,-2.435
2016-02-04,0.7,1.25,1.87,-0.07000000000000006,0.2123,0.1137,-2.483
2016-02-05,0.74,1.25,1.86,-0.10000000000000009,0.2109,0.1154,-2.694
2016-02-08,0.66,1.16,1.75,-0.0900000000000003,0.2095,0.1169,-2.562
2016-02-09,0.69,1.15,1.74,-0.13000000000000012,0.2076,0.1184,-2.851
2016-02-10,0.71,1.15,1.71,-0.1200000000000001,0.2056,0.1198,-2.718
2016-02-11,0.64,1.11,1.63,-0.04999999999999982,0.204,0.1204,-2.11
2016-02-12,0.71,1.2,1.74,-0.050000000000000044,0.2023,0.1209,-2.087
2016-02-16,0.74,1.23,1.78,-0.06000000000000005,0.2004,0.1214,-2.145
2016-02-17,0.74,1.26,1.81,-0.030000000000000027,0.1988,0.1217,-1.88
2016-02-18,0.71,1.21,1.75,-0.040000000000000036,0.1971,0.122,-1.943
2016-02-19,0.76,1.24,1.76,-0.040000000000000036,0.1955,0.1225,-1.922
2016-02-22,0.78,1.25,1.77,-0.050000000000000044,0.1938,0.1229,-1.984
2016-02-23,0.76,1.23,1.74,-0.040000000000000036,0.192,0.123,-1.886
2016-02-24,0.75,1.21,1.75,-0.08000000000000007,0.19,0.1233,-2.19
2016-02-25,0.72,1.16,1.71,-0.1100000000000001,0.1882,0.1243,-2.399
2016-02-26,0.8,1.23,1.76,-0.10000000000000009,0.1863,0.1251,-2.289
2016-02-29,0.78,1.22,1.74,-0.08000000000000007,0.1844,0.1256,-2.105
2016-03-01,0.85,1.31,1.83,-0.06000000000000005,0.1827,0.126,-1.926
2016-03-02,0.85,1.34,1.84,-0.010000000000000009,0.1811,0.1258,-1.519
2016-03-03,0.85,1.33,1.83,-0.020000000000000018,0.1794,0.1255,-1.589
2016-03-04,0.88,1.38,1.88,0.0,0.1777,0.1251,-1.42
2016-03-07,0.91,1.42,1.91,0.019999999999999796,0.1763,0.1248,-1.252
2016-03-08,0.88,1.34,1.83,-0.029999999999999805,0.1744,0.1245,-1.642
2016-03-09,0.9,1.39,1.9,-0.020000000000000018,0.1727,0.1241,-1.553
2016-03-10,0.93,1.45,1.93,0.039999999999999813,0.1713,0.1235,-1.063
2016-03-11,0.97,1.49,1.98,0.029999999999999805,0.1698,0.1231,-1.136
2016-03-14,0.97,1.49,1.97,0.039999999999999813,0.1684,0.1224,-1.049
2016-03-15,0.98,1.5,1.97,0.050000000000000044,0.167,0.1218,-0.961
2016-03-16,0.87,1.41,1.94,0.009999999999999787,0.1656,0.1215,-1.281
2016-03-17,0.87,1.39,1.91,-2.220446049250313e-16,0.1641,0.1213,-1.353
2016-03-18,0.84,1.34,1.88,-0.03999999999999959,0.1627,0.1216,-1.667
2016-03-21,0.87,1.38,1.92,-0.03000000000000025,0.1612,0.1216,-1.572
2016-03-22,0.91,1.42,1.94,-0.010000000000000231,0.1599,0.1217,-1.396
2016-03-23,0.87,1.37,1.88,-0.009999999999999787,0.1587,0.1219,-1.384
2016-03-24,0.89,1.39,1.91,-0.02000000000000024,0.1575,0.1221,-1.454
2016-03-28,0.89,1.37,1.89,-0.039999999999999813,0.1562,0.1224,-1.603
2016-03-29,0.78,1.29,1.81,-0.010000000000000009,0.1548,0.1224,-1.346
2016-03-30,0.76,1.26,1.83,-0.07000000000000006,0.1533,0.1229,-1.817
2016-03-31,0.73,1.21,1.78,-0.09000000000000008,0.1519,0.1235,-1.959
2016-04-01,0.76,1.24,1.79,-0.07000000000000006,0.1506,0.1242,-1.776
2016-04-04,0.75,1.22,1.78,-0.09000000000000008,0.1494,0.125,-1.915
2016-04-05,0.72,1.17,1.73,-0.1100000000000001,0.1481,0.126,-2.048
2016-04-06,0.73,1.2,1.76,-0.09000000000000008,0.147,0.1269,-1.868
2016-04-07,0.7,1.14,1.7,-0.1200000000000001,0.1458,0.128,-2.077
2016-04-08,0.7,1.16,1.72,-0.10000000000000009,0.1444,0.1288,-1.898
2016-04-11,0.7,1.16,1.73,-0.1100000000000001,0.1431,0.1296,-1.953
2016-04-12,0.74,1.22,1.79,-0.09000000000000008,0.1416,0.1302,-1.779
2016-04-13,0.75,1.22,1.77,-0.08000000000000007,0.1402,0.1306,-1.686
2016-04-14,0.77,1.26,1.8,-0.050000000000000044,0.1388,0.1309,-1.442
2016-04-15,0.74,1.22,1.76,-0.06000000000000005,0.1376,0.1313,-1.505
2016-04-18,0.75,1.24,1.78,-0.050000000000000044,0.1365,0.1316,-1.417
2016-04-19,0.77,1.26,1.79,-0.040000000000000036,0.1354,0.132,-1.329
2016-04-20,0.8,1.32,1.85,-0.010000000000000009,0.1344,0.1321,-1.093
2016-04-21,0.82,1.35,1.88,4.440892098500626e-16,0.1336,0.1323,-1.01
2016-04-22,0.84,1.37,1.89,0.010000000000000453,0.1327,0.1324,-0.927
2016-04-25,0.85,1.38,1.91,-2.220446049250313e-16,0.1317,0.1324,-0.995
2016-04-26,0.86,1.4,1.94,0.0,0.1308,0.1325,-0.987
2016-04-27,0.83,1.33,1.87,-0.040000000000000036,0.1298,0.1329,-1.278
2016-04-28,0.78,1.28,1.84,-0.06000000000000005,0.1286,0.1332,-1.416
2016-04-29,0.77,1.28,1.83,-0.040000000000000036,0.1276,0.1335,-1.255
2016-05-02,0.8,1.32,1.88,-0.039999999999999813,0.1265,0.1338,-1.244
2016-05-03,0.75,1.25,1.81,-0.06000000000000005,0.1253,0.1341,-1.382
2016-05-04,0.75,1.23,1.79,-0.08000000000000007,0.1239,0.1344,-1.517
2016-05-05,0.72,1.2,1.76,-0.08000000000000007,0.1225,0.1347,-1.503
2016-05-06,0.74,1.23,1.79,-0.07000000000000006,0.1212,0.1349,-1.417
2016-05-09,0.72,1.2,1.77,-0.09000000000000008,0.1198,0.1353,-1.551
2016-05-10,0.72,1.2,1.77,-0.09000000000000008,0.1183,0.1355,-1.537
2016-05-11,0.74,1.2,1.73,-0.07000000000000006,0.117,0.1358,-1.377
2016-05-12,0.76,1.24,1.75,-0.030000000000000027,0.1158,0.1357,-1.074
2016-05-13,0.76,1.22,1.71,-0.030000000000000027,0.1146,0.1357,-1.066
2016-05-16,0.79,1.26,1.75,-0.020000000000000018,0.1134,0.1355,-0.985
2016-05-17,0.82,1.29,1.76,2.220446049250313e-16,0.1125,0.1355,-0.83
2016-05-18,0.9,1.41,1.87,0.04999999999999982,0.1118,0.1353,-0.457
2016-05-19,0.89,1.38,1.85,0.019999999999999574,0.1108,0.1351,-0.672
2016-05-20,0.89,1.38,1.85,0.019999999999999574,0.1097,0.1347,-0.666
2016-05-23,0.91,1.38,1.84,0.009999999999999565,0.1086,0.1344,-0.734
2016-05-24,0.92,1.41,1.86,0.039999999999999813,0.1077,0.1341,-0.505
2016-05-25,0.92,1.4,1.87,0.009999999999999787,0.1066,0.1337,-0.723
2016-05-26,0.87,1.35,1.83,0.0,0.1054,0.1333,-0.791
2016-05-27,0.9,1.39,1.85,0.029999999999999805,0.1044,0.133,-0.559
2016-05-31,0.87,1.37,1.84,0.030000000000000027,0.1035,0.1326,-0.554
2016-06-01,0.91,1.39,1.85,0.019999999999999574,0.1025,0.1324,-0.623
2016-06-02,0.89,1.36,1.81,0.020000000000000018,0.1015,0.1321,-0.617
2016-06-03,0.78,1.23,1.71,-0.030000000000000027,0.1002,0.1317,-0.989
2016-06-06,0.8,1.25,1.73,-0.030000000000000027,0.0988,0.1313,-0.981
2016-06-07,0.78,1.23,1.72,-0.040000000000000036,0.0974,0.1307,-1.051
2016-06-08,0.78,1.23,1.71,-0.030000000000000027,0.0958,0.1299,-0.968
2016-06-09,0.77,1.22,1.68,-0.010000000000000009,0.0944,0.1291,-0.809
2016-06-10,0.73,1.17,1.64,-0.030000000000000027,0.0929,0.1284,-0.957
2016-06-13,0.73,1.14,1.62,-0.07000000000000028,0.0913,0.1278,-1.262
2016-06-14,0.74,1.15,1.62,-0.060000000000000275,0.0896,0.127,-1.178
2016-06-15,0.69,1.1,1.6,-0.08999999999999986,0.0878,0.1262,-1.409
2016-06-16,0.7,1.1,1.57,-0.06999999999999984,0.0862,0.1256,-1.244
2016-06-17,0.7,1.13,1.62,-0.060000000000000275,0.0846,0.125,-1.157
2016-06-20,0.74,1.17,1.67,-0.07000000000000006,0.0833,0.1248,-1.228
2016-06-21,0.76,1.22,1.71,-0.030000000000000027,0.082,0.1243,-0.901
2016-06-22,0.75,1.2,1.69,-0.040000000000000036,0.0808,0.124,-0.974
2016-06-23,0.78,1.25,1.74,-0.020000000000000018,0.0794,0.1233,-0.806
2016-06-24,0.64,1.08,1.57,-0.050000000000000044,0.0781,0.1228,-1.043
2016-06-27,0.61,1.0,1.46,-0.06999999999999984,0.0765,0.1222,-1.199
2016-06-28,0.61,1.0,1.46,-0.06999999999999984,0.075,0.1216,-1.192
2016-06-29,0.62,1.03,1.5,-0.06000000000000005,0.0736,0.1211,-1.103
2016-06-30,0.58,1.01,1.49,-0.050000000000000044,0.0723,0.1207,-1.013
2016-07-01,0.59,1.0,1.46,-0.04999999999999982,0.071,0.1203,-1.006
2016-07-05,0.56,0.94,1.37,-0.050000000000000266,0.0697,0.1198,-0.999
2016-07-06,0.58,0.95,1.38,-0.06000000000000005,0.0685,0.1196,-1.074
2016-07-07,0.58,0.97,1.4,-0.040000000000000036,0.0675,0.1194,-0.9
2016-07-08,0.61,0.95,1.37,-0.08000000000000007,0.0662,0.1192,-1.227
2016-07-11,0.66,1.03,1.43,-0.030000000000000027,0.0652,0.1189,-0.801
2016-07-12,0.69,1.1,1.53,-0.019999999999999796,0.0641,0.1185,-0.71
2016-07-13,0.68,1.07,1.48,-0.020000000000000018,0.0629,0.1178,-0.704
2016-07-14,0.68,1.1,1.53,-0.010000000000000009,0.0617,0.117,-0.613
2016-07-15,0.71,1.15,1.6,-0.010000000000000231,0.0606,0.1163,-0.607
2016-07-18,0.68,1.14,1.59,0.009999999999999565,0.0596,0.1157,-0.429
2016-07-19,0.7,1.12,1.56,-0.019999999999999796,0.0584,0.1149,-0.682
2016-07-20,0.73,1.15,1.59,-0.02000000000000024,0.057,0.1138,-0.677
2016-07-21,0.7,1.11,1.57,-0.04999999999999982,0.0554,0.1124,-0.938
2016-07-22,0.71,1.13,1.57,-0.02000000000000024,0.0541,0.1113,-0.666
2016-07-25,0.72,1.15,1.58,-2.220446049250313e-16,0.0529,0.1102,-0.48
2016-07-26,0.75,1.15,1.57,-0.02000000000000024,0.0516,0.1091,-0.656
2016-07-27,0.73,1.1,1.52,-0.04999999999999982,0.0502,0.1081,-0.927
2016-07-28,0.72,1.09,1.52,-0.05999999999999983,0.0489,0.1076,-1.012
2016-07-29,0.67,1.03,1.46,-0.06999999999999984,0.0476,0.1069,-1.1
2016-08-01,0.67,1.06,1.51,-0.05999999999999983,0.0463,0.1064,-0.999
2016-08-02,0.67,1.07,1.55,-0.07999999999999985,0.0451,0.1059,-1.181
2016-08-03,0.67,1.07,1.55,-0.07999999999999985,0.0439,0.1057,-1.172
2016-08-04,0.64,1.03,1.51,-0.09000000000000008,0.0428,0.1056,-1.258
2016-08-05,0.72,1.13,1.59,-0.050000000000000266,0.0417,0.1051,-0.873
2016-08-08,0.74,1.15,1.59,-0.03000000000000025,0.0404,0.104,-0.677
2016-08-09,0.71,1.11,1.55,-0.039999999999999813,0.039,0.1028,-0.768
2016-08-10,0.69,1.07,1.5,-0.04999999999999982,0.0378,0.1019,-0.862
2016-08-11,0.76,1.16,1.57,-0.010000000000000231,0.0367,0.1009,-0.463
2016-08-12,0.71,1.1,1.51,-0.019999999999999796,0.0357,0.1002,-0.556
2016-08-15,0.72,1.14,1.55,0.009999999999999787,0.0348,0.0995,-0.249
2016-08-16,0.76,1.16,1.57,-0.010000000000000231,0.0338,0.0986,-0.444
2016-08-17,0.74,1.15,1.56,-2.220446049250313e-16,0.0326,0.0973,-0.335
2016-08-18,0.71,1.12,1.53,2.220446049250313e-16,0.0315,0.096,-0.328
2016-08-19,0.76,1.17,1.58,-2.220446049250313e-16,0.0305,0.0949,-0.321
2016-08-22,0.76,1.15,1.55,-0.010000000000000231,0.0296,0.0943,-0.42
2016-08-23,0.74,1.15,1.55,0.009999999999999787,0.0288,0.0935,-0.201
2016-08-24,0.76,1.13,1.56,-0.060000000000000275,0.0278,0.0931,-0.943
2016-08-25,0.78,1.16,1.58,-0.04000000000000026,0.0269,0.0927,-0.722
2016-08-26,0.84,1.23,1.62,0.0,0.0262,0.0923,-0.284
2016-08-29,0.81,1.18,1.57,-0.02000000000000024,0.0256,0.0921,-0.495
2016-08-30,0.8,1.18,1.57,-0.010000000000000231,0.0251,0.092,-0.382
2016-08-31,0.8,1.19,1.58,-2.220446049250313e-16,0.0246,0.0917,-0.268
2016-09-01,0.78,1.18,1.57,0.009999999999999787,0.0241,0.0915,-0.154
2016-09-02,0.8,1.2,1.6,-2.220446049250313e-16,0.0237,0.0913,-0.26
2016-09-06,0.74,1.13,1.55,-0.03000000000000025,0.0231,0.0912,-0.582
2016-09-07,0.74,1.12,1.54,-0.039999999999999813,0.0226,0.0912,-0.686
2016-09-08,0.78,1.19,1.61,-0.010000000000000231,0.0221,0.0911,-0.352
2016-09-09,0.79,1.23,1.67,0.0,0.0217,0.0909,-0.239
2016-09-12,0.79,1.21,1.68,-0.050000000000000044,0.0211,0.0909,-0.782
2016-09-13,0.8,1.26,1.73,-0.010000000000000009,0.0206,0.0907,-0.337
2016-09-14,0.77,1.21,1.7,-0.050000000000000044,0.0198,0.0905,-0.771
2016-09-15,0.74,1.2,1.71,-0.050000000000000044,0.0192,0.0904,-0.765
2016-09-16,0.77,1.21,1.7,-0.050000000000000044,0.0185,0.0903,-0.759
2016-09-19,0.79,1.22,1.7,-0.050000000000000044,0.0179,0.0902,-0.753
2016-09-20,0.79,1.2,1.69,-0.08000000000000007,0.0172,0.0903,-1.076
2016-09-21,0.79,1.2,1.66,-0.050000000000000044,0.0167,0.0903,-0.739
2016-09-22,0.79,1.18,1.63,-0.06000000000000005,0.016,0.0903,-0.842
2016-09-23,0.77,1.16,1.62,-0.07000000000000028,0.0156,0.0904,-0.947
2016-09-26,0.76,1.13,1.59,-0.0900000000000003,0.0149,0.0906,-1.158
2016-09-27,0.75,1.12,1.56,-0.06999999999999984,0.0143,0.0906,-0.93
2016-09-28,0.75,1.13,1.57,-0.060000000000000275,0.0137,0.0906,-0.813
2016-09-29,0.73,1.12,1.56,-0.04999999999999982,0.0132,0.0906,-0.698
2016-09-30,0.77,1.14,1.6,-0.0900000000000003,0.0127,0.0908,-1.131
2016-10-03,0.8,1.18,1.63,-0.07000000000000006,0.0122,0.091,-0.903
2016-10-04,0.82,1.22,1.69,-0.06999999999999984,0.0117,0.0911,-0.897
2016-10-05,0.85,1.26,1.72,-0.050000000000000044,0.0115,0.0912,-0.674
2016-10-06,0.86,1.28,1.75,-0.04999999999999982,0.0112,0.0912,-0.671
2016-10-07,0.83,1.26,1.73,-0.040000000000000036,0.011,0.0913,-0.559
2016-10-11,0.87,1.3,1.77,-0.040000000000000036,0.0108,0.0914,-0.556
2016-10-12,0.87,1.31,1.79,-0.040000000000000036,0.0105,0.0914,-0.553
2016-10-13,0.85,1.27,1.75,-0.06000000000000005,0.0101,0.0915,-0.766
2016-10-14,0.84,1.28,1.8,-0.07999999999999985,0.0097,0.0916,-0.979
2016-10-17,0.81,1.26,1.77,-0.06000000000000005,0.0094,0.0917,-0.757
2016-10-18,0.82,1.24,1.75,-0.08999999999999986,0.0089,0.092,-1.075
2016-10-19,0.81,1.24,1.76,-0.09000000000000008,0.0083,0.0921,-1.067
2016-10-20,0.84,1.26,1.76,-0.07999999999999985,0.0077,0.0922,-0.951
2016-10-21,0.84,1.25,1.74,-0.07999999999999985,0.0072,0.0923,-0.945
2016-10-24,0.84,1.27,1.77,-0.06999999999999984,0.0067,0.0924,-0.83
2016-10-25,0.86,1.29,1.77,-0.04999999999999982,0.0062,0.0924,-0.608
2016-10-26,0.86,1.3,1.79,-0.04999999999999982,0.0056,0.0922,-0.603
2016-10-27,0.87,1.33,1.85,-0.06000000000000005,0.005,0.0921,-0.706
2016-10-28,0.86,1.33,1.86,-0.05999999999999983,0.0045,0.0922,-0.7
2016-10-31,0.86,1.31,1.84,-0.07999999999999985,0.0037,0.0921,-0.909
2016-11-01,0.83,1.3,1.83,-0.06000000000000005,0.003,0.0919,-0.686
2016-11-02,0.81,1.26,1.81,-0.10000000000000009,0.0021,0.0917,-1.113
2016-11-03,0.81,1.26,1.82,-0.1100000000000001,0.001,0.0914,-1.214
2016-11-04,0.8,1.24,1.79,-0.1100000000000001,-0.0,0.0912,-1.206
2016-11-07,0.82,1.29,1.83,-0.06999999999999984,-0.0011,0.0905,-0.761
2016-11-08,0.87,1.34,1.88,-0.06999999999999984,-0.0021,0.0898,-0.756
2016-11-09,0.9,1.49,2.07,0.010000000000000231,-0.0029,0.0887,0.145
2016-11-10,0.92,1.56,2.15,0.050000000000000266,-0.0037,0.0873,0.615
2016-11-14,1.0,1.66,2.23,0.08999999999999986,-0.0044,0.086,1.098
2016-11-15,1.02,1.68,2.23,0.10999999999999988,-0.0049,0.0848,1.355
2016-11-16,1.0,1.68,2.22,0.13999999999999968,-0.0052,0.0843,1.722
2016-11-17,1.04,1.73,2.29,0.1299999999999999,-0.0053,0.084,1.611
2016-11-18,1.07,1.8,2.34,0.1900000000000004,-0.0054,0.0838,2.332
2016-11-21,1.08,1.79,2.33,0.16999999999999993,-0.0056,0.0834,2.106
2016-11-22,1.07,1.77,2.31,0.1599999999999997,-0.0058,0.083,1.998
2016-11-23,1.12,1.83,2.36,0.18000000000000016,-0.0059,0.0827,2.248
2016-11-25,1.12,1.83,2.36,0.18000000000000016,-0.006,0.0824,2.257
2016-11-28,1.11,1.8,2.32,0.17000000000000037,-0.0059,0.0826,2.13
2016-11-29,1.09,1.78,2.3,0.16999999999999993,-0.0059,0.0826,2.13
2016-11-30,1.11,1.83,2.37,0.17999999999999972,-0.0057,0.083,2.237
2016-12-01,1.14,1.9,2.45,0.20999999999999996,-0.0055,0.0835,2.581
2016-12-02,1.11,1.84,2.4,0.17000000000000037,-0.0053,0.0839,2.089
2016-12-05,1.13,1.84,2.39,0.16000000000000014,-0.0052,0.084,1.967
2016-12-06,1.12,1.84,2.39,0.16999999999999993,-0.0053,0.0838,2.092
2016-12-07,1.1,1.8,2.34,0.16000000000000014,-0.0054,0.0837,1.976
2016-12-08,1.12,1.83,2.4,0.14000000000000012,-0.0055,0.0834,1.745
2016-12-09,1.15,1.89,2.47,0.1599999999999997,-0.0056,0.0833,1.988
2016-12-12,1.15,1.9,2.49,0.1599999999999997,-0.0054,0.0835,1.981
2016-12-13,1.17,1.92,2.48,0.18999999999999995,-0.0054,0.0837,2.335
2016-12-14,1.27,2.02,2.54,0.22999999999999998,-0.0049,0.0846,2.777
2016-12-15,1.29,2.1,2.6,0.31000000000000005,-0.0041,0.0866,3.627
2016-12-16,1.28,2.07,2.6,0.25999999999999934,-0.0037,0.0876,3.01
2016-12-19,1.24,2.03,2.54,0.27999999999999936,-0.0033,0.0886,3.198
2016-12-20,1.25,2.06,2.57,0.30000000000000027,-0.003,0.0896,3.382
2016-12-21,1.21,2.04,2.55,0.3200000000000003,-0.0025,0.0911,3.54
2016-12-22,1.22,2.04,2.55,0.3100000000000005,-0.0019,0.0925,3.372
2016-12-23,1.22,2.04,2.55,0.3100000000000005,-0.0015,0.0938,3.321
2016-12-27,1.28,2.07,2.57,0.2899999999999996,-0.0011,0.0947,3.074
2016-12-28,1.26,2.02,2.51,0.27000000000000046,-0.0008,0.0956,2.833
2016-12-29,1.22,1.96,2.49,0.20999999999999996,-0.0006,0.0959,2.196
2016-12-30,1.2,1.93,2.45,0.20999999999999996,-0.0006,0.0959,2.196
2017-01-03,1.22,1.94,2.45,0.20999999999999996,-0.0006,0.0959,2.196
2017-01-04,1.24,1.94,2.46,0.17999999999999972,-0.0006,0.0958,1.885
2017-01-05,1.17,1.86,2.37,0.18000000000000016,-0.0007,0.0957,1.888
2017-01-06,1.22,1.92,2.42,0.20000000000000018,-0.0006,0.0959,2.092
2017-01-09,1.21,1.89,2.38,0.18999999999999995,-0.0004,0.0963,1.977
2017-01-10,1.19,1.89,2.38,0.20999999999999996,0.0001,0.097,2.164
2017-01-11,1.2,1.89,2.38,0.20000000000000018,0.0006,0.0977,2.041
2017-01-12,1.18,1.87,2.36,0.20000000000000062,0.0012,0.0985,2.018
2017-01-13,1.21,1.9,2.4,0.18999999999999995,0.0017,0.0992,1.898
2017-01-17,1.17,1.84,2.33,0.18000000000000016,0.0023,0.0998,1.781
2017-01-18,1.23,1.93,2.42,0.20999999999999996,0.003,0.1006,2.058
2017-01-19,1.25,1.97,2.47,0.21999999999999975,0.0037,0.1015,2.131
2017-01-20,1.2,1.95,2.48,0.2200000000000002,0.0044,0.1024,2.105
2017-01-23,1.16,1.88,2.41,0.1899999999999995,0.0051,0.103,1.795
2017-01-24,1.21,1.94,2.47,0.19999999999999973,0.0058,0.1038,1.871
2017-01-25,1.23,1.99,2.53,0.2200000000000002,0.0066,0.1046,2.04
2017-01-26,1.21,1.95,2.51,0.18000000000000016,0.0072,0.1052,1.643
2017-01-27,1.22,1.94,2.49,0.16999999999999993,0.0077,0.1057,1.535
2017-01-30,1.22,1.94,2.49,0.16999999999999993,0.0084,0.1062,1.522
2017-01-31,1.19,1.9,2.45,0.1599999999999997,0.0091,0.1066,1.416
2017-02-01,1.22,1.93,2.48,0.1599999999999997,0.0099,0.1069,1.404
2017-02-02,1.21,1.92,2.48,0.1499999999999999,0.0106,0.1073,1.299
2017-02-03,1.21,1.93,2.49,0.1599999999999997,0.0115,0.1076,1.38
2017-02-06,1.16,1.86,2.42,0.14000000000000057,0.0123,0.1078,1.185
2017-02-07,1.16,1.85,2.4,0.14000000000000012,0.0131,0.108,1.175
2017-02-08,1.15,1.81,2.34,0.13000000000000034,0.014,0.108,1.074
2017-02-09,1.2,1.88,2.4,0.1599999999999997,0.015,0.1082,1.34
2017-02-10,1.2,1.89,2.41,0.16999999999999993,0.0162,0.1082,1.421
2017-02-13,1.2,1.92,2.43,0.20999999999999952,0.0175,0.1086,1.773
2017-02-14,1.25,1.98,2.47,0.23999999999999977,0.0187,0.1094,2.023
2017-02-15,1.27,2.01,2.51,0.23999999999999977,0.0198,0.1102,1.998
2017-02-16,1.22,1.95,2.45,0.22999999999999954,0.021,0.1109,1.885
2017-02-17,1.21,1.92,2.42,0.20999999999999996,0.0219,0.1115,1.687
2017-02-21,1.22,1.93,2.43,0.20999999999999952,0.0229,0.112,1.671
2017-02-22,1.22,1.92,2.42,0.20000000000000018,0.0238,0.1125,1.566
2017-02-23,1.18,1.87,2.38,0.1800000000000006,0.0248,0.1128,1.376
2017-02-24,1.12,1.8,2.31,0.16999999999999993,0.0256,0.1131,1.277
2017-02-27,1.2,1.87,2.36,0.18000000000000016,0.0266,0.1133,1.354
2017-02-28,1.22,1.89,2.36,0.19999999999999973,0.0279,0.1135,1.516
2017-03-01,1.29,1.99,2.46,0.22999999999999998,0.0292,0.114,1.761
2017-03-02,1.32,2.03,2.49,0.2499999999999991,0.0305,0.1146,1.915
2017-03-03,1.32,2.02,2.49,0.22999999999999954,0.0316,0.1151,1.724
2017-03-06,1.31,2.02,2.49,0.23999999999999977,0.0326,0.1158,1.791
2017-03-07,1.32,2.05,2.52,0.25999999999999934,0.0337,0.1167,1.939
2017-03-08,1.36,2.08,2.57,0.22999999999999998,0.0346,0.1173,1.666
2017-03-09,1.37,2.13,2.6,0.2899999999999996,0.0357,0.1184,2.148
2017-03-10,1.36,2.11,2.58,0.27999999999999936,0.0369,0.1193,2.038
2017-03-13,1.4,2.14,2.62,0.26000000000000023,0.0381,0.1201,1.848
2017-03-14,1.4,2.13,2.6,0.2599999999999998,0.0389,0.1209,1.829
2017-03-15,1.33,2.02,2.51,0.20000000000000018,0.0396,0.1213,1.322
2017-03-16,1.35,2.05,2.53,0.21999999999999975,0.0403,0.1219,1.474
2017-03-17,1.33,2.03,2.5,0.22999999999999954,0.041,0.1224,1.544
2017-03-20,1.3,2.0,2.47,0.22999999999999998,0.0419,0.123,1.529
2017-03-21,1.27,1.96,2.43,0.21999999999999975,0.0428,0.1235,1.435
2017-03-22,1.27,1.95,2.4,0.22999999999999998,0.0438,0.1239,1.503
2017-03-23,1.26,1.95,2.41,0.22999999999999954,0.0449,0.1244,1.488
2017-03-24,1.26,1.93,2.4,0.19999999999999973,0.0457,0.1247,1.237
2017-03-27,1.27,1.93,2.38,0.20999999999999996,0.0466,0.1251,1.306
2017-03-28,1.3,1.97,2.42,0.21999999999999975,0.0475,0.1255,1.375
2017-03-29,1.26,1.93,2.39,0.20999999999999952,0.0485,0.1258,1.284
2017-03-30,1.28,1.96,2.42,0.21999999999999975,0.0494,0.1262,1.352
2017-03-31,1.27,1.93,2.4,0.18999999999999995,0.0505,0.1263,1.105
2017-04-03,1.24,1.88,2.35,0.16999999999999948,0.0515,0.1262,0.939
2017-04-04,1.25,1.88,2.36,0.1499999999999999,0.0524,0.1261,0.774
2017-04-05,1.24,1.85,2.34,0.1200000000000001,0.0532,0.1259,0.531
2017-04-06,1.24,1.87,2.34,0.16000000000000014,0.0543,0.1256,0.842
2017-04-07,1.29,1.92,2.38,0.16999999999999993,0.0553,0.1255,0.914
2017-04-10,1.29,1.91,2.37,0.1599999999999997,0.0564,0.1252,0.827
2017-04-11,1.24,1.84,2.32,0.12000000000000055,0.0573,0.1249,0.502
2017-04-12,1.24,1.81,2.28,0.10000000000000009,0.0581,0.1244,0.337
2017-04-13,1.21,1.77,2.24,0.08999999999999986,0.0588,0.1241,0.251
2017-04-17,1.21,1.79,2.26,0.11000000000000032,0.0596,0.1238,0.407
2017-04-18,1.18,1.71,2.18,0.06000000000000005,0.06,0.1236,0.0
2017-04-19,1.19,1.74,2.21,0.08000000000000007,0.0606,0.1234,0.157
2017-04-20,1.21,1.78,2.24,0.10999999999999988,0.0612,0.1233,0.396
2017-04-21,1.2,1.77,2.24,0.09999999999999964,0.0618,0.1231,0.31
2017-04-24,1.25,1.81,2.28,0.0900000000000003,0.0622,0.123,0.226
2017-04-25,1.29,1.87,2.35,0.10000000000000009,0.0626,0.123,0.304
2017-04-26,1.28,1.84,2.32,0.08000000000000052,0.0629,0.123,0.139
2017-04-27,1.25,1.81,2.3,0.07000000000000028,0.0631,0.1229,0.056
2017-04-28,1.28,1.81,2.29,0.04999999999999982,0.0633,0.1228,-0.108
2017-05-01,1.28,1.84,2.33,0.07000000000000028,0.0638,0.1227,0.051
2017-05-02,1.27,1.81,2.29,0.06000000000000005,0.0642,0.1224,-0.034
2017-05-03,1.3,1.86,2.33,0.08999999999999986,0.0648,0.1222,0.206
2017-05-04,1.32,1.88,2.36,0.07999999999999963,0.0652,0.1221,0.121
2017-05-05,1.32,1.89,2.36,0.10000000000000009,0.0659,0.1218,0.28
2017-05-08,1.33,1.91,2.39,0.09999999999999964,0.0666,0.1215,0.275
2017-05-09,1.37,1.94,2.42,0.08999999999999986,0.0673,0.1212,0.187
2017-05-10,1.35,1.94,2.41,0.11999999999999966,0.068,0.1209,0.43
2017-05-11,1.35,1.93,2.39,0.11999999999999966,0.0688,0.1205,0.425
2017-05-12,1.29,1.85,2.33,0.08000000000000007,0.0695,0.1201,0.087
2017-05-15,1.31,1.86,2.34,0.07000000000000028,0.0701,0.1198,-0.001
2017-05-16,1.29,1.86,2.33,0.10000000000000009,0.0706,0.1196,0.246
2017-05-17,1.26,1.76,2.22,0.03999999999999959,0.0709,0.1195,-0.259
2017-05-18,1.27,1.78,2.23,0.06000000000000005,0.0712,0.1193,-0.094
2017-05-19,1.28,1.79,2.23,0.06999999999999984,0.0715,0.1192,-0.013
2017-05-22,1.29,1.8,2.25,0.06000000000000005,0.0715,0.1192,-0.096
2017-05-23,1.31,1.84,2.29,0.08000000000000007,0.0717,0.1192,0.07
2017-05-24,1.29,1.79,2.26,0.03000000000000025,0.0718,0.1192,-0.351
2017-05-25,1.3,1.78,2.25,0.009999999999999787,0.0718,0.1192,-0.518
2017-05-26,1.3,1.79,2.25,0.03000000000000025,0.0717,0.1192,-0.35
2017-05-30,1.28,1.76,2.21,0.03000000000000025,0.0718,0.1192,-0.351
2017-05-31,1.28,1.75,2.21,0.009999999999999787,0.0719,0.1191,-0.52
2017-06-01,1.28,1.76,2.21,0.03000000000000025,0.0719,0.1191,-0.352
2017-06-02,1.28,1.71,2.15,-0.010000000000000231,0.0717,0.1192,-0.685
2017-06-05,1.32,1.74,2.18,-0.020000000000000018,0.0715,0.1193,-0.767
2017-06-06,1.3,1.71,2.14,-0.020000000000000018,0.0714,0.1194,-0.765
2017-06-07,1.32,1.74,2.18,-0.020000000000000018,0.0714,0.1194,-0.765
2017-06-08,1.33,1.75,2.19,-0.020000000000000018,0.0715,0.1193,-0.767
2017-06-09,1.35,1.77,2.21,-0.020000000000000018,0.0715,0.1193,-0.767
2017-06-12,1.35,1.78,2.21,0.0,0.0717,0.1192,-0.602
2017-06-13,1.38,1.79,2.21,-0.009999999999999787,0.0717,0.1192,-0.685
2017-06-14,1.35,1.74,2.15,-0.020000000000000018,0.0717,0.1192,-0.769
2017-06-15,1.35,1.76,2.16,0.009999999999999787,0.072,0.1189,-0.521
2017-06-16,1.32,1.75,2.16,0.019999999999999574,0.0723,0.1186,-0.441
2017-06-19,1.36,1.8,2.19,0.050000000000000266,0.0729,0.1182,-0.194
2017-06-20,1.36,1.77,2.16,0.019999999999999574,0.0733,0.1179,-0.452
2017-06-21,1.36,1.78,2.16,0.040000000000000036,0.0737,0.1176,-0.287
2017-06-22,1.34,1.76,2.15,0.029999999999999805,0.074,0.1173,-0.375
2017-06-23,1.34,1.77,2.15,0.050000000000000266,0.0744,0.1171,-0.208
2017-06-26,1.36,1.77,2.14,0.03999999999999959,0.0747,0.1169,-0.297
2017-06-27,1.38,1.83,2.21,0.07000000000000028,0.075,0.1168,-0.043
2017-06-28,1.34,1.81,2.22,0.06000000000000005,0.0755,0.1165,-0.133
2017-06-29,1.38,1.85,2.27,0.050000000000000266,0.076,0.1162,-0.224
2017-06-30,1.38,1.89,2.31,0.08999999999999986,0.0766,0.1158,0.116
2017-07-03,1.41,1.93,2.35,0.10000000000000009,0.0772,0.1155,0.197
2017-07-05,1.41,1.92,2.33,0.09999999999999964,0.0778,0.1152,0.193
2017-07-06,1.4,1.94,2.37,0.10999999999999988,0.0785,0.1149,0.274
2017-07-07,1.4,1.95,2.39,0.10999999999999988,0.0791,0.1147,0.269
2017-07-10,1.4,1.93,2.38,0.08000000000000007,0.0796,0.1143,0.003
2017-07-11,1.37,1.92,2.37,0.09999999999999964,0.0802,0.1141,0.174
2017-07-12,1.35,1.88,2.33,0.07999999999999963,0.0808,0.1136,-0.007
2017-07-13,1.37,1.89,2.35,0.05999999999999961,0.0812,0.1134,-0.187
2017-07-14,1.35,1.87,2.33,0.06000000000000005,0.0815,0.1133,-0.19
2017-07-17,1.36,1.86,2.31,0.050000000000000266,0.0818,0.1131,-0.281
2017-07-18,1.36,1.82,2.27,0.010000000000000231,0.0819,0.113,-0.636
2017-07-19,1.37,1.83,2.27,0.020000000000000018,0.082,0.113,-0.549
2017-07-20,1.37,1.82,2.27,0.0,0.0819,0.113,-0.725
2017-07-21,1.36,1.81,2.24,0.019999999999999574,0.0821,0.1129,-0.55
2017-07-24,1.37,1.83,2.26,0.03000000000000025,0.0823,0.1127,-0.464
2017-07-25,1.4,1.9,2.33,0.06999999999999984,0.0828,0.1124,-0.114
2017-07-26,1.36,1.83,2.29,0.009999999999999787,0.0829,0.1123,-0.649
2017-07-27,1.36,1.84,2.32,4.440892098500626e-16,0.0829,0.1123,-0.738
2017-07-28,1.34,1.83,2.3,0.020000000000000462,0.0831,0.1122,-0.562
2017-07-31,1.34,1.84,2.3,0.040000000000000036,0.0834,0.1119,-0.388
2017-08-01,1.34,1.8,2.26,0.0,0.0837,0.1117,-0.749
2017-08-02,1.36,1.82,2.27,0.010000000000000231,0.084,0.1114,-0.664
2017-08-03,1.34,1.79,2.24,0.0,0.0842,0.1111,-0.758
2017-08-04,1.36,1.82,2.27,0.010000000000000231,0.0846,0.1107,-0.674
2017-08-07,1.36,1.81,2.26,0.0,0.0849,0.1104,-0.769
2017-08-08,1.36,1.84,2.29,0.03000000000000025,0.0854,0.1099,-0.504
2017-08-09,1.33,1.81,2.24,0.04999999999999982,0.0858,0.1096,-0.327
2017-08-10,1.33,1.78,2.2,0.029999999999999805,0.086,0.1094,-0.512
2017-08-11,1.3,1.74,2.19,-0.010000000000000231,0.0861,0.1092,-0.88
2017-08-14,1.33,1.77,2.22,-0.010000000000000231,0.0863,0.1091,-0.883
2017-08-15,1.35,1.83,2.27,0.040000000000000036,0.0865,0.1089,-0.427
2017-08-16,1.33,1.79,2.23,0.020000000000000018,0.0866,0.1088,-0.612
2017-08-17,1.32,1.76,2.19,0.010000000000000231,0.0866,0.1088,-0.704
2017-08-18,1.33,1.77,2.19,0.020000000000000018,0.0867,0.1087,-0.614
2017-08-21,1.32,1.76,2.18,0.020000000000000018,0.0868,0.1087,-0.615
2017-08-22,1.33,1.8,2.22,0.04999999999999982,0.087,0.1086,-0.341
2017-08-23,1.32,1.76,2.17,0.03000000000000025,0.0871,0.1085,-0.526
2017-08-24,1.33,1.78,2.19,0.040000000000000036,0.0873,0.1083,-0.437
2017-08-25,1.35,1.77,2.17,0.020000000000000018,0.0874,0.1083,-0.622
2017-08-28,1.33,1.74,2.16,-0.010000000000000231,0.0876,0.1081,-0.903
2017-08-29,1.33,1.7,2.13,-0.06000000000000005,0.0875,0.1082,-1.363
2017-08-30,1.33,1.72,2.15,-0.040000000000000036,0.0873,0.1084,-1.174
2017-08-31,1.33,1.7,2.12,-0.050000000000000266,0.0872,0.1085,-1.265
2017-09-01,1.35,1.73,2.16,-0.050000000000000266,0.0871,0.1087,-1.261
2017-09-05,1.3,1.65,2.07,-0.07000000000000006,0.0868,0.109,-1.439
2017-09-06,1.3,1.69,2.1,-0.020000000000000018,0.0867,0.1091,-0.978
2017-09-07,1.27,1.63,2.05,-0.06000000000000005,0.0864,0.1093,-1.339
2017-09-08,1.27,1.64,2.06,-0.050000000000000266,0.0863,0.1094,-1.246
2017-09-11,1.32,1.71,2.14,-0.04000000000000048,0.0863,0.1094,-1.154
2017-09-12,1.33,1.75,2.17,0.0,0.0864,0.1094,-0.79
2017-09-13,1.35,1.78,2.2,0.009999999999999787,0.0864,0.1094,-0.698
2017-09-14,1.37,1.79,2.2,0.009999999999999787,0.0867,0.1091,-0.703
2017-09-15,1.39,1.81,2.2,0.03000000000000025,0.0868,0.109,-0.521
2017-09-18,1.4,1.83,2.23,0.03000000000000025,0.0871,0.1087,-0.525
2017-09-19,1.4,1.84,2.24,0.040000000000000036,0.0875,0.1084,-0.438
2017-09-20,1.45,1.89,2.28,0.050000000000000266,0.0879,0.1081,-0.351
2017-09-21,1.45,1.89,2.27,0.06000000000000005,0.0883,0.1078,-0.263
2017-09-22,1.46,1.88,2.26,0.040000000000000036,0.0888,0.1073,-0.455
2017-09-25,1.44,1.85,2.22,0.040000000000000036,0.0892,0.107,-0.46
2017-09-26,1.45,1.87,2.24,0.04999999999999982,0.0896,0.1066,-0.371
2017-09-27,1.47,1.91,2.31,0.03999999999999959,0.09,0.1061,-0.471
2017-09-28,1.45,1.89,2.31,0.020000000000000018,0.0905,0.1056,-0.668
2017-09-29,1.47,1.92,2.33,0.040000000000000036,0.0909,0.1052,-0.484
2017-10-02,1.49,1.94,2.34,0.04999999999999982,0.0913,0.1048,-0.394
2017-10-03,1.47,1.92,2.33,0.040000000000000036,0.0917,0.1045,-0.495
2017-10-04,1.47,1.92,2.33,0.040000000000000036,0.0922,0.1039,-0.502
2017-10-05,1.49,1.94,2.35,0.03999999999999959,0.0927,0.1034,-0.51
2017-10-06,1.54,1.97,2.37,0.029999999999999805,0.0931,0.103,-0.613
2017-10-10,1.51,1.95,2.35,0.03999999999999959,0.0934,0.1026,-0.52
2017-10-11,1.51,1.95,2.35,0.03999999999999959,0.0938,0.1023,-0.526
2017-10-12,1.51,1.95,2.33,0.05999999999999961,0.0942,0.102,-0.335
2017-10-13,1.51,1.91,2.28,0.029999999999999805,0.0944,0.1017,-0.633
2017-10-16,1.54,1.95,2.3,0.06000000000000005,0.0948,0.1014,-0.343
2017-10-17,1.54,1.97,2.3,0.10000000000000009,0.0955,0.1009,0.045
2017-10-18,1.59,1.99,2.34,0.04999999999999982,0.096,0.1003,-0.459
2017-10-19,1.58,1.98,2.33,0.04999999999999982,0.0964,0.0999,-0.464
2017-10-20,1.6,2.03,2.39,0.0699999999999994,0.0971,0.0992,-0.273
2017-10-23,1.58,2.01,2.38,0.05999999999999961,0.0977,0.0985,-0.383
2017-10-24,1.6,2.05,2.42,0.07999999999999963,0.0983,0.0979,-0.187
2017-10-25,1.61,2.06,2.44,0.06999999999999984,0.0989,0.0972,-0.297
2017-10-26,1.63,2.07,2.46,0.04999999999999982,0.0994,0.0967,-0.511
2017-10-27,1.59,2.03,2.42,0.04999999999999982,0.0998,0.0963,-0.517
2017-10-30,1.58,2.0,2.37,0.04999999999999982,0.1002,0.0959,-0.523
2017-10-31,1.6,2.01,2.38,0.03999999999999959,0.1006,0.0954,-0.635
2017-11-01,1.61,2.01,2.37,0.03999999999999915,0.101,0.095,-0.642
2017-11-02,1.61,2.0,2.35,0.03999999999999959,0.1014,0.0943,-0.651
2017-11-03,1.63,1.99,2.34,0.010000000000000231,0.1017,0.094,-0.976
2017-11-06,1.61,1.99,2.32,0.050000000000000266,0.1023,0.0932,-0.561
2017-11-07,1.63,1.99,2.32,0.03000000000000025,0.1029,0.0923,-0.79
2017-11-08,1.65,2.01,2.32,0.04999999999999982,0.1035,0.0914,-0.585
2017-11-09,1.63,2.01,2.33,0.05999999999999961,0.104,0.0908,-0.485
2017-11-10,1.67,2.06,2.4,0.050000000000000266,0.1045,0.0902,-0.604
2017-11-13,1.7,2.08,2.4,0.06000000000000005,0.1047,0.09,-0.497
2017-11-14,1.68,2.06,2.38,0.0600000000000005,0.1047,0.09,-0.497
2017-11-15,1.68,2.04,2.33,0.07000000000000028,0.1046,0.09,-0.384
2017-11-16,1.72,2.07,2.37,0.04999999999999982,0.1044,0.0901,-0.604
2017-11-17,1.73,2.06,2.35,0.040000000000000036,0.104,0.0901,-0.71
2017-11-20,1.77,2.09,2.37,0.03999999999999959,0.1037,0.0902,-0.706
2017-11-21,1.77,2.11,2.36,0.08999999999999986,0.1033,0.09,-0.148
2017-11-22,1.74,2.05,2.32,0.03999999999999959,0.1027,0.09,-0.697
2017-11-24,1.75,2.07,2.34,0.04999999999999982,0.1023,0.09,-0.581
2017-11-27,1.74,2.06,2.32,0.06000000000000005,0.1018,0.0899,-0.465
2017-11-28,1.75,2.07,2.34,0.04999999999999982,0.1013,0.0898,-0.571
2017-11-29,1.78,2.09,2.37,0.02999999999999936,0.1008,0.0899,-0.788
2017-11-30,1.78,2.14,2.42,0.08000000000000007,0.1004,0.0898,-0.227
2017-12-01,1.78,2.13,2.37,0.10999999999999943,0.1001,0.0896,0.11
2017-12-04,1.8,2.15,2.37,0.1299999999999999,0.0998,0.0894,0.338
2017-12-05,1.83,2.15,2.36,0.10999999999999988,0.0996,0.0893,0.116
2017-12-06,1.78,2.11,2.33,0.10999999999999943,0.0994,0.0892,0.119
2017-12-07,1.8,2.14,2.37,0.11000000000000032,0.0991,0.0891,0.122
2017-12-08,1.8,2.14,2.38,0.10000000000000053,0.0989,0.089,0.012
2017-12-11,1.82,2.16,2.39,0.10999999999999988,0.0988,0.089,0.126
2017-12-12,1.83,2.18,2.4,0.13000000000000034,0.0987,0.0889,0.352
2017-12-13,1.79,2.12,2.36,0.0900000000000003,0.0984,0.0888,-0.095
2017-12-14,1.82,2.14,2.35,0.10999999999999988,0.0981,0.0886,0.134
2017-12-15,1.84,2.16,2.35,0.13000000000000034,0.0977,0.0883,0.366
2017-12-18,1.84,2.17,2.39,0.10999999999999988,0.0969,0.0872,0.15
2017-12-19,1.87,2.23,2.46,0.1299999999999999,0.0963,0.0866,0.389
2017-12-20,1.87,2.24,2.49,0.1200000000000001,0.0957,0.0859,0.283
2017-12-21,1.89,2.26,2.48,0.1499999999999999,0.0951,0.085,0.646
2017-12-22,1.91,2.26,2.48,0.12999999999999945,0.0944,0.0838,0.425
2017-12-26,1.92,2.25,2.47,0.10999999999999988,0.0936,0.0827,0.198
2017-12-27,1.89,2.22,2.42,0.13000000000000078,0.0929,0.0816,0.455
2017-12-28,1.91,2.23,2.43,0.11999999999999966,0.0922,0.0806,0.345
2017-12-29,1.89,2.2,2.4,0.11000000000000076,0.0915,0.0799,0.232
2018-01-02,1.92,2.25,2.46,0.1200000000000001,0.0912,0.0795,0.362
2018-01-03,1.94,2.25,2.44,0.1200000000000001,0.0908,0.0792,0.369
2018-01-04,1.96,2.27,2.46,0.1200000000000001,0.0905,0.0789,0.374
2018-01-05,1.96,2.29,2.47,0.1499999999999999,0.0904,0.0787,0.757
2018-01-08,1.96,2.29,2.49,0.1299999999999999,0.0902,0.0786,0.506
2018-01-09,1.98,2.33,2.55,0.13000000000000034,0.0899,0.0783,0.512
2018-01-10,1.98,2.32,2.55,0.10999999999999988,0.0896,0.0781,0.261
2018-01-11,1.98,2.32,2.54,0.11999999999999966,0.0892,0.0777,0.396
2018-01-12,1.99,2.35,2.55,0.16000000000000014,0.089,0.0775,0.916
2018-01-16,2.03,2.36,2.54,0.1499999999999999,0.0888,0.0773,0.792
2018-01-17,2.05,2.39,2.57,0.1600000000000006,0.0887,0.0772,0.924
2018-01-18,2.05,2.43,2.62,0.1900000000000004,0.0888,0.0772,1.311
2018-01-19,2.06,2.45,2.64,0.20000000000000018,0.0887,0.0772,1.442
2018-01-22,2.08,2.46,2.66,0.17999999999999972,0.0886,0.0769,1.189
2018-01-23,2.06,2.43,2.63,0.17000000000000037,0.0884,0.0767,1.064
2018-01-24,2.08,2.43,2.65,0.13000000000000034,0.0881,0.0764,0.548
2018-01-25,2.08,2.41,2.63,0.11000000000000032,0.0878,0.0761,0.292
2018-01-26,2.13,2.47,2.66,0.15000000000000036,0.0875,0.0758,0.825
2018-01-29,2.11,2.49,2.7,0.17000000000000037,0.0875,0.0757,1.09
2018-01-30,2.13,2.51,2.73,0.1599999999999997,0.0874,0.0757,0.959
2018-01-31,2.14,2.52,2.72,0.17999999999999972,0.0875,0.0757,1.222
2018-02-01,2.16,2.56,2.78,0.18000000000000016,0.0875,0.0758,1.22
2018-02-02,2.15,2.58,2.84,0.17000000000000037,0.0876,0.0759,1.086
2018-02-05,2.08,2.5,2.77,0.1499999999999999,0.0876,0.0759,0.822
2018-02-06,2.1,2.52,2.79,0.1499999999999999,0.0875,0.0758,0.825
2018-02-07,2.15,2.57,2.84,0.1499999999999999,0.0876,0.0758,0.823
2018-02-08,2.13,2.57,2.85,0.1599999999999997,0.0877,0.0759,0.953
2018-02-09,2.05,2.52,2.83,0.16000000000000014,0.0878,0.076,0.95
2018-02-12,2.09,2.56,2.86,0.17000000000000037,0.0878,0.076,1.082
2018-02-13,2.1,2.54,2.83,0.1499999999999999,0.0877,0.076,0.82
2018-02-14,2.17,2.65,2.91,0.21999999999999975,0.0878,0.076,1.739
2018-02-15,2.19,2.65,2.9,0.20999999999999996,0.0877,0.0758,1.613
2018-02-16,2.21,2.63,2.87,0.17999999999999972,0.0874,0.0754,1.228
2018-02-20,2.25,2.65,2.88,0.16999999999999993,0.0872,0.0751,1.103
2018-02-21,2.26,2.69,2.94,0.18000000000000016,0.0871,0.0749,1.24
2018-02-22,2.25,2.66,2.92,0.15000000000000036,0.0868,0.0746,0.847
2018-02-23,2.25,2.62,2.88,0.11000000000000032,0.0865,0.0743,0.316
2018-02-26,2.22,2.6,2.86,0.1200000000000001,0.0862,0.0741,0.456
2018-02-27,2.27,2.67,2.9,0.16999999999999993,0.0862,0.0741,1.131
2018-02-28,2.25,2.65,2.87,0.17999999999999972,0.0862,0.0741,1.266
2018-03-01,2.22,2.58,2.81,0.1299999999999999,0.086,0.0738,0.596
2018-03-02,2.25,2.63,2.86,0.1499999999999999,0.0856,0.0733,0.879
2018-03-05,2.24,2.65,2.88,0.17999999999999972,0.0854,0.0728,1.299
2018-03-06,2.25,2.65,2.88,0.16999999999999993,0.0851,0.0724,1.173
2018-03-07,2.25,2.65,2.89,0.1599999999999997,0.0848,0.0719,1.046
2018-03-08,2.25,2.63,2.86,0.1499999999999999,0.0844,0.0712,0.921
2018-03-09,2.27,2.65,2.9,0.1299999999999999,0.084,0.0707,0.651
2018-03-12,2.27,2.64,2.87,0.14000000000000012,0.0834,0.0695,0.814
2018-03-13,2.26,2.62,2.84,0.14000000000000057,0.0828,0.0685,0.835
2018-03-14,2.26,2.61,2.81,0.1499999999999999,0.0824,0.0677,0.999
2018-03-15,2.29,2.62,2.82,0.13000000000000034,0.0819,0.0669,0.719
2018-03-16,2.31,2.65,2.85,0.13999999999999968,0.0816,0.0665,0.878
2018-03-19,2.31,2.65,2.85,0.13999999999999968,0.0813,0.0661,0.888
2018-03-20,2.34,2.69,2.89,0.1499999999999999,0.081,0.0655,1.053
2018-03-21,2.31,2.69,2.89,0.17999999999999972,0.0808,0.0652,1.521
2018-03-22,2.29,2.63,2.83,0.13999999999999968,0.0805,0.0647,0.92
2018-03-23,2.28,2.61,2.82,0.1200000000000001,0.08,0.064,0.625
2018-03-26,2.33,2.64,2.85,0.10000000000000009,0.0795,0.0633,0.324
2018-03-27,2.26,2.58,2.78,0.12000000000000055,0.0792,0.0629,0.649
2018-03-28,2.28,2.59,2.77,0.1299999999999999,0.0789,0.0625,0.818
2018-03-29,2.27,2.56,2.74,0.10999999999999988,0.0785,0.0619,0.509
2018-04-02,2.25,2.55,2.73,0.11999999999999966,0.0781,0.0614,0.682
2018-04-03,2.28,2.6,2.79,0.13000000000000034,0.0777,0.0608,0.86
2018-04-04,2.28,2.61,2.79,0.1499999999999999,0.0776,0.0605,1.197
2018-04-05,2.3,2.64,2.83,0.15000000000000036,0.0775,0.0604,1.2
2018-04-06,2.27,2.58,2.77,0.1200000000000001,0.0774,0.0603,0.706
2018-04-09,2.29,2.6,2.78,0.13000000000000034,0.0774,0.0604,0.871
2018-04-10,2.32,2.62,2.8,0.12000000000000055,0.0773,0.0602,0.709
2018-04-11,2.32,2.62,2.79,0.13000000000000034,0.0771,0.06,0.882
2018-04-12,2.34,2.67,2.83,0.16999999999999993,0.0771,0.0601,1.546
2018-04-13,2.37,2.67,2.82,0.1499999999999999,0.0773,0.0602,1.208
2018-04-16,2.39,2.69,2.83,0.1599999999999997,0.0775,0.0604,1.366
2018-04-17,2.41,2.68,2.82,0.13000000000000034,0.0777,0.0605,0.864
2018-04-18,2.42,2.73,2.87,0.16999999999999993,0.0779,0.0607,1.517
2018-04-19,2.44,2.77,2.92,0.18000000000000016,0.0784,0.061,1.666
2018-04-20,2.46,2.8,2.96,0.17999999999999972,0.0788,0.0614,1.648
2018-04-23,2.49,2.83,2.98,0.18999999999999995,0.0791,0.0617,1.797
2018-04-24,2.48,2.83,3.0,0.18000000000000016,0.0794,0.0621,1.62
2018-04-25,2.49,2.84,3.03,0.1599999999999997,0.0797,0.0623,1.289
2018-04-26,2.49,2.82,3.0,0.14999999999999947,0.0799,0.0624,1.123
2018-04-27,2.49,2.8,2.96,0.14999999999999947,0.0802,0.0626,1.115
2018-04-30,2.49,2.79,2.95,0.13999999999999968,0.0804,0.0627,0.951
2018-05-01,2.5,2.82,2.97,0.16999999999999948,0.0809,0.0629,1.417
2018-05-02,2.49,2.8,2.97,0.13999999999999924,0.0812,0.063,0.933
2018-05-03,2.49,2.78,2.94,0.12999999999999945,0.0815,0.0631,0.769
2018-05-04,2.51,2.78,2.95,0.09999999999999964,0.0815,0.0631,0.293
2018-05-07,2.49,2.78,2.95,0.11999999999999922,0.0817,0.0631,0.607
2018-05-08,2.51,2.81,2.97,0.14000000000000012,0.0818,0.0632,0.921
2018-05-09,2.54,2.84,3.0,0.13999999999999968,0.082,0.0633,0.916
2018-05-10,2.54,2.83,2.97,0.1499999999999999,0.0822,0.0635,1.068
2018-05-11,2.54,2.84,2.97,0.16999999999999948,0.0824,0.0636,1.377
2018-05-14,2.55,2.85,3.0,0.15000000000000036,0.0825,0.0637,1.06
2018-05-15,2.58,2.92,3.08,0.17999999999999972,0.0829,0.064,1.517
2018-05-16,2.58,2.94,3.09,0.20999999999999996,0.0835,0.0645,1.961
2018-05-17,2.57,2.94,3.11,0.20000000000000018,0.0839,0.0649,1.789
2018-05-18,2.55,2.9,3.06,0.18999999999999995,0.0845,0.0652,1.618
2018-05-21,2.58,2.9,3.06,0.1599999999999997,0.0849,0.0654,1.148
2018-05-22,2.59,2.9,3.06,0.1499999999999999,0.0852,0.0655,0.989
2018-05-23,2.53,2.83,3.01,0.12000000000000055,0.0854,0.0655,0.528
2018-05-24,2.5,2.82,2.98,0.1599999999999997,0.0858,0.0657,1.129
2018-05-25,2.48,2.76,2.93,0.10999999999999943,0.0861,0.0656,0.364
2018-05-29,2.32,2.58,2.77,0.07000000000000028,0.0863,0.0654,-0.249
2018-05-30,2.42,2.67,2.84,0.08000000000000007,0.0865,0.0653,-0.1
2018-05-31,2.4,2.68,2.83,0.13000000000000034,0.0869,0.0653,0.66
2018-06-01,2.47,2.74,2.89,0.1200000000000001,0.0873,0.0652,0.502
2018-06-04,2.52,2.78,2.94,0.09999999999999964,0.0876,0.0651,0.19
2018-06-05,2.49,2.76,2.92,0.10999999999999943,0.0881,0.0648,0.338
2018-06-06,2.52,2.81,2.97,0.1299999999999999,0.0887,0.0645,0.64
2018-06-07,2.5,2.77,2.93,0.10999999999999988,0.0892,0.0641,0.324
2018-06-08,2.5,2.77,2.93,0.10999999999999988,0.0897,0.0638,0.318
2018-06-11,2.52,2.8,2.96,0.11999999999999966,0.0903,0.0634,0.468
2018-06-12,2.54,2.81,2.96,0.1200000000000001,0.0908,0.063,0.463
2018-06-13,2.59,2.85,2.98,0.13000000000000034,0.0913,0.0628,0.616
2018-06-14,2.59,2.81,2.94,0.0900000000000003,0.0917,0.0625,-0.027
2018-06-15,2.55,2.81,2.93,0.14000000000000012,0.0924,0.0622,0.765
2018-06-18,2.56,2.8,2.92,0.11999999999999966,0.0928,0.062,0.439
2018-06-19,2.54,2.77,2.89,0.10999999999999988,0.0932,0.0618,0.272
2018-06-20,2.56,2.8,2.93,0.10999999999999943,0.0934,0.0618,0.269
2018-06-21,2.56,2.77,2.9,0.08000000000000007,0.0937,0.0616,-0.222
2018-06-22,2.56,2.77,2.9,0.08000000000000007,0.0938,0.0615,-0.224
2018-06-25,2.54,2.75,2.87,0.08999999999999986,0.094,0.0614,-0.065
2018-06-26,2.53,2.75,2.88,0.0900000000000003,0.0942,0.0613,-0.069
2018-06-27,2.52,2.71,2.83,0.06999999999999984,0.0943,0.0612,-0.397
2018-06-28,2.52,2.73,2.84,0.10000000000000009,0.0944,0.0612,0.092
2018-06-29,2.52,2.73,2.85,0.08999999999999986,0.0946,0.0612,-0.075
2018-07-02,2.57,2.75,2.87,0.06000000000000005,0.0946,0.0612,-0.565
2018-07-03,2.53,2.72,2.83,0.08000000000000052,0.0946,0.0612,-0.239
2018-07-05,2.55,2.74,2.84,0.09000000000000075,0.0945,0.0612,-0.074
2018-07-06,2.53,2.71,2.82,0.07000000000000028,0.0944,0.0612,-0.399
2018-07-09,2.57,2.75,2.86,0.07000000000000028,0.0942,0.0612,-0.395
2018-07-10,2.59,2.77,2.87,0.08000000000000007,0.0941,0.0612,-0.23
2018-07-11,2.58,2.74,2.85,0.050000000000000266,0.094,0.0613,-0.718
2018-07-12,2.6,2.75,2.85,0.04999999999999982,0.0938,0.0613,-0.715
2018-07-13,2.59,2.73,2.83,0.040000000000000036,0.0937,0.0614,-0.875
2018-07-16,2.59,2.75,2.85,0.06000000000000005,0.0937,0.0614,-0.549
2018-07-17,2.62,2.76,2.86,0.03999999999999959,0.0936,0.0615,-0.872
2018-07-18,2.6,2.77,2.88,0.06000000000000005,0.0936,0.0614,-0.547
2018-07-19,2.6,2.74,2.84,0.04000000000000048,0.0937,0.0613,-0.876
2018-07-20,2.6,2.77,2.89,0.04999999999999982,0.0938,0.0612,-0.716
2018-07-23,2.64,2.83,2.96,0.06000000000000005,0.0941,0.0609,-0.56
2018-07-24,2.63,2.83,2.95,0.08000000000000007,0.0943,0.0608,-0.235
2018-07-25,2.66,2.82,2.94,0.03999999999999959,0.0944,0.0607,-0.896
2018-07-26,2.69,2.86,2.98,0.04999999999999982,0.0943,0.0608,-0.729
2018-07-27,2.67,2.84,2.96,0.04999999999999982,0.0944,0.0606,-0.733
2018-07-30,2.66,2.85,2.98,0.06000000000000005,0.0947,0.0603,-0.575
2018-07-31,2.67,2.85,2.96,0.07000000000000028,0.0949,0.0602,-0.414
2018-08-01,2.67,2.87,3.0,0.07000000000000028,0.095,0.0601,-0.416
2018-08-02,2.66,2.85,2.98,0.06000000000000005,0.0952,0.0598,-0.589
2018-08-03,2.63,2.82,2.95,0.05999999999999961,0.0954,0.0596,-0.594
2018-08-06,2.64,2.8,2.94,0.019999999999999574,0.0955,0.0595,-1.269
2018-08-07,2.68,2.84,2.98,0.019999999999999574,0.0956,0.0595,-1.271
2018-08-08,2.68,2.83,2.96,0.020000000000000018,0.0956,0.0594,-1.273
2018-08-09,2.64,2.8,2.93,0.02999999999999936,0.0956,0.0594,-1.104
2018-08-10,2.61,2.75,2.87,0.020000000000000018,0.0955,0.0595,-1.269
2018-08-13,2.61,2.75,2.88,0.010000000000000231,0.0954,0.0596,-1.433
2018-08-14,2.63,2.77,2.89,0.020000000000000018,0.0956,0.0594,-1.273
2018-08-15,2.61,2.73,2.86,-0.009999999999999787,0.0956,0.0594,-1.778
2018-08-16,2.63,2.75,2.87,0.0,0.0954,0.0596,-1.601
2018-08-17,2.61,2.75,2.87,0.020000000000000018,0.0954,0.0596,-1.265
2018-08-20,2.6,2.7,2.82,-0.019999999999999574,0.0953,0.0598,-1.928
2018-08-21,2.61,2.73,2.85,0.0,0.0952,0.0599,-1.589
2018-08-22,2.6,2.7,2.82,-0.019999999999999574,0.095,0.0602,-1.91
2018-08-23,2.61,2.72,2.82,0.010000000000000675,0.0949,0.0603,-1.408
2018-08-24,2.63,2.72,2.82,-0.009999999999999343,0.0947,0.0606,-1.728
2018-08-27,2.67,2.74,2.85,-0.03999999999999959,0.0944,0.0611,-2.2
2018-08-28,2.67,2.77,2.88,-0.009999999999999787,0.0943,0.0612,-1.704
2018-08-29,2.67,2.78,2.89,-4.440892098500626e-16,0.0943,0.0612,-1.541
2018-08-30,2.64,2.75,2.86,0.0,0.0946,0.0607,-1.558
2018-08-31,2.62,2.74,2.86,4.440892098500626e-16,0.0947,0.0604,-1.568
2018-09-04,2.66,2.78,2.9,-4.440892098500626e-16,0.0949,0.06,-1.582
2018-09-05,2.66,2.77,2.9,-0.020000000000000018,0.095,0.0597,-1.926
2018-09-06,2.64,2.76,2.88,-4.440892098500626e-16,0.0953,0.0591,-1.613
2018-09-07,2.71,2.82,2.94,-0.010000000000000231,0.0954,0.059,-1.786
2018-09-10,2.73,2.83,2.94,-0.009999999999999787,0.0956,0.0586,-1.802
2018-09-11,2.76,2.87,2.98,4.440892098500626e-16,0.0958,0.0582,-1.646
2018-09-12,2.74,2.87,2.97,0.029999999999999805,0.096,0.0577,-1.144
2018-09-13,2.76,2.87,2.97,0.010000000000000231,0.0961,0.0576,-1.495
2018-09-14,2.78,2.9,2.99,0.029999999999999805,0.0962,0.0575,-1.151
2018-09-17,2.78,2.89,2.99,0.010000000000000231,0.0962,0.0575,-1.499
2018-09-18,2.81,2.94,3.05,0.020000000000000018,0.0961,0.0576,-1.321
2018-09-19,2.81,2.96,3.08,0.029999999999999805,0.0961,0.0576,-1.148
2018-09-20,2.81,2.96,3.07,0.040000000000000036,0.0961,0.0576,-0.974
2018-09-21,2.81,2.95,3.07,0.020000000000000462,0.096,0.0577,-1.317
2018-09-24,2.83,2.96,3.08,0.009999999999999787,0.0958,0.0579,-1.482
2018-09-25,2.83,2.99,3.1,0.050000000000000266,0.0958,0.0579,-0.791
2018-09-26,2.83,2.96,3.06,0.029999999999999805,0.0958,0.0579,-1.136
2018-09-27,2.83,2.96,3.06,0.029999999999999805,0.0957,0.058,-1.133
2018-09-28,2.81,2.94,3.05,0.020000000000000018,0.0956,0.0581,-1.301
2018-10-01,2.82,2.96,3.09,0.010000000000000231,0.0956,0.0581,-1.473
2018-10-02,2.82,2.94,3.05,0.010000000000000231,0.0955,0.0583,-1.467
2018-10-03,2.85,3.02,3.15,0.040000000000000036,0.0954,0.0583,-0.95
2018-10-04,2.87,3.05,3.19,0.03999999999999959,0.0954,0.0583,-0.95
2018-10-05,2.88,3.07,3.23,0.029999999999999805,0.0954,0.0584,-1.12
2018-10-09,2.88,3.05,3.21,0.009999999999999787,0.0953,0.0585,-1.458
2018-10-10,2.88,3.05,3.22,-4.440892098500626e-16,0.0952,0.0587,-1.622
2018-10-11,2.85,3.0,3.14,0.009999999999999787,0.095,0.0588,-1.446
2018-10-12,2.85,3.0,3.15,0.0,0.0949,0.059,-1.608
2018-10-15,2.85,3.01,3.16,0.009999999999999343,0.0947,0.0592,-1.431
2018-10-16,2.87,3.02,3.16,0.009999999999999787,0.0946,0.0593,-1.427
2018-10-17,2.89,3.04,3.19,0.0,0.0944,0.0596,-1.584
2018-10-18,2.87,3.03,3.17,0.019999999999999574,0.094,0.0598,-1.237
2018-10-19,2.92,3.05,3.2,-0.020000000000000462,0.0938,0.0601,-1.894
2018-10-22,2.92,3.05,3.2,-0.020000000000000462,0.0935,0.0605,-1.876
2018-10-23,2.89,3.01,3.17,-0.04000000000000048,0.0931,0.0611,-2.178
2018-10-24,2.84,2.94,3.1,-0.06000000000000005,0.0926,0.0618,-2.469
2018-10-25,2.86,2.98,3.14,-0.040000000000000036,0.0921,0.0623,-2.12
2018-10-26,2.81,2.91,3.08,-0.06999999999999984,0.0915,0.0631,-2.559
2018-10-29,2.81,2.91,3.08,-0.06999999999999984,0.0911,0.0639,-2.521
2018-10-30,2.84,2.94,3.12,-0.08000000000000007,0.0906,0.0648,-2.633
2018-10-31,2.87,2.98,3.15,-0.06000000000000005,0.0901,0.0654,-2.295
2018-11-01,2.84,2.96,3.14,-0.06000000000000005,0.0897,0.066,-2.268
2018-11-02,2.91,3.04,3.22,-0.050000000000000266,0.0894,0.0665,-2.096
2018-11-05,2.91,3.03,3.2,-0.05000000000000071,0.089,0.067,-2.075
2018-11-06,2.93,3.05,3.22,-0.05000000000000071,0.0888,0.0674,-2.059
2018-11-07,2.96,3.07,3.22,-0.04000000000000048,0.0884,0.0679,-1.891
2018-11-08,2.98,3.09,3.24,-0.04000000000000048,0.0881,0.0682,-1.878
2018-11-09,2.94,3.05,3.19,-0.03000000000000025,0.0878,0.0686,-1.717
2018-11-13,2.89,2.99,3.14,-0.04999999999999982,0.0874,0.0691,-1.988
2018-11-14,2.86,2.95,3.12,-0.07999999999999963,0.0869,0.0699,-2.388
2018-11-15,2.86,2.94,3.11,-0.08999999999999986,0.0863,0.0708,-2.49
2018-11-16,2.81,2.9,3.08,-0.0900000000000003,0.0857,0.0716,-2.454
2018-11-19,2.79,2.87,3.06,-0.10999999999999988,0.085,0.0726,-2.686
2018-11-20,2.79,2.88,3.06,-0.0900000000000003,0.0844,0.0734,-2.376
2018-11-21,2.81,2.89,3.06,-0.08999999999999986,0.0839,0.0742,-2.344
2018-11-23,2.81,2.88,3.05,-0.10000000000000009,0.0833,0.0751,-2.441
2018-11-26,2.84,2.9,3.07,-0.10999999999999988,0.0825,0.076,-2.533
2018-11-27,2.83,2.89,3.06,-0.10999999999999988,0.0819,0.077,-2.492
2018-11-28,2.81,2.87,3.06,-0.1299999999999999,0.0812,0.0781,-2.704
2018-11-29,2.81,2.85,3.03,-0.13999999999999968,0.0804,0.0793,-2.779
2018-11-30,2.8,2.84,3.01,-0.1299999999999999,0.0797,0.0804,-2.608
2018-12-03,2.83,2.83,2.98,-0.1499999999999999,0.079,0.0816,-2.806
2018-12-04,2.8,2.79,2.91,-0.1299999999999999,0.0782,0.0827,-2.518
2018-12-06,2.75,2.75,2.87,-0.1200000000000001,0.0773,0.0836,-2.36
2018-12-07,2.72,2.7,2.85,-0.16999999999999993,0.0761,0.085,-2.895
2018-12-10,2.72,2.71,2.85,-0.15000000000000036,0.075,0.0861,-2.613
2018-12-11,2.78,2.75,2.89,-0.16999999999999993,0.0739,0.0875,-2.787
2018-12-12,2.77,2.77,2.91,-0.14000000000000012,0.0729,0.0885,-2.406
2018-12-13,2.75,2.75,2.91,-0.16000000000000014,0.0719,0.0896,-2.588
2018-12-14,2.73,2.73,2.89,-0.16000000000000014,0.0708,0.0908,-2.542
2018-12-17,2.7,2.69,2.86,-0.18000000000000016,0.0696,0.0921,-2.71
2018-12-18,2.65,2.65,2.82,-0.16999999999999993,0.0686,0.0933,-2.557
2018-12-19,2.63,2.62,2.77,-0.1599999999999997,0.0675,0.0944,-2.41
2018-12-20,2.67,2.65,2.79,-0.16000000000000014,0.0663,0.0954,-2.372
2018-12-21,2.63,2.64,2.79,-0.13999999999999968,0.0654,0.0962,-2.135
2018-12-24,2.55,2.58,2.74,-0.1299999999999999,0.0643,0.0969,-2.005
2018-12-26,2.61,2.67,2.81,-0.08000000000000007,0.0635,0.0973,-1.475
2018-12-27,2.56,2.6,2.77,-0.1299999999999999,0.0624,0.0979,-1.965
2018-12-28,2.52,2.56,2.72,-0.1200000000000001,0.0614,0.0984,-1.843
2018-12-31,2.48,2.51,2.69,-0.15000000000000036,0.0604,0.0993,-2.119
2019-01-02,2.5,2.49,2.66,-0.17999999999999972,0.0592,0.1003,-2.385
2019-01-03,2.39,2.37,2.56,-0.20999999999999996,0.0579,0.1017,-2.634
2019-01-04,2.5,2.49,2.67,-0.1899999999999995,0.0567,0.1028,-2.4
2019-01-07,2.53,2.53,2.7,-0.17000000000000037,0.0555,0.1037,-2.175
2019-01-08,2.58,2.58,2.73,-0.1499999999999999,0.0544,0.1045,-1.956
2019-01-09,2.56,2.57,2.74,-0.1600000000000006,0.0533,0.1052,-2.028
2019-01-10,2.56,2.56,2.74,-0.18000000000000016,0.052,0.1061,-2.187
2019-01-11,2.55,2.52,2.71,-0.21999999999999975,0.0506,0.1073,-2.522
2019-01-14,2.53,2.53,2.71,-0.18000000000000016,0.0494,0.1082,-2.12
2019-01-15,2.53,2.53,2.72,-0.1900000000000004,0.0482,0.1092,-2.181
2019-01-16,2.55,2.54,2.73,-0.19999999999999973,0.0469,0.1102,-2.24
2019-01-17,2.56,2.58,2.75,-0.1499999999999999,0.0457,0.1107,-1.768
2019-01-18,2.62,2.62,2.79,-0.16999999999999993,0.0444,0.1113,-1.926
2019-01-22,2.58,2.57,2.74,-0.1800000000000006,0.0431,0.1119,-1.994
2019-01-23,2.58,2.59,2.76,-0.16000000000000014,0.0417,0.1123,-1.796
2019-01-24,2.56,2.55,2.72,-0.1800000000000006,0.0402,0.1127,-1.954
2019-01-25,2.6,2.59,2.76,-0.18000000000000016,0.0388,0.1132,-1.933
2019-01-28,2.6,2.58,2.75,-0.18999999999999995,0.0373,0.1138,-1.997
2019-01-29,2.56,2.55,2.72,-0.1800000000000006,0.0361,0.1145,-1.887
2019-01-30,2.52,2.49,2.7,-0.23999999999999977,0.0347,0.1157,-2.374
2019-01-31,2.45,2.43,2.63,-0.21999999999999975,0.0333,0.1166,-2.172
2019-02-01,2.52,2.51,2.7,-0.20000000000000062,0.0318,0.1172,-1.978
2019-02-04,2.53,2.53,2.73,-0.20000000000000018,0.0304,0.1178,-1.956
2019-02-05,2.53,2.51,2.71,-0.2200000000000002,0.0288,0.1185,-2.1
2019-02-06,2.52,2.5,2.7,-0.2200000000000002,0.0272,0.1191,-2.076
2019-02-07,2.48,2.46,2.65,-0.20999999999999996,0.0257,0.1197,-1.969
2019-02-08,2.45,2.44,2.63,-0.20000000000000018,0.0243,0.1203,-1.865
2019-02-11,2.48,2.47,2.65,-0.1899999999999995,0.0229,0.1208,-1.762
2019-02-12,2.5,2.49,2.68,-0.19999999999999973,0.0215,0.1213,-1.826
2019-02-13,2.53,2.53,2.71,-0.18000000000000016,0.0202,0.1217,-1.645
2019-02-14,2.5,2.48,2.66,-0.20000000000000018,0.0188,0.1221,-1.792
2019-02-15,2.52,2.49,2.66,-0.19999999999999973,0.0173,0.1225,-1.774
2019-02-19,2.5,2.47,2.65,-0.20999999999999952,0.0159,0.1231,-1.835
2019-02-20,2.5,2.47,2.65,-0.20999999999999952,0.0142,0.1232,-1.82
2019-02-21,2.53,2.51,2.69,-0.20000000000000018,0.0125,0.1233,-1.723
2019-02-22,2.48,2.47,2.65,-0.1899999999999995,0.0111,0.1235,-1.628
2019-02-25,2.51,2.48,2.67,-0.21999999999999975,0.0095,0.124,-1.851
2019-02-26,2.48,2.45,2.64,-0.21999999999999975,0.0079,0.1243,-1.833
2019-02-27,2.5,2.49,2.69,-0.20999999999999952,0.0065,0.1248,-1.735
2019-02-28,2.52,2.52,2.73,-0.20999999999999996,0.0052,0.1253,-1.717
2019-03-01,2.55,2.56,2.76,-0.1899999999999995,0.004,0.1257,-1.543
2019-03-04,2.55,2.53,2.72,-0.2100000000000004,0.0025,0.126,-1.687
2019-03-05,2.55,2.53,2.72,-0.2100000000000004,0.001,0.1262,-1.672
2019-03-06,2.52,2.49,2.69,-0.22999999999999954,-0.0005,0.1268,-1.81
2019-03-07,2.47,2.44,2.64,-0.23000000000000043,-0.002,0.1272,-1.792
2019-03-08,2.45,2.42,2.62,-0.23000000000000043,-0.0036,0.1275,-1.776
2019-03-11,2.47,2.44,2.64,-0.23000000000000043,-0.0052,0.1278,-1.759
2019-03-12,2.45,2.41,2.61,-0.23999999999999977,-0.0068,0.1283,-1.818
2019-03-13,2.45,2.42,2.61,-0.2200000000000002,-0.0083,0.1286,-1.646
2019-03-14,2.46,2.43,2.63,-0.22999999999999954,-0.0097,0.129,-1.708
2019-03-15,2.43,2.4,2.59,-0.2200000000000002,-0.0111,0.1294,-1.614
2019-03-18,2.45,2.42,2.6,-0.2100000000000004,-0.0125,0.1296,-1.524
2019-03-19,2.46,2.42,2.61,-0.22999999999999998,-0.014,0.1299,-1.663
2019-03-20,2.4,2.34,2.54,-0.26000000000000023,-0.0156,0.1305,-1.873
2019-03-21,2.41,2.34,2.54,-0.27000000000000046,-0.0172,0.1311,-1.928
2019-03-22,2.31,2.24,2.44,-0.2699999999999996,-0.0188,0.1317,-1.907
2019-03-25,2.26,2.21,2.43,-0.27,-0.0205,0.1322,-1.887
2019-03-26,2.24,2.18,2.41,-0.29000000000000004,-0.0223,0.1327,-2.017
2019-03-27,2.22,2.18,2.39,-0.25,-0.0239,0.1331,-1.699
2019-03-28,2.23,2.2,2.39,-0.21999999999999975,-0.0252,0.1333,-1.461
2019-03-29,2.27,2.23,2.41,-0.2200000000000002,-0.0265,0.1337,-1.447
2019-04-01,2.33,2.31,2.49,-0.20000000000000018,-0.0278,0.1338,-1.287
2019-04-02,2.3,2.28,2.48,-0.2200000000000002,-0.0292,0.134,-1.424
2019-04-03,2.33,2.32,2.52,-0.2100000000000004,-0.0304,0.1341,-1.339
2019-04-04,2.33,2.32,2.51,-0.20000000000000018,-0.0317,0.1342,-1.254
2019-04-05,2.35,2.31,2.5,-0.22999999999999998,-0.0331,0.1344,-1.465
2019-04-08,2.36,2.33,2.52,-0.21999999999999975,-0.0346,0.1344,-1.379
2019-04-09,2.35,2.31,2.51,-0.23999999999999977,-0.0362,0.1345,-1.515
2019-04-10,2.31,2.28,2.48,-0.23000000000000043,-0.0375,0.1347,-1.429
2019-04-11,2.35,2.31,2.51,-0.23999999999999977,-0.039,0.1349,-1.49
2019-04-12,2.4,2.38,2.56,-0.20000000000000018,-0.0403,0.1349,-1.184
2019-04-15,2.4,2.37,2.55,-0.20999999999999952,-0.0416,0.1349,-1.248
2019-04-16,2.41,2.41,2.6,-0.18999999999999995,-0.0431,0.1346,-1.091
2019-04-17,2.4,2.4,2.59,-0.18999999999999995,-0.0444,0.1343,-1.084
2019-04-18,2.38,2.38,2.57,-0.18999999999999995,-0.0458,0.134,-1.076
2019-04-22,2.38,2.39,2.59,-0.1899999999999995,-0.0471,0.1339,-1.067
2019-04-23,2.36,2.36,2.57,-0.20999999999999996,-0.0486,0.1335,-1.209
2019-04-24,2.32,2.32,2.53,-0.20999999999999996,-0.0501,0.1331,-1.201
2019-04-25,2.33,2.33,2.54,-0.20999999999999996,-0.0517,0.1327,-1.193
2019-04-26,2.28,2.29,2.51,-0.20999999999999952,-0.0533,0.1322,-1.185
2019-04-29,2.3,2.32,2.54,-0.20000000000000018,-0.0548,0.1317,-1.103
2019-04-30,2.27,2.28,2.51,-0.2200000000000002,-0.0563,0.1314,-1.246
2019-05-01,2.31,2.31,2.52,-0.20999999999999996,-0.0577,0.1311,-1.162
2019-05-02,2.35,2.34,2.55,-0.2200000000000002,-0.0592,0.1308,-1.229
2019-05-03,2.33,2.33,2.54,-0.20999999999999996,-0.0606,0.1306,-1.144
2019-05-06,2.31,2.3,2.51,-0.2200000000000002,-0.0621,0.1302,-1.213
2019-05-07,2.28,2.25,2.45,-0.22999999999999998,-0.0636,0.1299,-1.281
2019-05-08,2.3,2.28,2.49,-0.23000000000000043,-0.065,0.1298,-1.271
2019-05-09,2.26,2.25,2.45,-0.20999999999999996,-0.0662,0.1297,-1.109
2019-05-10,2.26,2.26,2.47,-0.2100000000000004,-0.0675,0.1295,-1.1
2019-05-13,2.18,2.18,2.4,-0.21999999999999975,-0.069,0.1292,-1.169
2019-05-14,2.2,2.2,2.42,-0.21999999999999975,-0.0704,0.1288,-1.161
2019-05-15,2.16,2.15,2.37,-0.23000000000000043,-0.0719,0.1285,-1.23
2019-05-16,2.2,2.18,2.4,-0.23999999999999977,-0.0735,0.128,-1.301
2019-05-17,2.2,2.17,2.39,-0.25000000000000044,-0.0751,0.1277,-1.37
2019-05-20,2.21,2.21,2.41,-0.20000000000000018,-0.0766,0.1269,-0.972
2019-05-21,2.26,2.23,2.43,-0.22999999999999998,-0.0784,0.126,-1.203
2019-05-22,2.23,2.19,2.39,-0.2400000000000002,-0.0801,0.1251,-1.278
2019-05-23,2.12,2.11,2.31,-0.2100000000000004,-0.0817,0.1242,-1.033
2019-05-24,2.16,2.12,2.32,-0.23999999999999977,-0.0833,0.1237,-1.267
2019-05-28,2.12,2.06,2.26,-0.2599999999999998,-0.0849,0.1233,-1.42
2019-05-29,2.09,2.05,2.25,-0.2400000000000002,-0.0863,0.123,-1.25
2019-05-30,2.06,2.03,2.22,-0.22000000000000064,-0.0879,0.1223,-1.08
2019-05-31,1.95,1.93,2.14,-0.2300000000000002,-0.0892,0.122,-1.154
2019-06-03,1.82,1.83,2.07,-0.22999999999999976,-0.0904,0.1219,-1.145
2019-06-04,1.88,1.89,2.12,-0.2200000000000002,-0.0916,0.1217,-1.055
2019-06-05,1.83,1.86,2.12,-0.22999999999999998,-0.093,0.1212,-1.13
2019-06-06,1.88,1.88,2.12,-0.2400000000000002,-0.0944,0.1208,-1.205
2019-06-07,1.85,1.85,2.09,-0.23999999999999977,-0.0958,0.1205,-1.197
2019-06-10,1.9,1.91,2.15,-0.22999999999999998,-0.0971,0.1201,-1.107
2019-06-11,1.93,1.92,2.15,-0.24,-0.0986,0.1195,-1.183
2019-06-12,1.88,1.88,2.13,-0.25,-0.1,0.1192,-1.258
2019-06-13,1.83,1.84,2.1,-0.25,-0.1015,0.1188,-1.25
2019-06-14,1.84,1.85,2.09,-0.22999999999999976,-0.1029,0.1183,-1.074
2019-06-17,1.86,1.85,2.09,-0.24999999999999978,-0.1043,0.1178,-1.237
2019-06-18,1.86,1.83,2.06,-0.26,-0.1059,0.1173,-1.314
2019-06-19,1.74,1.77,2.03,-0.22999999999999976,-0.1071,0.1169,-1.051
2019-06-20,1.72,1.74,2.01,-0.24999999999999978,-0.1087,0.1162,-1.216
2019-06-21,1.77,1.8,2.07,-0.23999999999999977,-0.1101,0.1155,-1.125
2019-06-24,1.72,1.75,2.02,-0.24,-0.1115,0.115,-1.117
2019-06-25,1.71,1.73,2.0,-0.25,-0.1129,0.1145,-1.197
2019-06-26,1.77,1.8,2.05,-0.21999999999999975,-0.1141,0.114,-0.929
2019-06-27,1.74,1.76,2.01,-0.22999999999999976,-0.1154,0.1136,-1.009
2019-06-28,1.75,1.76,2.0,-0.22999999999999998,-0.1166,0.1131,-1.003
2019-07-01,1.78,1.79,2.03,-0.22999999999999976,-0.1179,0.1125,-0.996
2019-07-02,1.77,1.75,1.98,-0.25,-0.1192,0.1122,-1.166
2019-07-03,1.77,1.74,1.96,-0.25,-0.1206,0.1116,-1.159
2019-07-05,1.87,1.84,2.04,-0.22999999999999998,-0.1218,0.1111,-0.974
2019-07-08,1.88,1.86,2.05,-0.20999999999999952,-0.1229,0.1106,-0.788
2019-07-09,1.92,1.88,2.07,-0.22999999999999998,-0.1241,0.1101,-0.962
2019-07-10,1.82,1.82,2.07,-0.24999999999999978,-0.1255,0.1095,-1.137
2019-07-11,1.85,1.88,2.13,-0.2200000000000002,-0.1266,0.109,-0.857
2019-07-12,1.84,1.86,2.12,-0.24,-0.1279,0.1085,-1.033
2019-07-15,1.83,1.84,2.09,-0.23999999999999977,-0.1291,0.1079,-1.028
2019-07-16,1.87,1.88,2.13,-0.2400000000000002,-0.1303,0.1075,-1.02
2019-07-17,1.83,1.83,2.06,-0.22999999999999998,-0.1314,0.1071,-0.921
2019-07-18,1.77,1.78,2.04,-0.25,-0.1325,0.1068,-1.1
2019-07-19,1.8,1.8,2.05,-0.24999999999999978,-0.1338,0.1064,-1.092
2019-07-22,1.8,1.8,2.05,-0.24999999999999978,-0.1349,0.1061,-1.085
2019-07-23,1.83,1.83,2.08,-0.25,-0.1362,0.1056,-1.078
2019-07-24,1.83,1.82,2.05,-0.23999999999999977,-0.1373,0.1052,-0.976
2019-07-25,1.86,1.85,2.08,-0.24,-0.1384,0.1047,-0.97
2019-07-26,1.86,1.85,2.08,-0.24,-0.1396,0.1042,-0.964
2019-07-29,1.85,1.84,2.06,-0.22999999999999998,-0.1408,0.1034,-0.863
2019-07-30,1.85,1.84,2.06,-0.22999999999999998,-0.1419,0.1029,-0.856
2019-07-31,1.89,1.84,2.02,-0.22999999999999976,-0.143,0.1023,-0.85
2019-08-01,1.73,1.68,1.9,-0.27,-0.1443,0.1019,-1.234
2019-08-02,1.72,1.66,1.86,-0.26000000000000023,-0.1456,0.1013,-1.129
2019-08-05,1.59,1.55,1.75,-0.24,-0.1468,0.1006,-0.926
2019-08-06,1.6,1.53,1.73,-0.27,-0.1481,0.1,-1.219
2019-08-07,1.59,1.52,1.71,-0.26,-0.1494,0.0993,-1.114
2019-08-08,1.62,1.54,1.72,-0.26,-0.1507,0.0987,-1.107
2019-08-09,1.63,1.57,1.74,-0.22999999999999976,-0.1517,0.0982,-0.797
2019-08-12,1.58,1.49,1.65,-0.25,-0.1527,0.0978,-0.995
2019-08-13,1.66,1.57,1.68,-0.19999999999999973,-0.1536,0.0972,-0.477
2019-08-14,1.58,1.51,1.59,-0.15000000000000013,-0.1543,0.0966,0.045
2019-08-15,1.48,1.42,1.52,-0.16000000000000014,-0.155,0.0959,-0.052
2019-08-16,1.48,1.42,1.55,-0.19000000000000017,-0.1558,0.0954,-0.358
2019-08-19,1.53,1.47,1.6,-0.19000000000000017,-0.1567,0.0948,-0.351
2019-08-20,1.5,1.42,1.55,-0.2100000000000002,-0.1575,0.0944,-0.556
2019-08-21,1.56,1.47,1.59,-0.2100000000000002,-0.1583,0.0939,-0.551
2019-08-22,1.61,1.5,1.62,-0.2300000000000002,-0.1593,0.0933,-0.758
2019-08-23,1.51,1.4,1.52,-0.2300000000000002,-0.1601,0.093,-0.752
2019-08-26,1.54,1.43,1.54,-0.2200000000000002,-0.161,0.0925,-0.638
2019-08-27,1.53,1.4,1.49,-0.2200000000000002,-0.1618,0.0922,-0.631
2019-08-28,1.5,1.37,1.47,-0.22999999999999976,-0.1627,0.0916,-0.735
2019-08-29,1.53,1.4,1.5,-0.2300000000000002,-0.1636,0.0912,-0.728
2019-08-30,1.5,1.39,1.5,-0.2200000000000002,-0.1643,0.0909,-0.613
2019-09-03,1.47,1.35,1.47,-0.23999999999999977,-0.1652,0.0905,-0.827
2019-09-04,1.43,1.32,1.47,-0.2599999999999998,-0.1663,0.0901,-1.04
2019-09-05,1.55,1.43,1.57,-0.26000000000000023,-0.1673,0.0897,-1.033
2019-09-06,1.53,1.42,1.55,-0.2400000000000002,-0.1683,0.0892,-0.804
2019-09-09,1.58,1.49,1.63,-0.22999999999999998,-0.1692,0.0886,-0.686
2019-09-10,1.67,1.58,1.72,-0.22999999999999976,-0.17,0.0882,-0.68
2019-09-11,1.68,1.6,1.75,-0.22999999999999976,-0.1709,0.0876,-0.675
2019-09-12,1.72,1.65,1.79,-0.2100000000000002,-0.1717,0.0871,-0.44
2019-09-13,1.79,1.75,1.9,-0.18999999999999995,-0.1724,0.0865,-0.203
2019-09-16,1.74,1.69,1.84,-0.20000000000000018,-0.1732,0.0858,-0.312
2019-09-17,1.72,1.66,1.81,-0.2100000000000002,-0.1742,0.0849,-0.422
2019-09-18,1.77,1.68,1.8,-0.2100000000000002,-0.175,0.0841,-0.416
2019-09-19,1.74,1.66,1.79,-0.2100000000000002,-0.176,0.0831,-0.409
2019-09-20,1.69,1.61,1.74,-0.20999999999999974,-0.1769,0.0823,-0.402
2019-09-23,1.68,1.59,1.72,-0.21999999999999975,-0.1778,0.0814,-0.518
2019-09-24,1.6,1.52,1.64,-0.19999999999999996,-0.1787,0.0804,-0.265
2019-09-25,1.68,1.6,1.73,-0.20999999999999974,-0.1797,0.0792,-0.383
2019-09-26,1.66,1.59,1.7,-0.17999999999999972,-0.1805,0.0782,0.006
2019-09-27,1.63,1.56,1.69,-0.19999999999999973,-0.1813,0.0772,-0.242
2019-09-30,1.63,1.55,1.68,-0.20999999999999974,-0.1824,0.0759,-0.364
2019-10-01,1.56,1.51,1.65,-0.18999999999999995,-0.1833,0.0747,-0.09
2019-10-02,1.48,1.43,1.6,-0.2200000000000002,-0.1842,0.0735,-0.487
2019-10-03,1.39,1.34,1.54,-0.24999999999999978,-0.1853,0.0724,-0.894
2019-10-04,1.4,1.34,1.52,-0.23999999999999977,-0.1863,0.0715,-0.751
2019-10-07,1.46,1.38,1.56,-0.26000000000000023,-0.1874,0.0705,-1.03
2019-10-08,1.42,1.36,1.54,-0.23999999999999977,-0.1885,0.0691,-0.745
2019-10-09,1.47,1.4,1.59,-0.26000000000000023,-0.1897,0.0677,-1.038
2019-10-10,1.53,1.48,1.67,-0.24,-0.1908,0.0664,-0.741
2019-10-11,1.63,1.59,1.76,-0.20999999999999974,-0.1916,0.0652,-0.282
2019-10-15,1.61,1.59,1.77,-0.19999999999999996,-0.1924,0.064,-0.119
2019-10-16,1.58,1.57,1.75,-0.18999999999999995,-0.1932,0.0627,0.051
2019-10-17,1.6,1.57,1.76,-0.21999999999999997,-0.1941,0.0615,-0.421
2019-10-18,1.58,1.56,1.76,-0.21999999999999997,-0.195,0.0602,-0.415
2019-10-21,1.62,1.61,1.8,-0.19999999999999996,-0.1958,0.0588,-0.071
2019-10-22,1.6,1.6,1.78,-0.17999999999999994,-0.1965,0.0575,0.287
2019-10-23,1.58,1.58,1.77,-0.18999999999999995,-0.1974,0.0558,0.133
2019-10-24,1.58,1.58,1.77,-0.18999999999999995,-0.1981,0.0547,0.148
2019-10-25,1.63,1.62,1.8,-0.18999999999999972,-0.1987,0.0535,0.163
2019-10-28,1.64,1.66,1.85,-0.17000000000000015,-0.1992,0.0526,0.555
2019-10-29,1.64,1.66,1.84,-0.16000000000000014,-0.1996,0.0519,0.763
2019-10-30,1.61,1.61,1.78,-0.16999999999999993,-0.2002,0.051,0.592
2019-10-31,1.52,1.51,1.69,-0.18999999999999995,-0.2006,0.0503,0.211
2019-11-01,1.56,1.55,1.73,-0.18999999999999995,-0.2011,0.0496,0.224
2019-11-04,1.6,1.6,1.79,-0.18999999999999995,-0.2015,0.049,0.235
2019-11-05,1.63,1.66,1.86,-0.17000000000000015,-0.202,0.0482,0.664
2019-11-06,1.61,1.63,1.81,-0.16000000000000036,-0.2024,0.0475,0.893
2019-11-07,1.68,1.74,1.92,-0.11999999999999988,-0.2027,0.0468,1.767
2019-11-08,1.68,1.74,1.94,-0.1399999999999999,-0.203,0.0459,1.373
2019-11-12,1.66,1.73,1.92,-0.11999999999999988,-0.2033,0.0452,1.843
2019-11-13,1.63,1.69,1.88,-0.1299999999999999,-0.2037,0.0443,1.664
2019-11-14,1.58,1.63,1.82,-0.14000000000000035,-0.204,0.0432,1.481
2019-11-15,1.61,1.65,1.84,-0.15000000000000036,-0.2045,0.042,1.298
2019-11-18,1.6,1.63,1.81,-0.15000000000000036,-0.2049,0.0409,1.342
2019-11-19,1.6,1.63,1.79,-0.13000000000000034,-0.2051,0.0405,1.854
2019-11-20,1.56,1.58,1.73,-0.1299999999999999,-0.2053,0.0401,1.878
2019-11-21,1.6,1.62,1.77,-0.1299999999999999,-0.2054,0.0397,1.899
2019-11-22,1.61,1.62,1.77,-0.1399999999999999,-0.2056,0.0395,1.661
2019-11-25,1.61,1.62,1.76,-0.1299999999999999,-0.2057,0.0391,1.936
2019-11-26,1.58,1.58,1.74,-0.15999999999999992,-0.206,0.0385,1.195
2019-11-27,1.63,1.63,1.77,-0.14000000000000012,-0.2062,0.0381,1.738
2019-11-29,1.61,1.62,1.78,-0.1499999999999999,-0.2063,0.0378,1.489
2019-12-02,1.61,1.65,1.83,-0.14000000000000035,-0.2064,0.0376,1.766
2019-12-03,1.53,1.54,1.72,-0.16999999999999993,-0.2066,0.0373,0.981
2019-12-04,1.58,1.6,1.77,-0.1499999999999999,-0.2066,0.0372,1.522
2019-12-05,1.58,1.62,1.8,-0.1399999999999999,-0.2067,0.0372,1.793
2019-12-06,1.61,1.67,1.84,-0.11000000000000032,-0.2065,0.0375,2.573
2019-12-09,1.63,1.67,1.83,-0.1200000000000001,-0.2065,0.0376,2.301
2019-12-10,1.65,1.68,1.85,-0.14000000000000012,-0.2065,0.0374,1.778
2019-12-11,1.61,1.64,1.79,-0.12000000000000033,-0.2063,0.0377,2.289
2019-12-12,1.66,1.73,1.9,-0.09999999999999987,-0.2062,0.0382,2.78
2019-12-13,1.61,1.66,1.82,-0.11000000000000032,-0.2059,0.0386,2.484
2019-12-16,1.65,1.72,1.89,-0.09999999999999987,-0.2058,0.0389,2.72
2019-12-17,1.63,1.71,1.89,-0.09999999999999987,-0.2055,0.0394,2.678
2019-12-18,1.63,1.74,1.92,-0.06999999999999984,-0.2052,0.0402,3.363
2019-12-19,1.62,1.73,1.92,-0.08000000000000007,-0.2048,0.0409,3.051
2019-12-20,1.63,1.73,1.92,-0.08999999999999986,-0.2044,0.0415,2.757
2019-12-23,1.64,1.75,1.93,-0.06999999999999984,-0.2041,0.0423,3.17
2019-12-24,1.62,1.72,1.9,-0.08000000000000007,-0.2038,0.0429,2.886
2019-12-26,1.64,1.72,1.9,-0.09999999999999987,-0.2036,0.0432,2.398
2019-12-27,1.59,1.68,1.88,-0.1100000000000001,-0.2035,0.0434,2.154
2019-12-30,1.58,1.68,1.9,-0.1200000000000001,-0.2037,0.043,1.947
2019-12-31,1.58,1.69,1.92,-0.1200000000000001,-0.2037,0.0431,1.942
2020-01-02,1.58,1.67,1.88,-0.1200000000000001,-0.2037,0.0431,1.942
2020-01-03,1.53,1.59,1.8,-0.1499999999999999,-0.2037,0.0431,1.246
2020-01-06,1.54,1.61,1.81,-0.1299999999999999,-0.2035,0.0433,1.697
2020-01-07,1.54,1.62,1.83,-0.1299999999999999,-0.2031,0.0435,1.68
2020-01-08,1.58,1.67,1.87,-0.11000000000000032,-0.2028,0.0439,2.114
2020-01-09,1.58,1.65,1.85,-0.13000000000000034,-0.2027,0.0441,1.649
2020-01-10,1.56,1.63,1.83,-0.13000000000000034,-0.2026,0.0442,1.643
2020-01-13,1.58,1.65,1.85,-0.13000000000000034,-0.2025,0.0444,1.633
2020-01-14,1.58,1.63,1.82,-0.14000000000000035,-0.2023,0.0445,1.4
2020-01-15,1.56,1.6,1.79,-0.1499999999999999,-0.202,0.0446,1.166
2020-01-16,1.58,1.63,1.81,-0.13000000000000034,-0.2018,0.0449,1.599
2020-01-17,1.58,1.63,1.84,-0.16000000000000036,-0.2017,0.0449,0.929
2020-01-21,1.53,1.57,1.78,-0.16999999999999993,-0.2016,0.045,0.702
2020-01-22,1.53,1.57,1.77,-0.15999999999999992,-0.2016,0.0449,0.927
2020-01-23,1.51,1.55,1.74,-0.1499999999999999,-0.2015,0.045,1.144
2020-01-24,1.49,1.51,1.7,-0.16999999999999993,-0.2015,0.045,0.7
2020-01-27,1.44,1.44,1.61,-0.17000000000000015,-0.2015,0.045,0.7
2020-01-28,1.45,1.47,1.65,-0.15999999999999992,-0.2015,0.045,0.922
2020-01-29,1.42,1.41,1.6,-0.20000000000000018,-0.2015,0.045,0.033
2020-01-30,1.41,1.39,1.57,-0.20000000000000018,-0.2016,0.045,0.036
2020-01-31,1.33,1.32,1.51,-0.19999999999999996,-0.2017,0.045,0.038
2020-02-03,1.36,1.35,1.54,-0.19999999999999996,-0.2015,0.0449,0.033
2020-02-04,1.41,1.42,1.61,-0.18000000000000016,-0.2013,0.0449,0.474
2020-02-05,1.44,1.46,1.66,-0.17999999999999994,-0.2013,0.045,0.473
2020-02-06,1.44,1.45,1.65,-0.18999999999999995,-0.2012,0.045,0.249
2020-02-07,1.41,1.41,1.59,-0.18000000000000016,-0.2011,0.045,0.469
2020-02-10,1.37,1.38,1.56,-0.17000000000000037,-0.2009,0.045,0.687
2020-02-11,1.41,1.4,1.59,-0.20000000000000018,-0.2008,0.045,0.018
2020-02-12,1.44,1.45,1.62,-0.16000000000000014,-0.2007,0.0451,0.902
2020-02-13,1.44,1.43,1.61,-0.19000000000000017,-0.2007,0.0451,0.237
2020-02-14,1.42,1.42,1.59,-0.17000000000000015,-0.2006,0.0451,0.678
2020-02-18,1.41,1.39,1.55,-0.18000000000000016,-0.2006,0.0451,0.457
2020-02-19,1.42,1.41,1.56,-0.16000000000000014,-0.2004,0.0452,0.894
2020-02-20,1.39,1.37,1.52,-0.1699999999999997,-0.2003,0.0452,0.67
2020-02-21,1.34,1.3,1.46,-0.19999999999999996,-0.2002,0.0452,0.004
2020-02-24,1.26,1.21,1.38,-0.21999999999999997,-0.2003,0.0452,-0.436
2020-02-25,1.2,1.16,1.33,-0.2100000000000002,-0.2003,0.0452,-0.215
2020-02-26,1.16,1.14,1.33,-0.2100000000000002,-0.2004,0.0452,-0.212
2020-02-27,1.11,1.11,1.3,-0.18999999999999995,-0.2003,0.0452,0.228
2020-02-28,0.86,0.89,1.13,-0.20999999999999985,-0.2002,0.0452,-0.217
2020-03-02,0.84,0.88,1.1,-0.18000000000000005,-0.2001,0.0452,0.445
2020-03-03,0.71,0.77,1.02,-0.18999999999999995,-0.2,0.0452,0.221
2020-03-04,0.67,0.75,1.02,-0.19000000000000006,-0.2,0.0452,0.221
2020-03-05,0.59,0.67,0.92,-0.16999999999999993,-0.1999,0.0453,0.66
2020-03-06,0.49,0.58,0.74,-0.07000000000000006,-0.1993,0.046,2.811
2020-03-09,0.38,0.46,0.54,0.0,-0.1984,0.0476,4.168
2020-03-10,0.5,0.63,0.76,0.0,-0.1975,0.0492,4.014
2020-03-11,0.5,0.66,0.82,1.1102230246251565e-16,-0.1966,0.0507,3.878
2020-03-12,0.5,0.66,0.88,-0.05999999999999994,-0.1959,0.0514,2.644
2020-03-13,0.49,0.7,0.94,-0.030000000000000027,-0.1951,0.0524,3.151
2020-03-16,0.36,0.49,0.73,-0.10999999999999999,-0.1946,0.0526,1.608
2020-03-17,0.47,0.66,1.02,-0.16999999999999993,-0.1944,0.0526,0.464
2020-03-18,0.54,0.79,1.18,-0.1399999999999999,-0.1941,0.0527,1.027
2020-03-19,0.44,0.66,1.12,-0.24,-0.1942,0.0527,-0.869
2020-03-20,0.37,0.52,0.92,-0.25,-0.1943,0.0528,-1.055
2020-03-23,0.28,0.38,0.76,-0.28,-0.1944,0.0529,-1.618
2020-03-24,0.38,0.52,0.84,-0.17999999999999994,-0.194,0.0527,0.266
2020-03-25,0.34,0.56,0.88,-0.09999999999999998,-0.1933,0.0528,1.767
2020-03-26,0.3,0.51,0.83,-0.10999999999999999,-0.1927,0.0529,1.563
2020-03-27,0.25,0.41,0.72,-0.15000000000000002,-0.1921,0.0526,0.8
2020-03-30,0.23,0.39,0.7,-0.1499999999999999,-0.1917,0.0525,0.794
2020-03-31,0.23,0.37,0.7,-0.18999999999999995,-0.1916,0.0525,0.03
2020-04-01,0.23,0.37,0.62,-0.10999999999999999,-0.1912,0.0527,1.541
2020-04-02,0.23,0.39,0.63,-0.07999999999999996,-0.1907,0.0532,2.081
2020-04-03,0.23,0.39,0.62,-0.06999999999999995,-0.1901,0.0537,2.236
2020-04-06,0.27,0.44,0.67,-0.06000000000000005,-0.1895,0.0543,2.385
2020-04-07,0.28,0.48,0.75,-0.07000000000000006,-0.189,0.0548,2.172
2020-04-08,0.27,0.47,0.77,-0.10000000000000009,-0.1885,0.055,1.609
2020-04-09,0.23,0.41,0.73,-0.14,-0.1882,0.0551,0.875
2020-04-13,0.25,0.44,0.76,-0.13,-0.1877,0.0551,1.047
2020-04-14,0.23,0.42,0.76,-0.15000000000000002,-0.1874,0.0551,0.679
2020-04-15,0.2,0.34,0.63,-0.14999999999999997,-0.1871,0.055,0.675
2020-04-16,0.2,0.35,0.61,-0.11000000000000004,-0.1867,0.0552,1.389
2020-04-17,0.2,0.36,0.65,-0.13,-0.1864,0.0553,1.02
2020-04-20,0.2,0.35,0.63,-0.13000000000000006,-0.1862,0.0554,1.014
2020-04-21,0.2,0.34,0.58,-0.09999999999999992,-0.1858,0.0557,1.54
2020-04-22,0.22,0.37,0.63,-0.10999999999999999,-0.1855,0.0559,1.351
2020-04-23,0.22,0.37,0.61,-0.08999999999999997,-0.1851,0.0562,1.692
2020-04-24,0.22,0.36,0.6,-0.09999999999999998,-0.1846,0.0565,1.497
2020-04-27,0.24,0.41,0.67,-0.09000000000000008,-0.1842,0.0567,1.661
2020-04-28,0.2,0.37,0.62,-0.07999999999999996,-0.1837,0.0571,1.816
2020-04-29,0.2,0.36,0.63,-0.10999999999999999,-0.1833,0.0573,1.279
2020-04-30,0.2,0.36,0.64,-0.12,-0.1829,0.0574,1.096
2020-05-01,0.2,0.36,0.64,-0.12,-0.1825,0.0575,1.087
2020-05-04,0.19,0.36,0.64,-0.10999999999999999,-0.1821,0.0576,1.252
2020-05-05,0.19,0.36,0.66,-0.13,-0.1818,0.0577,0.898
2020-05-06,0.17,0.37,0.72,-0.15000000000000002,-0.1815,0.0577,0.546
2020-05-07,0.13,0.29,0.63,-0.18000000000000005,-0.1814,0.0576,0.024
2020-05-08,0.16,0.33,0.69,-0.18999999999999995,-0.1812,0.0576,-0.153
2020-05-11,0.17,0.36,0.73,-0.18000000000000005,-0.181,0.0575,0.017
2020-05-12,0.17,0.34,0.69,-0.17999999999999994,-0.1809,0.0574,0.016
2020-05-13,0.16,0.31,0.64,-0.18000000000000005,-0.1808,0.0574,0.014
2020-05-14,0.16,0.31,0.63,-0.17000000000000004,-0.1806,0.0574,0.185
2020-05-15,0.16,0.31,0.64,-0.18000000000000005,-0.1804,0.0573,0.007
2020-05-18,0.18,0.38,0.73,-0.1499999999999999,-0.1801,0.0573,0.525
2020-05-19,0.17,0.35,0.7,-0.17000000000000004,-0.1798,0.0571,0.172
2020-05-20,0.16,0.34,0.68,-0.16000000000000003,-0.1795,0.057,0.342
2020-05-21,0.17,0.35,0.68,-0.15000000000000013,-0.1793,0.057,0.514
2020-05-22,0.17,0.34,0.66,-0.15000000000000002,-0.179,0.0569,0.51
2020-05-26,0.18,0.35,0.69,-0.16999999999999993,-0.1787,0.0568,0.153
2020-05-27,0.19,0.34,0.68,-0.19,-0.1786,0.0568,-0.201
2020-05-28,0.17,0.34,0.7,-0.18999999999999995,-0.1784,0.0566,-0.205
2020-05-29,0.16,0.3,0.65,-0.21000000000000008,-0.1782,0.0564,-0.564
2020-06-01,0.14,0.31,0.66,-0.18000000000000005,-0.178,0.0563,-0.036
2020-06-02,0.17,0.32,0.68,-0.21000000000000008,-0.1779,0.0563,-0.57
2020-06-03,0.19,0.38,0.77,-0.19999999999999996,-0.1778,0.0562,-0.395
2020-06-04,0.19,0.4,0.82,-0.20999999999999985,-0.1777,0.0561,-0.576
2020-06-05,0.22,0.47,0.91,-0.19000000000000006,-0.1776,0.0561,-0.221
2020-06-08,0.22,0.45,0.88,-0.19999999999999996,-0.1775,0.056,-0.402
2020-06-09,0.2,0.4,0.84,-0.23999999999999988,-0.1775,0.056,-1.116
2020-06-10,0.17,0.33,0.75,-0.26,-0.1776,0.0561,-1.469
2020-06-11,0.19,0.32,0.66,-0.21000000000000002,-0.1775,0.056,-0.58
2020-06-12,0.19,0.33,0.71,-0.23999999999999994,-0.1775,0.056,-1.116
2020-06-15,0.19,0.33,0.71,-0.23999999999999994,-0.1775,0.056,-1.116
2020-06-16,0.21,0.34,0.75,-0.2799999999999999,-0.1776,0.0562,-1.822
2020-06-17,0.19,0.34,0.74,-0.24999999999999994,-0.1777,0.0563,-1.284
2020-06-18,0.19,0.34,0.71,-0.21999999999999992,-0.1775,0.0562,-0.756
2020-06-19,0.19,0.33,0.7,-0.22999999999999993,-0.1774,0.056,-0.939
2020-06-22,0.19,0.34,0.71,-0.21999999999999992,-0.1774,0.056,-0.761
2020-06-23,0.18,0.33,0.72,-0.23999999999999994,-0.1773,0.0559,-1.122
2020-06-24,0.19,0.33,0.69,-0.21999999999999992,-0.1773,0.0559,-0.764
2020-06-25,0.17,0.32,0.68,-0.21000000000000008,-0.1771,0.0558,-0.59
2020-06-26,0.17,0.3,0.64,-0.21000000000000008,-0.177,0.0556,-0.594
2020-06-29,0.16,0.28,0.64,-0.24,-0.1771,0.0557,-1.129
2020-06-30,0.16,0.29,0.66,-0.2400000000000001,-0.1771,0.0557,-1.129
2020-07-01,0.17,0.31,0.69,-0.24,-0.1771,0.0558,-1.127
2020-07-02,0.16,0.29,0.68,-0.2600000000000001,-0.1773,0.0559,-1.479
2020-07-06,0.16,0.31,0.69,-0.22999999999999998,-0.1772,0.0558,-0.946
2020-07-07,0.16,0.29,0.65,-0.2300000000000001,-0.1771,0.0557,-0.95
2020-07-08,0.16,0.3,0.67,-0.2300000000000001,-0.1771,0.0557,-0.95
2020-07-09,0.16,0.28,0.62,-0.21999999999999997,-0.1771,0.0558,-0.769
2020-07-10,0.16,0.3,0.65,-0.21000000000000008,-0.1771,0.0557,-0.591
2020-07-13,0.16,0.3,0.64,-0.20000000000000007,-0.1769,0.0555,-0.416
2020-07-14,0.14,0.28,0.63,-0.20999999999999996,-0.1768,0.0555,-0.598
2020-07-15,0.16,0.28,0.64,-0.24,-0.1768,0.0555,-1.139
2020-07-16,0.16,0.28,0.62,-0.21999999999999997,-0.1767,0.0554,-0.782
2020-07-17,0.14,0.29,0.64,-0.20000000000000007,-0.1766,0.0553,-0.423
2020-07-20,0.16,0.29,0.62,-0.20000000000000007,-0.1765,0.0552,-0.426
2020-07-21,0.14,0.27,0.61,-0.20999999999999996,-0.1763,0.0551,-0.612
2020-07-22,0.14,0.27,0.6,-0.19999999999999996,-0.1761,0.0549,-0.435
2020-07-23,0.16,0.27,0.59,-0.20999999999999996,-0.176,0.0547,-0.622
2020-07-24,0.14,0.27,0.59,-0.18999999999999995,-0.1757,0.0545,-0.262
2020-07-27,0.15,0.3,0.62,-0.17000000000000004,-0.1754,0.0544,0.099
2020-07-28,0.14,0.26,0.59,-0.20999999999999996,-0.1753,0.0543,-0.639
2020-07-29,0.12,0.25,0.58,-0.19999999999999996,-0.1752,0.0541,-0.458
2020-07-30,0.11,0.23,0.55,-0.2,-0.175,0.054,-0.463
2020-07-31,0.11,0.21,0.55,-0.24000000000000005,-0.1751,0.0541,-1.2
2020-08-03,0.11,0.22,0.56,-0.23000000000000004,-0.1751,0.0541,-1.015
2020-08-04,0.11,0.19,0.52,-0.25,-0.175,0.054,-1.389
2020-08-05,0.11,0.22,0.55,-0.22000000000000003,-0.1748,0.0538,-0.84
2020-08-06,0.11,0.21,0.55,-0.24000000000000005,-0.1748,0.0538,-1.212
2020-08-07,0.13,0.23,0.57,-0.23999999999999994,-0.1747,0.0536,-1.218
2020-08-10,0.14,0.24,0.59,-0.25,-0.1747,0.0535,-1.407
2020-08-11,0.16,0.27,0.64,-0.26,-0.1747,0.0535,-1.594
2020-08-12,0.16,0.3,0.69,-0.25,-0.1748,0.0536,-1.403
2020-08-13,0.16,0.32,0.71,-0.22999999999999998,-0.1747,0.0535,-1.034
2020-08-14,0.14,0.29,0.71,-0.27,-0.175,0.0538,-1.766
2020-08-17,0.14,0.29,0.69,-0.25,-0.1754,0.054,-1.381
2020-08-18,0.14,0.27,0.67,-0.27,-0.1758,0.0543,-1.735
2020-08-19,0.14,0.29,0.68,-0.2400000000000001,-0.176,0.0545,-1.174
2020-08-20,0.13,0.26,0.65,-0.26,-0.1763,0.0547,-1.53
2020-08-21,0.16,0.27,0.64,-0.26,-0.1765,0.055,-1.518
2020-08-24,0.14,0.28,0.65,-0.22999999999999998,-0.1765,0.055,-0.973
2020-08-25,0.15,0.3,0.69,-0.24,-0.1766,0.0551,-1.151
2020-08-26,0.16,0.28,0.69,-0.2899999999999999,-0.1768,0.0554,-2.043
2020-08-27,0.16,0.31,0.74,-0.28,-0.1771,0.0557,-1.847
2020-08-28,0.14,0.28,0.74,-0.31999999999999995,-0.1775,0.0564,-2.527
2020-08-31,0.14,0.28,0.72,-0.29999999999999993,-0.1777,0.0568,-2.153
2020-09-01,0.13,0.26,0.68,-0.29000000000000004,-0.178,0.0572,-1.958
2020-09-02,0.14,0.26,0.66,-0.28,-0.1782,0.0575,-1.77
2020-09-03,0.13,0.24,0.63,-0.28,-0.1784,0.0577,-1.761
2020-09-04,0.14,0.3,0.72,-0.26,-0.1784,0.0577,-1.414
2020-09-08,0.14,0.28,0.69,-0.2699999999999999,-0.1784,0.0578,-1.585
2020-09-09,0.14,0.28,0.71,-0.2899999999999999,-0.1786,0.058,-1.921
2020-09-10,0.14,0.26,0.68,-0.30000000000000004,-0.1789,0.0585,-2.07
2020-09-11,0.13,0.26,0.67,-0.28,-0.1791,0.0587,-1.719
2020-09-14,0.14,0.27,0.68,-0.28,-0.1793,0.059,-1.707
2020-09-15,0.14,0.27,0.68,-0.28,-0.1796,0.0593,-1.693
2020-09-16,0.14,0.28,0.69,-0.2699999999999999,-0.1799,0.0596,-1.512
2020-09-17,0.13,0.28,0.69,-0.2599999999999999,-0.1801,0.0598,-1.336
2020-09-18,0.14,0.29,0.7,-0.26,-0.1803,0.0599,-1.331
2020-09-21,0.14,0.27,0.68,-0.28,-0.1806,0.0602,-1.651
2020-09-22,0.13,0.27,0.68,-0.27,-0.1808,0.0605,-1.474
2020-09-23,0.14,0.28,0.68,-0.26,-0.181,0.0607,-1.301
2020-09-24,0.14,0.27,0.67,-0.27,-0.1812,0.0609,-1.458
2020-09-25,0.12,0.26,0.66,-0.26,-0.1815,0.0611,-1.285
2020-09-28,0.14,0.26,0.67,-0.29000000000000004,-0.1818,0.0614,-1.762
2020-09-29,0.11,0.24,0.66,-0.29000000000000004,-0.1822,0.0618,-1.744
2020-09-30,0.13,0.28,0.69,-0.2599999999999999,-0.1825,0.062,-1.25
2020-10-01,0.14,0.27,0.68,-0.28,-0.1827,0.0622,-1.564
2020-10-02,0.13,0.28,0.7,-0.2699999999999999,-0.1831,0.0625,-1.39
2020-10-05,0.14,0.33,0.78,-0.26,-0.1832,0.0626,-1.227
2020-10-06,0.14,0.32,0.76,-0.26,-0.1833,0.0627,-1.223
2020-10-07,0.16,0.35,0.81,-0.27000000000000013,-0.1834,0.0628,-1.379
2020-10-08,0.13,0.33,0.78,-0.25,-0.1833,0.0628,-1.062
2020-10-09,0.16,0.34,0.79,-0.27,-0.1835,0.0629,-1.375
2020-10-13,0.16,0.31,0.74,-0.28,-0.1835,0.063,-1.532
2020-10-14,0.14,0.3,0.73,-0.27,-0.1837,0.0632,-1.366
2020-10-15,0.14,0.32,0.74,-0.24,-0.1838,0.0632,-0.889
2020-10-16,0.14,0.32,0.76,-0.26,-0.184,0.0634,-1.199
2020-10-19,0.16,0.34,0.78,-0.26,-0.1843,0.0636,-1.19
2020-10-20,0.14,0.34,0.81,-0.27,-0.1845,0.0638,-1.34
2020-10-21,0.14,0.36,0.83,-0.25,-0.1846,0.0639,-1.023
2020-10-22,0.16,0.38,0.87,-0.27,-0.1849,0.0641,-1.328
2020-10-23,0.18,0.37,0.85,-0.2899999999999999,-0.1853,0.0644,-1.626
2020-10-26,0.16,0.35,0.81,-0.27000000000000013,-0.1856,0.0646,-1.307
2020-10-27,0.16,0.34,0.79,-0.27,-0.186,0.0649,-1.294
2020-10-28,0.16,0.34,0.79,-0.27,-0.1863,0.0651,-1.286
2020-10-29,0.16,0.38,0.85,-0.25,-0.1866,0.0652,-0.972
2020-10-30,0.14,0.38,0.88,-0.26,-0.187,0.0653,-1.118
2020-11-02,0.16,0.38,0.87,-0.27,-0.1874,0.0655,-1.261
2020-11-03,0.17,0.39,0.9,-0.29000000000000004,-0.1878,0.0659,-1.551
2020-11-04,0.14,0.33,0.78,-0.26,-0.1881,0.066,-1.089
2020-11-05,0.14,0.33,0.79,-0.27,-0.1884,0.0662,-1.233
2020-11-06,0.16,0.36,0.83,-0.27,-0.1888,0.0664,-1.223
2020-11-09,0.17,0.44,0.96,-0.25,-0.1891,0.0665,-0.916
2020-11-10,0.19,0.46,0.98,-0.25,-0.1896,0.0665,-0.908
2020-11-12,0.17,0.4,0.88,-0.25,-0.1901,0.0665,-0.901
2020-11-13,0.17,0.41,0.89,-0.2400000000000001,-0.1906,0.0664,-0.744
2020-11-16,0.19,0.41,0.91,-0.28000000000000014,-0.1912,0.0665,-1.335
2020-11-17,0.18,0.39,0.87,-0.2699999999999999,-0.1917,0.0666,-1.176
2020-11-18,0.16,0.4,0.88,-0.24,-0.192,0.0667,-0.72
2020-11-19,0.18,0.39,0.86,-0.2599999999999999,-0.1925,0.0667,-1.012
2020-11-20,0.16,0.38,0.83,-0.22999999999999998,-0.1929,0.0667,-0.556
2020-11-23,0.16,0.39,0.86,-0.24,-0.1933,0.0666,-0.701
2020-11-24,0.16,0.39,0.88,-0.26,-0.1938,0.0666,-0.994
2020-11-25,0.17,0.39,0.88,-0.27,-0.1943,0.0667,-1.135
2020-11-27,0.16,0.37,0.84,-0.26,-0.1948,0.0667,-0.978
2020-11-30,0.16,0.36,0.84,-0.28,-0.1953,0.0669,-1.266
2020-12-01,0.17,0.42,0.92,-0.2500000000000001,-0.1958,0.0669,-0.81
2020-12-02,0.16,0.42,0.95,-0.27,-0.1962,0.067,-1.101
2020-12-03,0.16,0.4,0.92,-0.28,-0.1968,0.0671,-1.24
2020-12-04,0.16,0.42,0.97,-0.29000000000000004,-0.1973,0.0673,-1.377
2020-12-07,0.14,0.4,0.94,-0.2799999999999999,-0.1978,0.0675,-1.218
2020-12-08,0.14,0.39,0.92,-0.28,-0.1983,0.0676,-1.209
2020-12-09,0.16,0.41,0.95,-0.29000000000000004,-0.199,0.0676,-1.346
2020-12-10,0.14,0.39,0.92,-0.28,-0.1997,0.0676,-1.188
2020-12-11,0.11,0.37,0.9,-0.27,-0.2002,0.0676,-1.033
2020-12-14,0.13,0.37,0.9,-0.29000000000000004,-0.2009,0.0677,-1.316
2020-12-15,0.11,0.37,0.92,-0.29000000000000004,-0.2016,0.0676,-1.308
2020-12-16,0.13,0.37,0.92,-0.31000000000000005,-0.2024,0.0677,-1.589
2020-12-17,0.13,0.38,0.94,-0.30999999999999994,-0.2033,0.0677,-1.576
2020-12-18,0.13,0.39,0.95,-0.29999999999999993,-0.204,0.0677,-1.418
2020-12-21,0.13,0.39,0.95,-0.29999999999999993,-0.205,0.0674,-1.409
2020-12-22,0.13,0.37,0.93,-0.32000000000000006,-0.2059,0.0673,-1.695
2020-12-23,0.13,0.38,0.96,-0.32999999999999996,-0.2069,0.0674,-1.826
2020-12-24,0.13,0.37,0.94,-0.32999999999999996,-0.2079,0.0673,-1.814
2020-12-28,0.13,0.38,0.94,-0.30999999999999994,-0.2088,0.0671,-1.508
2020-12-29,0.12,0.37,0.94,-0.31999999999999995,-0.2097,0.0671,-1.644
2020-12-30,0.12,0.37,0.93,-0.31000000000000005,-0.2105,0.0671,-1.483
2020-12-31,0.13,0.36,0.93,-0.3400000000000001,-0.2113,0.0674,-1.909
2021-01-04,0.11,0.36,0.93,-0.32000000000000006,-0.2121,0.0675,-1.599
2021-01-05,0.13,0.38,0.96,-0.32999999999999996,-0.213,0.0676,-1.731
2021-01-06,0.14,0.43,1.04,-0.32000000000000006,-0.2137,0.0678,-1.568
2021-01-07,0.14,0.46,1.08,-0.30000000000000004,-0.2143,0.0678,-1.264
2021-01-08,0.14,0.49,1.13,-0.2899999999999999,-0.215,0.0678,-1.106
2021-01-11,0.14,0.5,1.15,-0.2899999999999999,-0.2157,0.0676,-1.099
2021-01-12,0.14,0.5,1.15,-0.2899999999999999,-0.2163,0.0676,-1.09
2021-01-13,0.14,0.48,1.1,-0.28000000000000014,-0.2169,0.0675,-0.935
2021-01-14,0.16,0.49,1.15,-0.32999999999999996,-0.2177,0.0676,-1.661
2021-01-15,0.13,0.46,1.11,-0.32000000000000006,-0.2184,0.0677,-1.501
2021-01-19,0.14,0.45,1.1,-0.3400000000000001,-0.2192,0.068,-1.776
2021-01-20,0.13,0.45,1.1,-0.33000000000000007,-0.22,0.0682,-1.613
2021-01-21,0.13,0.45,1.12,-0.3500000000000001,-0.2207,0.0685,-1.888
2021-01-22,0.13,0.44,1.1,-0.3500000000000001,-0.2214,0.069,-1.864
2021-01-25,0.13,0.42,1.05,-0.3400000000000001,-0.2221,0.0692,-1.704
2021-01-26,0.11,0.42,1.05,-0.32000000000000006,-0.2228,0.0694,-1.401
2021-01-27,0.12,0.41,1.04,-0.3400000000000001,-0.2235,0.0697,-1.671
2021-01-28,0.12,0.42,1.07,-0.3500000000000001,-0.2242,0.07,-1.797
2021-01-29,0.11,0.45,1.11,-0.32000000000000006,-0.2248,0.0702,-1.356
2021-02-01,0.11,0.42,1.09,-0.3600000000000001,-0.2255,0.0707,-1.902
2021-02-02,0.11,0.45,1.12,-0.33000000000000007,-0.226,0.071,-1.465
2021-02-03,0.11,0.46,1.15,-0.33999999999999986,-0.2265,0.0713,-1.592
2021-02-04,0.11,0.46,1.15,-0.33999999999999986,-0.2271,0.0717,-1.575
2021-02-05,0.09,0.47,1.19,-0.33999999999999997,-0.2277,0.0719,-1.562
2021-02-08,0.11,0.48,1.19,-0.33999999999999997,-0.2284,0.0722,-1.546
2021-02-09,0.11,0.48,1.18,-0.32999999999999996,-0.2289,0.0725,-1.394
2021-02-10,0.11,0.46,1.15,-0.33999999999999986,-0.2296,0.0727,-1.519
2021-02-11,0.11,0.46,1.16,-0.34999999999999987,-0.2303,0.073,-1.64
2021-02-12,0.11,0.5,1.2,-0.30999999999999994,-0.2307,0.0732,-1.083
2021-02-16,0.13,0.57,1.3,-0.29000000000000026,-0.2312,0.0731,-0.804
2021-02-17,0.11,0.57,1.29,-0.26000000000000023,-0.2315,0.0731,-0.39
2021-02-18,0.11,0.56,1.29,-0.28,-0.2319,0.0731,-0.658
2021-02-19,0.11,0.59,1.34,-0.27000000000000024,-0.2323,0.073,-0.516
2021-02-22,0.11,0.61,1.37,-0.26000000000000023,-0.2327,0.0729,-0.374
2021-02-23,0.11,0.59,1.37,-0.30000000000000027,-0.2332,0.0729,-0.916
2021-02-24,0.12,0.62,1.38,-0.2599999999999998,-0.2335,0.0729,-0.364
2021-02-25,0.17,0.81,1.54,-0.08999999999999986,-0.2329,0.0735,1.944
2021-02-26,0.14,0.75,1.44,-0.08000000000000007,-0.2324,0.0741,2.057
2021-03-01,0.13,0.71,1.45,-0.15999999999999992,-0.2322,0.0742,0.973
2021-03-02,0.13,0.67,1.42,-0.20999999999999996,-0.2323,0.0742,0.301
2021-03-03,0.14,0.73,1.47,-0.15000000000000013,-0.2321,0.0743,1.105
2021-03-04,0.14,0.77,1.54,-0.14000000000000012,-0.2319,0.0745,1.234
2021-03-05,0.14,0.79,1.56,-0.1200000000000001,-0.2316,0.0748,1.492
2021-03-08,0.17,0.86,1.59,-0.040000000000000036,-0.231,0.0757,2.523
2021-03-09,0.17,0.83,1.55,-0.06000000000000005,-0.2306,0.0764,2.233
2021-03-10,0.16,0.8,1.53,-0.08999999999999986,-0.2307,0.0762,1.846
2021-03-11,0.14,0.78,1.54,-0.1200000000000001,-0.2312,0.0751,1.481
2021-03-12,0.14,0.85,1.64,-0.07999999999999985,-0.2315,0.0743,2.039
2021-03-15,0.14,0.84,1.62,-0.08000000000000007,-0.2318,0.0735,2.065
2021-03-16,0.15,0.83,1.62,-0.1100000000000001,-0.232,0.0731,1.669
2021-03-17,0.13,0.8,1.63,-0.1599999999999997,-0.2325,0.0721,1.006
2021-03-18,0.16,0.86,1.71,-0.1499999999999999,-0.2327,0.0719,1.15
2021-03-19,0.16,0.9,1.74,-0.09999999999999987,-0.2324,0.0723,1.831
2021-03-22,0.15,0.87,1.69,-0.09999999999999987,-0.2322,0.0725,1.823
2021-03-23,0.15,0.83,1.63,-0.11999999999999988,-0.2317,0.0729,1.532
2021-03-24,0.14,0.83,1.62,-0.10000000000000009,-0.2312,0.0733,1.79
2021-03-25,0.14,0.82,1.63,-0.1299999999999999,-0.2306,0.0735,1.369
2021-03-26,0.14,0.85,1.67,-0.10999999999999988,-0.2303,0.0739,1.628
2021-03-29,0.14,0.89,1.73,-0.08999999999999986,-0.2302,0.0739,1.897
2021-03-30,0.16,0.9,1.73,-0.08999999999999986,-0.2302,0.0741,1.892
2021-03-31,0.16,0.92,1.74,-0.05999999999999983,-0.2298,0.0747,2.273
2021-04-01,0.17,0.9,1.69,-0.05999999999999983,-0.2294,0.0753,2.25
2021-04-02,0.19,0.97,1.72,0.030000000000000027,-0.2286,0.077,3.358
2021-04-05,0.17,0.94,1.73,-0.020000000000000018,-0.2282,0.0777,2.68
2021-04-06,0.16,0.88,1.67,-0.06999999999999984,-0.2282,0.0778,2.033
2021-04-07,0.16,0.87,1.68,-0.09999999999999987,-0.2283,0.0776,1.653
2021-04-08,0.14,0.85,1.64,-0.07999999999999985,-0.2284,0.0774,1.917
2021-04-09,0.16,0.87,1.67,-0.08999999999999986,-0.2285,0.0773,1.792
2021-04-12,0.18,0.89,1.69,-0.08999999999999986,-0.2284,0.0774,1.788
2021-04-13,0.16,0.85,1.64,-0.09999999999999987,-0.2283,0.0776,1.653
2021-04-14,0.16,0.87,1.64,-0.05999999999999983,-0.228,0.0781,2.151
2021-04-15,0.16,0.81,1.56,-0.09999999999999987,-0.2278,0.0783,1.632
2021-04-16,0.16,0.84,1.59,-0.07000000000000006,-0.2275,0.0788,1.999
2021-04-19,0.16,0.85,1.61,-0.07000000000000006,-0.2273,0.0791,1.989
2021-04-20,0.15,0.81,1.58,-0.10999999999999988,-0.2272,0.0792,1.48
2021-04-21,0.15,0.81,1.57,-0.09999999999999987,-0.2271,0.0793,1.603
2021-04-22,0.16,0.81,1.57,-0.10999999999999988,-0.2271,0.0793,1.477
2021-04-23,0.16,0.83,1.58,-0.08000000000000007,-0.227,0.0795,1.849
2021-04-26,0.18,0.85,1.58,-0.06000000000000005,-0.2269,0.0797,2.094
2021-04-27,0.17,0.88,1.63,-0.039999999999999813,-0.2267,0.0802,2.328
2021-04-28,0.17,0.86,1.63,-0.07999999999999985,-0.2266,0.0802,1.828
2021-04-29,0.16,0.86,1.65,-0.08999999999999986,-0.2267,0.0802,1.704
2021-04-30,0.16,0.86,1.65,-0.08999999999999986,-0.2266,0.0803,1.701
2021-05-03,0.16,0.84,1.63,-0.10999999999999988,-0.2265,0.0804,1.449
2021-05-04,0.16,0.82,1.61,-0.13000000000000012,-0.2266,0.0803,1.203
2021-05-05,0.16,0.8,1.59,-0.1499999999999999,-0.2267,0.0801,0.958
2021-05-06,0.16,0.81,1.58,-0.11999999999999988,-0.2267,0.0802,1.33
2021-05-07,0.14,0.77,1.6,-0.20000000000000018,-0.2269,0.08,0.336
2021-05-10,0.16,0.8,1.63,-0.18999999999999972,-0.2269,0.08,0.461
2021-05-11,0.16,0.8,1.64,-0.19999999999999973,-0.227,0.08,0.338
2021-05-12,0.16,0.87,1.69,-0.10999999999999988,-0.2267,0.0803,1.453
2021-05-13,0.16,0.84,1.66,-0.1399999999999999,-0.2265,0.0804,1.076
2021-05-14,0.16,0.82,1.63,-0.1499999999999999,-0.2264,0.0805,0.949
2021-05-17,0.16,0.84,1.64,-0.11999999999999988,-0.2262,0.0807,1.316
2021-05-18,0.16,0.83,1.64,-0.1399999999999999,-0.2261,0.0808,1.066
2021-05-19,0.16,0.87,1.68,-0.09999999999999987,-0.2259,0.0811,1.552
2021-05-20,0.15,0.83,1.63,-0.11999999999999988,-0.2257,0.0813,1.3
2021-05-21,0.17,0.84,1.63,-0.11999999999999988,-0.2255,0.0815,1.294
2021-05-24,0.15,0.82,1.61,-0.1200000000000001,-0.2254,0.0816,1.292
2021-05-25,0.15,0.79,1.56,-0.1299999999999999,-0.2253,0.0817,1.166
2021-05-26,0.14,0.8,1.58,-0.1200000000000001,-0.2251,0.0819,1.283
2021-05-27,0.14,0.81,1.61,-0.13000000000000012,-0.2249,0.0821,1.156
2021-05-28,0.14,0.79,1.58,-0.14000000000000012,-0.2247,0.0822,1.03
2021-06-01,0.16,0.81,1.62,-0.15999999999999992,-0.2245,0.0823,0.784
2021-06-02,0.13,0.8,1.59,-0.11999999999999988,-0.2242,0.0825,1.263
2021-06-03,0.16,0.84,1.63,-0.10999999999999988,-0.2238,0.0828,1.374
2021-06-04,0.14,0.78,1.56,-0.14000000000000012,-0.2236,0.083,1.007
2021-06-07,0.16,0.79,1.57,-0.1499999999999999,-0.2234,0.0831,0.883
2021-06-08,0.14,0.77,1.53,-0.13000000000000012,-0.2231,0.0833,1.118
2021-06-09,0.16,0.75,1.5,-0.15999999999999992,-0.223,0.0834,0.755
2021-06-10,0.14,0.73,1.45,-0.13000000000000012,-0.2225,0.0836,1.106
2021-06-11,0.16,0.76,1.47,-0.10999999999999988,-0.2219,0.0838,1.335
2021-06-14,0.16,0.8,1.51,-0.06999999999999984,-0.2214,0.0844,1.794
2021-06-15,0.16,0.79,1.51,-0.08999999999999986,-0.2208,0.0848,1.542
2021-06-16,0.21,0.89,1.57,0.0,-0.2198,0.0859,2.559
2021-06-17,0.23,0.9,1.52,0.050000000000000044,-0.2185,0.0875,3.069
2021-06-18,0.26,0.89,1.45,0.07000000000000006,-0.2173,0.0893,3.217
2021-06-21,0.27,0.9,1.5,0.030000000000000027,-0.2163,0.0907,2.716
2021-06-22,0.25,0.87,1.48,0.010000000000000009,-0.2153,0.0918,2.454
2021-06-23,0.26,0.9,1.5,0.040000000000000036,-0.2143,0.0932,2.729
2021-06-24,0.26,0.9,1.49,0.050000000000000044,-0.2131,0.0946,2.781
2021-06-25,0.28,0.92,1.54,0.020000000000000018,-0.2122,0.0958,2.424
2021-06-28,0.25,0.9,1.49,0.06000000000000005,-0.2111,0.0973,2.786
2021-06-29,0.27,0.89,1.49,0.020000000000000018,-0.2102,0.0984,2.339
2021-06-30,0.25,0.87,1.45,0.040000000000000036,-0.2091,0.0996,2.501
2021-07-01,0.25,0.89,1.48,0.050000000000000044,-0.2079,0.1009,2.556
2021-07-02,0.24,0.86,1.44,0.040000000000000036,-0.2068,0.1021,2.417
2021-07-06,0.22,0.81,1.37,0.030000000000000027,-0.2057,0.1031,2.286
2021-07-07,0.22,0.79,1.33,0.030000000000000027,-0.2046,0.1042,2.251
2021-07-08,0.19,0.74,1.3,-0.010000000000000009,-0.2038,0.1049,1.847
2021-07-09,0.23,0.79,1.37,-0.020000000000000018,-0.2029,0.1055,1.734
2021-07-12,0.23,0.81,1.38,0.010000000000000231,-0.202,0.1063,1.994
2021-07-13,0.26,0.85,1.42,0.020000000000000018,-0.2011,0.1073,2.061
2021-07-14,0.23,0.8,1.37,0.0,-0.2003,0.108,1.855
2021-07-15,0.23,0.78,1.31,0.020000000000000018,-0.1994,0.1089,2.015
2021-07-16,0.25,0.79,1.31,0.020000000000000018,-0.1984,0.1097,1.991
2021-07-19,0.21,0.7,1.19,0.0,-0.1975,0.1104,1.789
2021-07-20,0.2,0.69,1.23,-0.050000000000000044,-0.1969,0.1108,1.326
2021-07-21,0.22,0.74,1.3,-0.040000000000000036,-0.1963,0.1113,1.404
2021-07-22,0.2,0.71,1.27,-0.050000000000000044,-0.1956,0.1116,1.305
2021-07-23,0.22,0.72,1.3,-0.08000000000000007,-0.1952,0.1119,1.029
2021-07-26,0.22,0.73,1.29,-0.050000000000000044,-0.1945,0.1122,1.288
2021-07-27,0.2,0.71,1.25,-0.030000000000000027,-0.1939,0.1127,1.454
2021-07-28,0.2,0.72,1.26,-0.020000000000000018,-0.1933,0.1132,1.531
2021-07-29,0.2,0.73,1.28,-0.020000000000000018,-0.1925,0.1138,1.516
2021-07-30,0.19,0.69,1.24,-0.050000000000000044,-0.1919,0.1141,1.244
2021-08-02,0.17,0.66,1.2,-0.04999999999999982,-0.1913,0.1145,1.234
2021-08-03,0.17,0.65,1.19,-0.05999999999999983,-0.1906,0.1147,1.139
2021-08-04,0.17,0.67,1.19,-0.019999999999999796,-0.1898,0.1152,1.474
2021-08-05,0.21,0.72,1.23,0.0,-0.1888,0.1158,1.63
2021-08-06,0.21,0.77,1.31,0.020000000000000018,-0.1879,0.1165,1.785
2021-08-09,0.23,0.79,1.33,0.020000000000000018,-0.1868,0.1172,1.765
2021-08-10,0.24,0.82,1.36,0.039999999999999813,-0.1857,0.118,1.913
2021-08-11,0.23,0.81,1.35,0.040000000000000036,-0.1846,0.1188,1.891
2021-08-12,0.23,0.83,1.36,0.06999999999999984,-0.1833,0.1197,2.116
2021-08-13,0.23,0.79,1.29,0.06000000000000005,-0.182,0.1206,2.007
2021-08-16,0.21,0.75,1.26,0.030000000000000027,-0.181,0.1213,1.739
2021-08-17,0.23,0.77,1.26,0.050000000000000044,-0.1797,0.1221,1.881
2021-08-18,0.23,0.79,1.27,0.08000000000000007,-0.1784,0.1231,2.099
2021-08-19,0.22,0.78,1.24,0.10000000000000009,-0.1769,0.1242,2.229
2021-08-20,0.23,0.8,1.26,0.1100000000000001,-0.1756,0.1254,2.278
2021-08-23,0.23,0.78,1.25,0.08000000000000007,-0.1742,0.1264,2.011
2021-08-24,0.24,0.8,1.29,0.07000000000000006,-0.1729,0.1272,1.91
2021-08-25,0.23,0.84,1.35,0.09999999999999987,-0.1716,0.1283,2.117
2021-08-26,0.25,0.84,1.34,0.08999999999999986,-0.1703,0.1292,2.015
2021-08-27,0.22,0.79,1.31,0.050000000000000044,-0.1689,0.1298,1.686
2021-08-30,0.2,0.77,1.29,0.050000000000000044,-0.1676,0.1303,1.67
2021-08-31,0.2,0.77,1.3,0.040000000000000036,-0.1662,0.1306,1.579
2021-09-01,0.2,0.78,1.31,0.050000000000000044,-0.1648,0.131,1.64
2021-09-02,0.2,0.78,1.29,0.07000000000000006,-0.1634,0.1316,1.774
2021-09-03,0.21,0.78,1.33,0.020000000000000018,-0.1622,0.1319,1.381
2021-09-07,0.22,0.82,1.38,0.040000000000000036,-0.1609,0.1323,1.519
2021-09-08,0.22,0.81,1.35,0.050000000000000044,-0.1597,0.1328,1.579
2021-09-09,0.23,0.79,1.3,0.050000000000000044,-0.1584,0.1333,1.563
2021-09-10,0.23,0.82,1.35,0.05999999999999983,-0.157,0.1338,1.622
2021-09-13,0.21,0.81,1.33,0.08000000000000007,-0.1555,0.1343,1.754
2021-09-14,0.21,0.79,1.28,0.09000000000000008,-0.154,0.1349,1.809
2021-09-15,0.21,0.81,1.31,0.10000000000000009,-0.1525,0.1356,1.862
2021-09-16,0.23,0.84,1.34,0.10999999999999988,-0.151,0.1364,1.913
2021-09-17,0.23,0.88,1.37,0.15999999999999992,-0.1493,0.1376,2.248
2021-09-20,0.23,0.83,1.31,0.11999999999999988,-0.1478,0.1385,1.934
2021-09-21,0.22,0.84,1.33,0.1299999999999999,-0.1462,0.1394,1.981
2021-09-22,0.25,0.86,1.32,0.1499999999999999,-0.1445,0.1404,2.098
2021-09-23,0.27,0.94,1.41,0.19999999999999996,-0.1427,0.1418,2.417
2021-09-24,0.29,0.97,1.47,0.17999999999999994,-0.1409,0.1431,2.242
2021-09-27,0.31,0.98,1.48,0.16999999999999993,-0.1392,0.1441,2.146
2021-09-28,0.31,1.02,1.54,0.18999999999999995,-0.1374,0.1454,2.252
2021-09-29,0.3,1.01,1.55,0.16999999999999993,-0.1356,0.1464,2.087
2021-09-30,0.28,0.98,1.52,0.15999999999999992,-0.1338,0.1472,1.996
2021-10-01,0.27,0.93,1.48,0.1100000000000001,-0.1323,0.1478,1.639
2021-10-04,0.27,0.95,1.49,0.1399999999999999,-0.1306,0.1485,1.822
2021-10-05,0.28,0.98,1.54,0.1399999999999999,-0.129,0.1492,1.803
2021-10-06,0.3,0.99,1.53,0.1499999999999999,-0.1274,0.15,1.849
2021-10-07,0.32,1.02,1.58,0.1399999999999999,-0.1258,0.1507,1.764
2021-10-08,0.32,1.05,1.61,0.16999999999999993,-0.124,0.1516,1.939
2021-10-12,0.35,1.08,1.59,0.21999999999999997,-0.1222,0.1529,2.238
2021-10-13,0.37,1.09,1.56,0.25,-0.1201,0.1544,2.397
2021-10-14,0.36,1.05,1.52,0.2200000000000002,-0.1181,0.1556,2.173
2021-10-15,0.41,1.13,1.59,0.2599999999999998,-0.116,0.1571,2.393
2021-10-18,0.44,1.16,1.59,0.2899999999999998,-0.1139,0.159,2.54
2021-10-19,0.41,1.17,1.65,0.28,-0.1118,0.1606,2.44
2021-10-20,0.4,1.16,1.65,0.27,-0.1097,0.1621,2.342
2021-10-21,0.45,1.23,1.68,0.32999999999999985,-0.1073,0.1642,2.663
2021-10-22,0.48,1.22,1.66,0.30000000000000004,-0.1051,0.1659,2.442
2021-10-25,0.47,1.19,1.64,0.27,-0.103,0.1672,2.231
2021-10-26,0.47,1.2,1.63,0.30000000000000004,-0.1006,0.1687,2.375
2021-10-27,0.5,1.16,1.54,0.2799999999999998,-0.0985,0.1701,2.225
2021-10-28,0.5,1.18,1.57,0.2899999999999998,-0.0962,0.1715,2.252
2021-10-29,0.48,1.18,1.55,0.32999999999999985,-0.0938,0.1732,2.447
2021-11-01,0.5,1.2,1.58,0.31999999999999984,-0.0916,0.1749,2.353
2021-11-02,0.46,1.15,1.56,0.2799999999999998,-0.0894,0.1761,2.098
2021-11-03,0.47,1.19,1.6,0.30999999999999983,-0.0871,0.1775,2.237
2021-11-04,0.41,1.1,1.53,0.26000000000000023,-0.085,0.1784,1.934
2021-11-05,0.39,1.04,1.45,0.24,-0.083,0.1792,1.802
2021-11-08,0.45,1.13,1.51,0.2999999999999998,-0.0807,0.1805,2.109
2021-11-09,0.41,1.08,1.46,0.29000000000000026,-0.0785,0.1816,2.029
2021-11-10,0.51,1.23,1.56,0.3899999999999999,-0.076,0.1836,2.538
2021-11-12,0.53,1.24,1.58,0.3699999999999999,-0.0735,0.1854,2.392
2021-11-15,0.53,1.26,1.63,0.3600000000000001,-0.0711,0.1871,2.304
2021-11-16,0.54,1.27,1.63,0.3700000000000001,-0.0687,0.1888,2.324
2021-11-17,0.52,1.24,1.6,0.3599999999999999,-0.0661,0.1903,2.239
2021-11-18,0.52,1.22,1.59,0.32999999999999985,-0.0637,0.1915,2.056
2021-11-19,0.52,1.22,1.54,0.3799999999999999,-0.0613,0.1932,2.284
2021-11-22,0.63,1.33,1.63,0.40000000000000036,-0.0587,0.1949,2.354
2021-11-23,0.6,1.33,1.67,0.3900000000000001,-0.0562,0.1967,2.268
2021-11-24,0.64,1.34,1.64,0.40000000000000013,-0.0537,0.1984,2.287
2021-11-26,0.5,1.16,1.48,0.33999999999999986,-0.0513,0.1995,1.961
2021-11-29,0.51,1.18,1.52,0.32999999999999985,-0.0489,0.2005,1.89
2021-11-30,0.52,1.14,1.43,0.32999999999999985,-0.0465,0.2014,1.869
2021-12-01,0.56,1.15,1.43,0.30999999999999983,-0.0442,0.2021,1.753
2021-12-02,0.63,1.21,1.44,0.3500000000000001,-0.0418,0.2032,1.928
2021-12-03,0.6,1.13,1.35,0.3099999999999996,-0.0395,0.2039,1.714
2021-12-06,0.65,1.21,1.43,0.3400000000000001,-0.0371,0.2047,1.842
2021-12-07,0.7,1.26,1.48,0.3400000000000001,-0.0346,0.2055,1.823
2021-12-08,0.68,1.27,1.52,0.33999999999999986,-0.0321,0.2063,1.804
2021-12-09,0.7,1.26,1.49,0.33000000000000007,-0.0297,0.2069,1.739
2021-12-10,0.67,1.25,1.48,0.3500000000000001,-0.0271,0.2076,1.816
2021-12-13,0.66,1.21,1.42,0.33999999999999986,-0.0247,0.2083,1.751
2021-12-14,0.67,1.23,1.44,0.3500000000000001,-0.0222,0.209,1.781
2021-12-15,0.69,1.26,1.47,0.3600000000000001,-0.0196,0.2097,1.81
2021-12-16,0.64,1.19,1.44,0.2999999999999998,-0.0173,0.21,1.511
2021-12-17,0.66,1.18,1.41,0.2899999999999998,-0.0149,0.2101,1.451
2021-12-20,0.65,1.17,1.43,0.26,-0.0127,0.2099,1.299
2021-12-21,0.7,1.24,1.48,0.30000000000000004,-0.0103,0.2101,1.477
2021-12-22,0.68,1.23,1.46,0.31999999999999984,-0.0078,0.2103,1.559
2021-12-23,0.71,1.25,1.5,0.29000000000000004,-0.0054,0.2102,1.405
2021-12-27,0.76,1.26,1.48,0.28,-0.003,0.21,1.348
2021-12-28,0.74,1.27,1.49,0.31000000000000005,-0.0004,0.2099,1.479
2021-12-29,0.75,1.29,1.55,0.28,0.0019,0.2097,1.326
2021-12-30,0.73,1.27,1.52,0.29000000000000004,0.0043,0.2095,1.364
2021-12-31,0.73,1.26,1.52,0.27,0.0066,0.2092,1.259
2022-01-03,0.78,1.37,1.63,0.3300000000000003,0.0093,0.209,1.534
2022-01-04,0.77,1.37,1.66,0.3100000000000003,0.0118,0.2088,1.428
2022-01-05,0.83,1.43,1.71,0.31999999999999984,0.0144,0.2086,1.465
2022-01-06,0.88,1.47,1.73,0.33000000000000007,0.0169,0.2085,1.502
2022-01-07,0.87,1.5,1.76,0.3699999999999999,0.0196,0.2087,1.679
2022-01-10,0.92,1.53,1.78,0.3600000000000001,0.0222,0.2089,1.617
2022-01-11,0.9,1.51,1.75,0.3700000000000001,0.0248,0.2091,1.651
2022-01-12,0.92,1.5,1.74,0.3400000000000001,0.0273,0.2091,1.495
2022-01-13,0.91,1.47,1.7,0.32999999999999985,0.0297,0.209,1.437
2022-01-14,0.99,1.55,1.78,0.3300000000000003,0.0323,0.2086,1.427
2022-01-18,1.06,1.65,1.87,0.36999999999999966,0.0351,0.2085,1.606
2022-01-19,1.04,1.62,1.83,0.3700000000000001,0.0379,0.2082,1.595
2022-01-20,1.08,1.62,1.83,0.33000000000000007,0.0405,0.2077,1.394
2022-01-21,1.01,1.54,1.75,0.3200000000000003,0.0432,0.207,1.337
2022-01-24,0.99,1.53,1.75,0.3200000000000003,0.0458,0.2062,1.33
2022-01-25,1.02,1.56,1.78,0.32000000000000006,0.0485,0.2055,1.321
2022-01-26,1.13,1.66,1.85,0.33999999999999986,0.0511,0.205,1.409
2022-01-27,1.18,1.66,1.81,0.3299999999999996,0.0537,0.2042,1.353
2022-01-28,1.15,1.61,1.78,0.29000000000000026,0.0563,0.2032,1.15
2022-01-31,1.18,1.62,1.79,0.27000000000000046,0.0586,0.2022,1.045
2022-02-01,1.18,1.63,1.81,0.27,0.0611,0.2009,1.04
2022-02-02,1.16,1.6,1.78,0.26,0.0635,0.1998,0.983
2022-02-03,1.19,1.66,1.82,0.30999999999999983,0.066,0.1987,1.228
2022-02-04,1.31,1.78,1.93,0.32000000000000006,0.0687,0.1977,1.271
2022-02-07,1.3,1.76,1.92,0.2999999999999998,0.0712,0.1966,1.164
2022-02-08,1.35,1.81,1.96,0.31000000000000005,0.0738,0.1954,1.209
2022-02-09,1.36,1.82,1.94,0.3400000000000003,0.0764,0.1944,1.356
2022-02-10,1.61,1.96,2.03,0.2799999999999998,0.0789,0.1931,1.041
2022-02-11,1.5,1.84,1.92,0.26000000000000023,0.0813,0.1915,0.933
2022-02-14,1.58,1.9,1.98,0.23999999999999977,0.0835,0.1901,0.823
2022-02-15,1.58,1.94,2.05,0.25,0.0856,0.189,0.87
2022-02-16,1.52,1.9,2.03,0.25,0.0877,0.188,0.863
2022-02-17,1.49,1.85,1.97,0.24,0.0897,0.1868,0.805
2022-02-18,1.47,1.82,1.92,0.25,0.0918,0.1856,0.852
2022-02-22,1.56,1.85,1.94,0.20000000000000018,0.0936,0.1844,0.577
2022-02-23,1.58,1.89,1.99,0.20999999999999974,0.0956,0.1829,0.625
2022-02-24,1.54,1.84,1.96,0.18000000000000016,0.0974,0.1816,0.455
2022-02-25,1.55,1.86,1.97,0.19999999999999996,0.0985,0.1813,0.56
2022-02-28,1.44,1.71,1.83,0.1499999999999999,0.0994,0.181,0.28
2022-03-01,1.31,1.56,1.72,0.09000000000000008,0.1004,0.1802,-0.058
2022-03-02,1.5,1.74,1.86,0.11999999999999988,0.1017,0.1792,0.102
2022-03-03,1.53,1.74,1.86,0.08999999999999986,0.1027,0.1785,-0.071
2022-03-04,1.5,1.65,1.74,0.05999999999999983,0.1035,0.1778,-0.245
2022-03-07,1.55,1.71,1.78,0.08999999999999986,0.1043,0.1772,-0.081
2022-03-08,1.63,1.8,1.86,0.1100000000000001,0.1049,0.177,0.029
2022-03-09,1.68,1.87,1.94,0.12000000000000055,0.1056,0.1767,0.081
2022-03-10,1.72,1.92,1.98,0.14000000000000012,0.1065,0.1763,0.19
2022-03-11,1.75,1.96,2.0,0.16999999999999993,0.1077,0.1757,0.355
2022-03-14,1.87,2.1,2.14,0.18999999999999995,0.1088,0.1754,0.463
2022-03-15,1.85,2.1,2.15,0.20000000000000018,0.1099,0.1751,0.515
2022-03-16,1.95,2.18,2.19,0.2200000000000002,0.1112,0.1747,0.623
2022-03-17,1.94,2.17,2.2,0.19999999999999973,0.1126,0.1739,0.503
2022-03-18,1.97,2.14,2.14,0.17000000000000037,0.1139,0.1732,0.324
2022-03-21,2.14,2.33,2.32,0.20000000000000018,0.1151,0.1727,0.492
2022-03-22,2.18,2.39,2.38,0.2200000000000002,0.1163,0.1723,0.602
2022-03-23,2.13,2.34,2.32,0.22999999999999998,0.1177,0.1718,0.654
2022-03-24,2.13,2.37,2.34,0.27000000000000046,0.1192,0.1715,0.879
2022-03-25,2.3,2.55,2.48,0.31999999999999984,0.121,0.1713,1.162
2022-03-28,2.35,2.54,2.46,0.27,0.1225,0.1709,0.863
2022-03-29,2.35,2.49,2.41,0.2200000000000002,0.1237,0.1705,0.565
2022-03-30,2.31,2.44,2.35,0.21999999999999975,0.125,0.17,0.559
2022-03-31,2.28,2.42,2.32,0.2400000000000002,0.1262,0.1698,0.67
2022-04-01,2.44,2.55,2.39,0.2699999999999996,0.1275,0.1696,0.84
2022-04-04,2.43,2.56,2.42,0.27,0.1284,0.1698,0.834
2022-04-05,2.51,2.69,2.54,0.33000000000000007,0.1298,0.17,1.178
2022-04-06,2.5,2.7,2.61,0.2900000000000005,0.1312,0.1698,0.935
2022-04-07,2.47,2.7,2.66,0.27,0.1327,0.1694,0.811
2022-04-08,2.53,2.76,2.72,0.2699999999999996,0.1341,0.1691,0.804
2022-04-11,2.5,2.79,2.79,0.29000000000000004,0.1356,0.1688,0.915
2022-04-12,2.39,2.66,2.72,0.20999999999999996,0.1368,0.1682,0.435
2022-04-13,2.37,2.66,2.7,0.25,0.1382,0.1677,0.667
2022-04-14,2.47,2.79,2.83,0.2799999999999998,0.1395,0.1675,0.839
2022-04-18,2.46,2.79,2.85,0.27,0.141,0.167,0.772
2022-04-19,2.61,2.91,2.93,0.28000000000000025,0.1424,0.1667,0.825
2022-04-20,2.6,2.87,2.85,0.29000000000000004,0.1438,0.1664,0.879
2022-04-21,2.68,2.96,2.9,0.33999999999999986,0.1456,0.1661,1.17
2022-04-22,2.72,2.94,2.9,0.2599999999999998,0.147,0.1655,0.683
2022-04-25,2.63,2.84,2.81,0.23999999999999977,0.1484,0.1648,0.556
2022-04-26,2.54,2.79,2.77,0.27,0.1498,0.1643,0.732
2022-04-27,2.58,2.81,2.82,0.2200000000000002,0.1509,0.1639,0.422
2022-04-28,2.63,2.86,2.85,0.23999999999999977,0.152,0.1635,0.538
2022-04-29,2.7,2.92,2.89,0.24999999999999956,0.1533,0.163,0.593
2022-05-02,2.73,3.01,2.99,0.2999999999999994,0.1549,0.1625,0.893
2022-05-03,2.78,3.01,2.97,0.2699999999999996,0.1563,0.1619,0.702
2022-05-04,2.66,2.93,2.93,0.27,0.1578,0.1612,0.696
2022-05-05,2.71,3.01,3.05,0.2599999999999998,0.1594,0.1603,0.628
2022-05-06,2.72,3.06,3.12,0.2799999999999998,0.1611,0.1593,0.746
2022-05-09,2.61,2.95,3.05,0.24000000000000066,0.1625,0.1583,0.49
2022-05-10,2.62,2.91,2.99,0.20999999999999996,0.1641,0.1567,0.293
2022-05-11,2.66,2.89,2.91,0.20999999999999996,0.1657,0.1551,0.286
2022-05-12,2.56,2.81,2.84,0.2200000000000002,0.1674,0.1534,0.343
2022-05-13,2.61,2.89,2.93,0.2400000000000002,0.1688,0.1525,0.467
2022-05-16,2.58,2.83,2.88,0.20000000000000018,0.1701,0.1512,0.198
2022-05-17,2.71,2.96,2.98,0.22999999999999998,0.1716,0.1499,0.39
2022-05-18,2.68,2.89,2.89,0.20999999999999996,0.1729,0.1488,0.249
2022-05-19,2.63,2.84,2.84,0.20999999999999996,0.1743,0.1475,0.242
2022-05-20,2.6,2.8,2.78,0.21999999999999975,0.1756,0.1465,0.303
2022-05-23,2.65,2.88,2.86,0.25,0.1771,0.1454,0.501
2022-05-24,2.5,2.76,2.76,0.2599999999999998,0.1786,0.1442,0.564
2022-05-25,2.48,2.71,2.75,0.18999999999999995,0.1798,0.143,0.071
2022-05-26,2.46,2.7,2.75,0.1900000000000004,0.1811,0.1417,0.063
2022-05-27,2.47,2.71,2.74,0.20999999999999952,0.1824,0.1404,0.197
2022-05-31,2.53,2.81,2.85,0.2400000000000002,0.1838,0.139,0.404
2022-06-01,2.66,2.94,2.94,0.2799999999999998,0.1855,0.1376,0.687
2022-06-02,2.65,2.92,2.92,0.27,0.1872,0.136,0.609
2022-06-03,2.66,2.95,2.96,0.28000000000000025,0.1888,0.1347,0.677
2022-06-06,2.73,3.03,3.04,0.2899999999999996,0.1904,0.1335,0.746
2022-06-07,2.75,2.99,2.98,0.25000000000000044,0.1919,0.132,0.44
2022-06-08,2.78,3.03,3.03,0.25,0.1935,0.1302,0.434
2022-06-09,2.83,3.07,3.04,0.2699999999999996,0.1951,0.1287,0.582
2022-06-10,3.06,3.25,3.15,0.29000000000000004,0.1969,0.1268,0.734
2022-06-13,3.4,3.56,3.43,0.29000000000000004,0.1986,0.1253,0.729
2022-06-14,3.45,3.61,3.49,0.27999999999999936,0.2001,0.1239,0.645
2022-06-15,3.2,3.38,3.33,0.22999999999999954,0.2013,0.1227,0.234
2022-06-16,3.14,3.35,3.28,0.28000000000000025,0.2028,0.1214,0.636
2022-06-17,3.17,3.34,3.25,0.2599999999999998,0.2038,0.1208,0.465
2022-06-21,3.21,3.38,3.31,0.23999999999999977,0.2046,0.1204,0.294
2022-06-22,3.06,3.22,3.16,0.2200000000000002,0.2052,0.1201,0.123
2022-06-23,3.01,3.14,3.09,0.1800000000000006,0.2058,0.1196,-0.216
2022-06-24,3.04,3.18,3.13,0.1900000000000004,0.2065,0.119,-0.139
2022-06-27,3.08,3.24,3.2,0.20000000000000018,0.2071,0.1185,-0.06
2022-06-28,3.1,3.25,3.2,0.19999999999999973,0.2077,0.1181,-0.065
2022-06-29,3.06,3.15,3.1,0.13999999999999968,0.2082,0.1176,-0.58
2022-06-30,2.92,3.01,2.98,0.11999999999999966,0.2084,0.1173,-0.754
2022-07-01,2.84,2.88,2.88,0.040000000000000036,0.2085,0.1172,-1.438
2022-07-05,2.82,2.82,2.82,0.0,0.2083,0.1175,-1.773
2022-07-06,2.97,2.96,2.93,0.019999999999999574,0.2082,0.1176,-1.6
2022-07-07,3.03,3.05,3.01,0.06000000000000005,0.2083,0.1175,-1.262
2022-07-08,3.12,3.13,3.09,0.04999999999999982,0.2084,0.1174,-1.349
2022-07-11,3.07,3.05,2.99,0.03999999999999959,0.2084,0.1173,-1.436
2022-07-12,3.03,3.01,2.96,0.029999999999999805,0.2086,0.1171,-1.525
2022-07-13,3.13,3.02,2.91,0.0,0.2087,0.1169,-1.785
2022-07-14,3.15,3.06,2.96,0.010000000000000231,0.2087,0.1169,-1.7
2022-07-15,3.13,3.05,2.93,0.03999999999999959,0.2087,0.1168,-1.444
2022-07-18,3.15,3.06,2.96,0.010000000000000231,0.2088,0.1167,-1.704
2022-07-19,3.23,3.14,3.01,0.04000000000000048,0.2088,0.1166,-1.448
2022-07-20,3.25,3.18,3.04,0.07000000000000028,0.209,0.1163,-1.195
2022-07-21,3.1,3.0,2.91,-0.010000000000000231,0.209,0.1164,-1.881
2022-07-22,2.98,2.87,2.77,-0.009999999999999787,0.2092,0.1161,-1.888
2022-07-25,3.0,2.89,2.81,-0.029999999999999805,0.2092,0.116,-2.062
2022-07-26,3.02,2.89,2.81,-0.04999999999999982,0.2092,0.116,-2.234
2022-07-27,2.96,2.82,2.78,-0.10000000000000009,0.2091,0.1162,-2.66
2022-07-28,2.85,2.69,2.68,-0.15000000000000036,0.2087,0.1173,-3.058
2022-07-29,2.89,2.7,2.67,-0.1599999999999997,0.2082,0.1186,-3.105
2022-08-01,2.9,2.66,2.6,-0.17999999999999972,0.2076,0.1202,-3.225
2022-08-02,3.06,2.85,2.75,-0.10999999999999988,0.2072,0.121,-2.621
2022-08-03,3.1,2.86,2.73,-0.11000000000000032,0.207,0.1216,-2.607
2022-08-04,3.03,2.76,2.68,-0.1900000000000004,0.2064,0.1231,-3.22
2022-08-05,3.24,2.97,2.83,-0.1299999999999999,0.2062,0.1238,-2.716
2022-08-08,3.21,2.91,2.77,-0.1599999999999997,0.2056,0.1251,-2.922
2022-08-09,3.28,2.97,2.8,-0.13999999999999924,0.205,0.1263,-2.732
2022-08-10,3.23,2.93,2.78,-0.14999999999999947,0.2044,0.1278,-2.773
2022-08-11,3.23,2.98,2.87,-0.14000000000000012,0.2037,0.1291,-2.662
2022-08-12,3.25,2.97,2.84,-0.14999999999999947,0.203,0.1306,-2.703
2022-08-15,3.2,2.91,2.79,-0.16999999999999993,0.2021,0.1323,-2.813
2022-08-16,3.25,2.95,2.82,-0.16999999999999948,0.2012,0.1341,-2.768
2022-08-17,3.28,3.04,2.89,-0.08999999999999986,0.2006,0.135,-2.153
2022-08-18,3.22,3.02,2.88,-0.06000000000000005,0.2002,0.1356,-1.919
2022-08-19,3.25,3.11,2.98,-0.010000000000000231,0.2,0.1359,-1.545
2022-08-22,3.32,3.17,3.03,-0.009999999999999787,0.1996,0.1364,-1.537
2022-08-23,3.29,3.18,3.05,0.020000000000000462,0.1993,0.1367,-1.312
2022-08-24,3.36,3.2,3.11,-0.0699999999999994,0.1986,0.1376,-1.952
2022-08-25,3.35,3.15,3.03,-0.08000000000000007,0.198,0.1385,-2.007
2022-08-26,3.37,3.2,3.04,-0.009999999999999787,0.1977,0.1389,-1.495
2022-08-29,3.42,3.27,3.12,0.0,0.1973,0.1394,-1.415
2022-08-30,3.46,3.27,3.11,-0.029999999999999805,0.1968,0.1399,-1.621
2022-08-31,3.45,3.3,3.15,-4.440892098500626e-16,0.1966,0.1402,-1.402
2022-09-01,3.51,3.39,3.26,0.010000000000000675,0.1964,0.1404,-1.328
2022-09-02,3.4,3.3,3.2,-4.440892098500626e-16,0.1963,0.1406,-1.396
2022-09-06,3.5,3.43,3.33,0.03000000000000025,0.1962,0.1406,-1.182
2022-09-07,3.45,3.37,3.27,0.020000000000000018,0.196,0.1409,-1.249
2022-09-08,3.48,3.39,3.29,0.010000000000000231,0.196,0.1409,-1.32
2022-09-09,3.56,3.45,3.33,0.010000000000000231,0.1958,0.1411,-1.317
2022-09-12,3.58,3.47,3.37,-0.009999999999999787,0.1956,0.1414,-1.454
2022-09-13,3.75,3.58,3.42,-0.009999999999999787,0.1954,0.1417,-1.45
2022-09-14,3.78,3.6,3.41,0.010000000000000231,0.1952,0.1419,-1.305
2022-09-15,3.87,3.66,3.45,0.0,0.1948,0.1422,-1.37
2022-09-16,3.85,3.62,3.45,-0.06000000000000005,0.1942,0.143,-1.778
2022-09-19,3.95,3.69,3.49,-0.0600000000000005,0.1936,0.1438,-1.764
2022-09-20,3.96,3.75,3.57,-0.029999999999999805,0.1931,0.1443,-1.546
2022-09-21,4.02,3.74,3.51,-0.049999999999998934,0.1922,0.1451,-1.669
2022-09-22,4.11,3.91,3.7,0.009999999999999787,0.1918,0.1455,-1.249
2022-09-23,4.2,3.96,3.69,0.029999999999999805,0.1914,0.1458,-1.107
2022-09-26,4.27,4.15,3.88,0.15000000000000124,0.1914,0.1458,-0.284
2022-09-27,4.3,4.21,3.97,0.1499999999999999,0.1912,0.1459,-0.282
2022-09-28,4.07,3.92,3.72,0.04999999999999938,0.1907,0.1461,-0.963
2022-09-29,4.16,3.98,3.76,0.040000000000000036,0.1902,0.1464,-1.026
2022-09-30,4.22,4.06,3.83,0.0699999999999994,0.1897,0.1466,-0.817
2022-10-03,4.12,3.9,3.67,0.009999999999999787,0.189,0.1471,-1.217
2022-10-04,4.1,3.84,3.62,-0.040000000000000036,0.1883,0.1477,-1.546
2022-10-05,4.15,3.96,3.76,0.009999999999999787,0.1879,0.1481,-1.201
2022-10-06,4.23,4.05,3.83,0.03999999999999915,0.1875,0.1484,-0.994
2022-10-07,4.3,4.14,3.89,0.08999999999999941,0.1873,0.1485,-0.655
2022-10-11,4.3,4.14,3.93,0.04999999999999938,0.1869,0.1487,-0.921
2022-10-12,4.28,4.12,3.91,0.04999999999999982,0.1865,0.1489,-0.917
2022-10-13,4.47,4.21,3.97,-0.020000000000000018,0.1858,0.1495,-1.377
2022-10-14,4.48,4.25,4.0,0.019999999999999574,0.185,0.1498,-1.101
2022-10-17,4.45,4.24,4.02,0.010000000000000675,0.184,0.1502,-1.158
2022-10-18,4.43,4.21,4.01,-0.019999999999999574,0.1831,0.1507,-1.348
2022-10-19,4.55,4.35,4.14,0.009999999999999787,0.1821,0.151,-1.14
2022-10-20,4.62,4.45,4.24,0.040000000000000036,0.1811,0.1511,-0.934
2022-10-21,4.49,4.34,4.21,-0.020000000000000462,0.1799,0.1515,-1.319
2022-10-24,4.5,4.36,4.25,-0.02999999999999936,0.1787,0.152,-1.373
2022-10-25,4.42,4.25,4.1,-0.019999999999999574,0.1773,0.1522,-1.296
2022-10-26,4.39,4.2,4.04,-0.02999999999999936,0.176,0.1526,-1.35
2022-10-27,4.3,4.09,3.96,-0.08000000000000007,0.1746,0.1533,-1.661
2022-10-28,4.41,4.19,4.02,-0.049999999999998934,0.1732,0.1537,-1.452
2022-10-31,4.51,4.27,4.1,-0.07000000000000028,0.1718,0.1543,-1.567
2022-11-01,4.54,4.27,4.07,-0.07000000000000117,0.1704,0.1549,-1.552
2022-11-02,4.61,4.3,4.1,-0.11000000000000032,0.1687,0.1556,-1.791
2022-11-03,4.71,4.36,4.14,-0.129999999999999,0.1669,0.1564,-1.898
2022-11-04,4.66,4.33,4.17,-0.16999999999999993,0.1651,0.1577,-2.125
2022-11-07,4.72,4.39,4.22,-0.16000000000000014,0.1632,0.1587,-2.037
2022-11-08,4.67,4.31,4.14,-0.1900000000000004,0.1614,0.1602,-2.194
2022-11-09,4.61,4.27,4.12,-0.19000000000000128,0.1597,0.1616,-2.164
2022-11-10,4.34,3.95,3.82,-0.25999999999999934,0.1575,0.1635,-2.554
2022-11-14,4.4,4.0,3.88,-0.28000000000000025,0.1552,0.1656,-2.628
2022-11-15,4.37,3.93,3.8,-0.3099999999999996,0.1525,0.1675,-2.761
2022-11-16,4.35,3.83,3.67,-0.35999999999999943,0.1496,0.17,-2.998
2022-11-17,4.43,3.93,3.77,-0.3399999999999994,0.1468,0.1723,-2.825
2022-11-18,4.51,3.99,3.82,-0.3499999999999992,0.1439,0.1745,-2.83
2022-11-21,4.48,3.97,3.83,-0.3700000000000001,0.141,0.177,-2.887
2022-11-22,4.47,3.93,3.76,-0.3699999999999992,0.1383,0.1795,-2.832
2022-11-23,4.46,3.88,3.71,-0.41000000000000014,0.1351,0.1821,-2.993
2022-11-25,4.42,3.85,3.68,-0.3999999999999999,0.1319,0.1844,-2.884
2022-11-28,4.46,3.88,3.69,-0.3900000000000001,0.1288,0.1866,-2.78
2022-11-29,4.48,3.92,3.75,-0.39000000000000057,0.1257,0.1887,-2.733
2022-11-30,4.38,3.82,3.68,-0.4200000000000004,0.1227,0.1913,-2.837
2022-12-01,4.25,3.68,3.53,-0.4199999999999995,0.1197,0.1939,-2.783
2022-12-02,4.28,3.67,3.51,-0.4500000000000002,0.1166,0.1967,-2.881
2022-12-05,4.41,3.8,3.6,-0.4100000000000006,0.1138,0.1991,-2.631
2022-12-06,4.34,3.73,3.51,-0.3899999999999997,0.1108,0.201,-2.492
2022-12-07,4.26,3.62,3.42,-0.4399999999999995,0.1079,0.2036,-2.691
2022-12-08,4.31,3.71,3.48,-0.36999999999999966,0.105,0.2053,-2.314
2022-12-09,4.33,3.75,3.57,-0.3999999999999999,0.1021,0.2072,-2.423
2022-12-12,4.39,3.8,3.61,-0.3999999999999999,0.0992,0.209,-2.389
2022-12-13,4.22,3.66,3.51,-0.40999999999999925,0.0962,0.211,-2.399
2022-12-14,4.23,3.64,3.49,-0.4400000000000004,0.0931,0.2131,-2.502
2022-12-15,4.23,3.62,3.44,-0.43000000000000016,0.09,0.215,-2.419
2022-12-16,4.17,3.61,3.48,-0.43000000000000016,0.0869,0.2169,-2.383
2022-12-19,4.25,3.7,3.57,-0.4199999999999995,0.0838,0.2185,-2.306
2022-12-20,4.25,3.79,3.69,-0.3599999999999999,0.0812,0.2199,-2.006
2022-12-21,4.21,3.78,3.68,-0.3300000000000005,0.0788,0.221,-1.85
2022-12-22,4.24,3.79,3.67,-0.33000000000000007,0.0764,0.2222,-1.829
2022-12-23,4.31,3.86,3.75,-0.33999999999999986,0.0739,0.2233,-1.854
2022-12-27,4.32,3.94,3.84,-0.28000000000000025,0.0715,0.2238,-1.571
2022-12-28,4.31,3.97,3.88,-0.2499999999999991,0.0694,0.2243,-1.424
2022-12-29,4.34,3.94,3.83,-0.29000000000000004,0.0671,0.2251,-1.586
2022-12-30,4.41,3.99,3.88,-0.3099999999999996,0.0646,0.2258,-1.659
2023-01-03,4.4,3.94,3.79,-0.3100000000000005,0.0623,0.2266,-1.643
2023-01-04,4.36,3.85,3.69,-0.3500000000000001,0.0598,0.2276,-1.801
2023-01-05,4.45,3.9,3.71,-0.3600000000000003,0.0573,0.2287,-1.825
2023-01-06,4.24,3.69,3.55,-0.41000000000000014,0.0543,0.23,-2.019
2023-01-09,4.19,3.66,3.53,-0.3999999999999999,0.0515,0.2312,-1.953
2023-01-10,4.24,3.72,3.61,-0.4099999999999997,0.0486,0.2324,-1.973
2023-01-11,4.2,3.66,3.54,-0.41999999999999993,0.0456,0.2336,-1.993
2023-01-12,4.12,3.53,3.43,-0.49000000000000066,0.0422,0.2351,-2.264
2023-01-13,4.22,3.6,3.49,-0.5099999999999998,0.0388,0.2368,-2.318
2023-01-17,4.18,3.6,3.53,-0.5099999999999993,0.0353,0.2384,-2.287
2023-01-18,4.06,3.43,3.37,-0.5699999999999994,0.0317,0.2406,-2.501
2023-01-19,4.09,3.48,3.39,-0.52,0.0283,0.2424,-2.262
2023-01-20,4.14,3.56,3.48,-0.49999999999999956,0.025,0.2439,-2.153
2023-01-23,4.21,3.61,3.52,-0.5100000000000002,0.0215,0.2452,-2.168
2023-01-24,4.12,3.58,3.46,-0.41999999999999993,0.0184,0.2458,-1.784
2023-01-25,4.11,3.54,3.46,-0.4900000000000002,0.0151,0.2471,-2.044
2023-01-26,4.17,3.58,3.49,-0.5,0.0119,0.2484,-2.061
2023-01-27,4.19,3.62,3.52,-0.4700000000000002,0.0087,0.2495,-1.919
2023-01-30,4.25,3.68,3.55,-0.4399999999999995,0.0057,0.2503,-1.781
2023-01-31,4.21,3.63,3.52,-0.4700000000000002,0.0025,0.2512,-1.881
2023-02-01,4.09,3.48,3.39,-0.52,-0.0009,0.2525,-2.056
2023-02-02,4.09,3.49,3.4,-0.5099999999999993,-0.004,0.2539,-1.993
2023-02-03,4.3,3.67,3.53,-0.48999999999999977,-0.0071,0.2551,-1.893
2023-02-06,4.44,3.81,3.63,-0.4500000000000002,-0.0099,0.256,-1.719
2023-02-07,4.47,3.85,3.67,-0.4399999999999995,-0.0127,0.2569,-1.663
2023-02-08,4.45,3.82,3.63,-0.4400000000000004,-0.0157,0.2575,-1.648
2023-02-09,4.48,3.87,3.67,-0.41000000000000014,-0.0186,0.2578,-1.518
2023-02-10,4.5,3.93,3.74,-0.3799999999999999,-0.0213,0.258,-1.39
2023-02-13,4.52,3.93,3.72,-0.37999999999999945,-0.024,0.2581,-1.379
2023-02-14,4.6,4.0,3.77,-0.36999999999999966,-0.0268,0.258,-1.33
2023-02-15,4.62,4.04,3.81,-0.3500000000000001,-0.0293,0.2581,-1.243
2023-02-16,4.62,4.06,3.86,-0.36000000000000076,-0.0318,0.2583,-1.271
2023-02-17,4.6,4.03,3.82,-0.359999999999999,-0.0342,0.2585,-1.26
2023-02-21,4.67,4.16,3.95,-0.2999999999999998,-0.0363,0.2584,-1.021
2023-02-22,4.66,4.13,3.93,-0.3300000000000005,-0.0387,0.2584,-1.127
2023-02-23,4.66,4.09,3.88,-0.3600000000000003,-0.041,0.2586,-1.234
2023-02-24,4.78,4.19,3.95,-0.34999999999999964,-0.0434,0.2587,-1.185
2023-02-27,4.78,4.17,3.92,-0.3600000000000003,-0.0456,0.259,-1.214
2023-02-28,4.81,4.18,3.92,-0.3700000000000001,-0.0479,0.2593,-1.242
2023-03-01,4.89,4.27,4.01,-0.3600000000000003,-0.0501,0.2596,-1.194
2023-03-02,4.89,4.32,4.08,-0.3299999999999992,-0.0522,0.2598,-1.069
2023-03-03,4.86,4.26,3.97,-0.31000000000000094,-0.054,0.2599,-0.985
2023-03-06,4.89,4.27,3.98,-0.3300000000000005,-0.0557,0.2604,-1.053
2023-03-07,5.0,4.31,3.97,-0.350000000000001,-0.0575,0.2608,-1.122
2023-03-08,5.05,4.34,3.98,-0.3500000000000001,-0.0593,0.2613,-1.113
2023-03-09,4.9,4.22,3.93,-0.390000000000001,-0.0611,0.262,-1.255
2023-03-10,4.6,3.96,3.7,-0.3799999999999999,-0.0629,0.2626,-1.208
2023-03-13,4.03,3.68,3.55,-0.21999999999999975,-0.0642,0.2625,-0.594
2023-03-14,4.2,3.78,3.64,-0.2800000000000007,-0.0658,0.2626,-0.816
2023-03-15,3.93,3.59,3.51,-0.26000000000000023,-0.0674,0.2626,-0.733
2023-03-16,4.14,3.72,3.56,-0.25999999999999934,-0.0691,0.2624,-0.728
2023-03-17,3.81,3.44,3.39,-0.3200000000000003,-0.0712,0.2624,-0.948
2023-03-20,3.92,3.56,3.47,-0.27,-0.073,0.2621,-0.752
2023-03-21,4.17,3.73,3.59,-0.2999999999999998,-0.0751,0.2619,-0.859
2023-03-22,3.96,3.54,3.48,-0.3599999999999999,-0.0773,0.2619,-1.079
2023-03-23,3.76,3.39,3.38,-0.35999999999999943,-0.0794,0.262,-1.071
2023-03-24,3.76,3.41,3.38,-0.3199999999999994,-0.0815,0.2619,-0.911
2023-03-27,3.94,3.59,3.53,-0.29000000000000004,-0.0835,0.2615,-0.79
2023-03-28,4.02,3.63,3.55,-0.3099999999999996,-0.0856,0.2611,-0.859
2023-03-29,4.08,3.67,3.57,-0.31000000000000005,-0.0879,0.2605,-0.853
2023-03-30,4.1,3.66,3.55,-0.3299999999999992,-0.0905,0.2597,-0.922
2023-03-31,4.06,3.6,3.48,-0.3399999999999994,-0.0929,0.2592,-0.953
2023-04-03,3.97,3.52,3.43,-0.3600000000000003,-0.0952,0.2589,-1.023
2023-04-04,3.84,3.39,3.35,-0.4099999999999997,-0.0977,0.2589,-1.206
2023-04-05,3.79,3.36,3.3,-0.3700000000000001,-0.1002,0.2586,-1.043
2023-04-06,3.82,3.37,3.3,-0.37999999999999945,-0.1027,0.2582,-1.074
2023-04-07,3.97,3.49,3.39,-0.3799999999999999,-0.1053,0.2577,-1.066
2023-04-10,4.0,3.52,3.41,-0.3700000000000001,-0.1081,0.2567,-1.02
2023-04-11,4.03,3.54,3.43,-0.38000000000000034,-0.1108,0.256,-1.052
2023-04-12,3.95,3.46,3.41,-0.4400000000000004,-0.1136,0.2557,-1.276
2023-04-13,3.96,3.51,3.45,-0.39000000000000057,-0.1162,0.2552,-1.073
2023-04-14,4.08,3.6,3.52,-0.3999999999999999,-0.1189,0.2545,-1.105
2023-04-17,4.18,3.69,3.6,-0.3999999999999999,-0.1213,0.2543,-1.096
2023-04-18,4.19,3.69,3.58,-0.39000000000000057,-0.1239,0.2537,-1.049
2023-04-19,4.24,3.71,3.6,-0.4200000000000004,-0.1267,0.2531,-1.159
2023-04-20,4.14,3.63,3.54,-0.41999999999999993,-0.1294,0.2526,-1.15
2023-04-21,4.17,3.66,3.57,-0.4199999999999995,-0.1322,0.2519,-1.143
2023-04-24,4.12,3.6,3.52,-0.43999999999999995,-0.1351,0.2512,-1.214
2023-04-25,3.86,3.43,3.4,-0.39999999999999947,-0.138,0.2499,-1.048
2023-04-26,3.9,3.46,3.43,-0.41000000000000014,-0.1407,0.2493,-1.08
2023-04-27,4.07,3.6,3.53,-0.3999999999999999,-0.1432,0.2486,-1.033
2023-04-28,4.04,3.51,3.44,-0.4600000000000004,-0.1461,0.248,-1.266
2023-05-01,4.14,3.64,3.59,-0.4499999999999993,-0.1488,0.2477,-1.216
2023-05-02,3.97,3.46,3.44,-0.4900000000000002,-0.1517,0.2474,-1.367
2023-05-03,3.89,3.37,3.38,-0.5299999999999998,-0.1548,0.2472,-1.518
2023-05-04,3.75,3.29,3.37,-0.54,-0.1581,0.2467,-1.548
2023-05-05,3.92,3.41,3.44,-0.5399999999999996,-0.1613,0.2464,-1.537
2023-05-08,4.0,3.49,3.52,-0.5399999999999996,-0.1645,0.2461,-1.526
2023-05-09,4.01,3.51,3.53,-0.52,-0.1676,0.2456,-1.435
2023-05-10,3.9,3.37,3.43,-0.5899999999999999,-0.1711,0.2454,-1.707
2023-05-11,3.89,3.36,3.39,-0.5600000000000005,-0.1742,0.2452,-1.573
2023-05-12,3.98,3.45,3.46,-0.5399999999999996,-0.1772,0.2451,-1.48
2023-05-15,3.99,3.46,3.5,-0.5700000000000003,-0.1803,0.2451,-1.59
2023-05-16,4.06,3.52,3.54,-0.5599999999999996,-0.1834,0.245,-1.537
2023-05-17,4.12,3.58,3.57,-0.5299999999999998,-0.1865,0.2445,-1.405
2023-05-18,4.24,3.69,3.65,-0.5100000000000002,-0.1893,0.2441,-1.314
2023-05-19,4.28,3.76,3.7,-0.46000000000000085,-0.192,0.2432,-1.102
2023-05-22,4.29,3.77,3.72,-0.4700000000000002,-0.1947,0.2425,-1.135
2023-05-23,4.26,3.76,3.7,-0.4400000000000004,-0.1973,0.2417,-1.004
2023-05-24,4.31,3.75,3.73,-0.5399999999999996,-0.2003,0.2412,-1.408
2023-05-25,4.5,3.9,3.83,-0.5300000000000002,-0.2034,0.2404,-1.359
2023-05-26,4.54,3.92,3.8,-0.5,-0.2064,0.2393,-1.227
2023-05-30,4.46,3.81,3.69,-0.5299999999999998,-0.2093,0.2388,-1.343
2023-05-31,4.4,3.74,3.64,-0.56,-0.2123,0.2385,-1.458
2023-06-01,4.33,3.7,3.61,-0.5399999999999996,-0.2152,0.2379,-1.365
2023-06-02,4.5,3.84,3.69,-0.5100000000000002,-0.2182,0.2369,-1.232
2023-06-05,4.46,3.82,3.69,-0.5100000000000002,-0.2213,0.2355,-1.226
2023-06-06,4.51,3.85,3.7,-0.5099999999999998,-0.2244,0.2341,-1.22
2023-06-07,4.56,3.93,3.79,-0.4899999999999993,-0.2275,0.2325,-1.129
2023-06-08,4.52,3.87,3.73,-0.5099999999999993,-0.2307,0.2309,-1.21
2023-06-09,4.59,3.92,3.75,-0.5,-0.2337,0.2295,-1.16
2023-06-12,4.55,3.89,3.73,-0.49999999999999956,-0.2366,0.2281,-1.155
2023-06-13,4.67,4.01,3.84,-0.4900000000000002,-0.2396,0.2264,-1.106
2023-06-14,4.74,4.06,3.83,-0.45000000000000107,-0.2426,0.2242,-0.925
2023-06-15,4.62,3.91,3.72,-0.52,-0.2458,0.2224,-1.233
2023-06-16,4.7,3.99,3.77,-0.48999999999999977,-0.2488,0.2204,-1.094
2023-06-20,4.68,3.96,3.74,-0.5,-0.2517,0.2189,-1.134
2023-06-21,4.68,3.95,3.72,-0.49999999999999956,-0.2548,0.2168,-1.131
2023-06-22,4.77,4.03,3.8,-0.5099999999999989,-0.2579,0.215,-1.173
2023-06-23,4.71,3.99,3.74,-0.46999999999999975,-0.2607,0.2131,-0.982
2023-06-26,4.65,3.96,3.72,-0.4500000000000006,-0.2634,0.2112,-0.884
2023-06-27,4.74,4.02,3.77,-0.4700000000000011,-0.266,0.2097,-0.973
2023-06-28,4.71,3.97,3.71,-0.47999999999999954,-0.2686,0.2082,-1.015
2023-06-29,4.87,4.14,3.85,-0.44000000000000083,-0.2712,0.2063,-0.818
2023-06-30,4.87,4.13,3.81,-0.4200000000000004,-0.2736,0.2044,-0.716
2023-07-03,4.94,4.19,3.86,-0.4199999999999995,-0.2758,0.2029,-0.711
2023-07-05,4.94,4.25,3.95,-0.39000000000000057,-0.2779,0.2015,-0.556
2023-07-06,4.99,4.37,4.05,-0.2999999999999998,-0.2792,0.2005,-0.104
2023-07-07,4.94,4.35,4.06,-0.3000000000000007,-0.2804,0.1997,-0.098
2023-07-10,4.85,4.25,4.01,-0.35999999999999943,-0.2819,0.1989,-0.393
2023-07-11,4.88,4.24,3.99,-0.3899999999999997,-0.2837,0.1978,-0.537
2023-07-12,4.72,4.07,3.86,-0.43999999999999906,-0.2856,0.1969,-0.784
2023-07-13,4.59,3.93,3.76,-0.4899999999999993,-0.2877,0.1962,-1.031
2023-07-14,4.74,4.04,3.83,-0.4900000000000002,-0.2898,0.1956,-1.024
2023-07-17,4.74,4.02,3.81,-0.5100000000000011,-0.2918,0.1953,-1.117
2023-07-18,4.74,4.0,3.8,-0.54,-0.294,0.1949,-1.262
2023-07-19,4.74,3.98,3.75,-0.5300000000000002,-0.2963,0.1944,-1.202
2023-07-20,4.8,4.08,3.85,-0.48999999999999977,-0.2983,0.1938,-0.989
2023-07-21,4.82,4.09,3.84,-0.4800000000000004,-0.3003,0.1929,-0.932
2023-07-24,4.81,4.13,3.86,-0.4099999999999997,-0.3022,0.1916,-0.563
2023-07-25,4.85,4.15,3.91,-0.4599999999999991,-0.304,0.191,-0.817
2023-07-26,4.82,4.09,3.86,-0.5000000000000004,-0.306,0.1905,-1.018
2023-07-27,4.91,4.24,4.01,-0.4399999999999995,-0.3076,0.1898,-0.698
2023-07-28,4.87,4.18,3.96,-0.47000000000000064,-0.3092,0.1894,-0.849
2023-07-31,4.88,4.18,3.97,-0.49000000000000066,-0.3108,0.1893,-0.947
2023-08-01,4.92,4.24,4.05,-0.4899999999999993,-0.3121,0.1894,-0.939
2023-08-02,4.88,4.24,4.08,-0.47999999999999954,-0.3134,0.1894,-0.88
2023-08-03,4.9,4.3,4.2,-0.5000000000000009,-0.3147,0.1896,-0.977
2023-08-04,4.78,4.15,4.05,-0.5299999999999994,-0.3163,0.1896,-1.127
2023-08-07,4.76,4.16,4.09,-0.5299999999999994,-0.318,0.1896,-1.118
2023-08-08,4.74,4.1,4.02,-0.5600000000000005,-0.3195,0.1901,-1.265
2023-08-09,4.79,4.12,4.0,-0.5499999999999998,-0.3212,0.1903,-1.202
2023-08-10,4.82,4.21,4.09,-0.4900000000000002,-0.3225,0.1903,-0.88
2023-08-11,4.89,4.31,4.16,-0.4300000000000006,-0.3236,0.19,-0.56
2023-08-14,4.96,4.36,4.19,-0.4299999999999997,-0.3247,0.1898,-0.555
2023-08-15,4.92,4.36,4.21,-0.40999999999999925,-0.3258,0.1896,-0.444
2023-08-16,4.97,4.42,4.28,-0.41000000000000014,-0.3268,0.1893,-0.44
2023-08-17,4.94,4.42,4.3,-0.40000000000000036,-0.3277,0.1891,-0.382
2023-08-18,4.92,4.38,4.26,-0.41999999999999993,-0.3287,0.1889,-0.483
2023-08-21,4.97,4.46,4.34,-0.3899999999999997,-0.3299,0.1884,-0.319
2023-08-22,5.02,4.49,4.34,-0.379999999999999,-0.3312,0.1876,-0.26
2023-08-23,4.95,4.36,4.19,-0.41999999999999993,-0.3328,0.1866,-0.467
2023-08-24,4.98,4.39,4.23,-0.4300000000000015,-0.3345,0.1856,-0.515
2023-08-25,5.03,4.44,4.25,-0.39999999999999947,-0.3362,0.1843,-0.346
2023-08-28,4.98,4.38,4.2,-0.4200000000000008,-0.3375,0.1836,-0.449
2023-08-29,4.87,4.26,4.12,-0.47000000000000064,-0.3391,0.183,-0.715
2023-08-30,4.9,4.27,4.12,-0.4800000000000013,-0.341,0.182,-0.764
2023-08-31,4.85,4.23,4.09,-0.47999999999999865,-0.3429,0.181,-0.757
2023-09-01,4.87,4.29,4.18,-0.46999999999999975,-0.3446,0.1801,-0.696
2023-09-05,4.94,4.37,4.27,-0.46999999999999975,-0.3465,0.1789,-0.69
2023-09-06,5.01,4.44,4.3,-0.4299999999999988,-0.3482,0.1776,-0.461
2023-09-07,4.94,4.38,4.27,-0.4500000000000002,-0.35,0.1763,-0.567
2023-09-08,4.98,4.39,4.26,-0.46000000000000085,-0.3519,0.1748,-0.618
2023-09-11,4.97,4.4,4.29,-0.4599999999999991,-0.3538,0.1733,-0.613
2023-09-12,4.98,4.41,4.27,-0.4299999999999997,-0.3556,0.1719,-0.433
2023-09-13,4.96,4.39,4.25,-0.4300000000000006,-0.3573,0.1704,-0.427
2023-09-14,5.0,4.42,4.29,-0.4500000000000002,-0.3591,0.169,-0.538
2023-09-15,5.02,4.45,4.33,-0.4499999999999993,-0.3608,0.1677,-0.532
2023-09-18,5.05,4.46,4.32,-0.4500000000000002,-0.3627,0.1661,-0.526
2023-09-19,5.08,4.51,4.37,-0.4300000000000006,-0.3644,0.1646,-0.399
2023-09-20,5.12,4.52,4.35,-0.4300000000000006,-0.3658,0.1635,-0.393
2023-09-21,5.12,4.61,4.49,-0.3899999999999997,-0.3671,0.1624,-0.141
2023-09-22,5.1,4.57,4.44,-0.39999999999999947,-0.3686,0.161,-0.195
2023-09-25,5.09,4.62,4.55,-0.39999999999999947,-0.37,0.1597,-0.188
2023-09-26,5.04,4.62,4.56,-0.35999999999999943,-0.3715,0.1579,0.073
2023-09-27,5.1,4.67,4.61,-0.3700000000000001,-0.3731,0.1558,0.02
2023-09-28,5.04,4.62,4.59,-0.3899999999999997,-0.3752,0.1523,-0.097
2023-09-29,5.03,4.6,4.59,-0.4200000000000008,-0.3775,0.1486,-0.286
2023-10-02,5.12,4.72,4.69,-0.370000000000001,-0.3791,0.1462,0.062
2023-10-03,5.15,4.8,4.81,-0.3600000000000003,-0.3807,0.1438,0.144
2023-10-04,5.05,4.72,4.73,-0.34000000000000075,-0.3823,0.1409,0.3
2023-10-05,5.03,4.68,4.72,-0.39000000000000057,-0.3839,0.1387,-0.044
2023-10-06,5.08,4.75,4.78,-0.3600000000000003,-0.3852,0.137,0.184
2023-10-10,4.96,4.62,4.66,-0.3799999999999999,-0.3867,0.1347,0.05
2023-10-11,4.99,4.59,4.58,-0.39000000000000057,-0.3885,0.132,-0.011
2023-10-12,5.06,4.69,4.7,-0.379999999999999,-0.3903,0.1285,0.08
2023-10-13,5.04,4.65,4.63,-0.3699999999999992,-0.392,0.1254,0.175
2023-10-16,5.09,4.72,4.71,-0.3600000000000003,-0.3936,0.1223,0.275
2023-10-17,5.19,4.86,4.83,-0.2999999999999998,-0.3947,0.1201,0.789
2023-10-18,5.19,4.92,4.91,-0.2600000000000007,-0.3958,0.1176,1.155
2023-10-19,5.14,4.95,4.98,-0.21999999999999975,-0.3967,0.1153,1.533
2023-10-20,5.07,4.86,4.93,-0.27999999999999936,-0.3978,0.113,1.042
2023-10-23,5.05,4.81,4.86,-0.2900000000000009,-0.399,0.1102,0.989
2023-10-24,5.02,4.82,4.83,-0.20999999999999908,-0.4,0.1074,1.769
2023-10-25,5.08,4.89,4.95,-0.2500000000000009,-0.4009,0.1051,1.436
2023-10-26,5.02,4.79,4.86,-0.2999999999999998,-0.4019,0.1026,0.993
2023-10-27,4.99,4.76,4.84,-0.3100000000000005,-0.4031,0.0999,0.932
2023-10-30,5.03,4.8,4.88,-0.3100000000000005,-0.4042,0.0973,0.968
2023-10-31,5.07,4.82,4.88,-0.3099999999999996,-0.4051,0.0953,0.998
2023-11-01,4.95,4.67,4.77,-0.3799999999999999,-0.4064,0.0926,0.285
2023-11-02,4.98,4.65,4.67,-0.34999999999999964,-0.4075,0.0902,0.637
2023-11-03,4.83,4.49,4.57,-0.41999999999999993,-0.4089,0.0876,-0.127
2023-11-06,4.93,4.6,4.67,-0.40000000000000036,-0.4101,0.0856,0.118
2023-11-07,4.91,4.53,4.58,-0.4299999999999997,-0.4113,0.0837,-0.223
2023-11-08,4.93,4.51,4.49,-0.40000000000000036,-0.4122,0.0823,0.148
2023-11-09,5.03,4.65,4.62,-0.34999999999999964,-0.4129,0.0809,0.778
2023-11-10,5.04,4.65,4.61,-0.34999999999999964,-0.4136,0.0797,0.798
2023-11-13,5.02,4.66,4.63,-0.3299999999999992,-0.4141,0.0787,1.069
2023-11-14,4.8,4.42,4.44,-0.40000000000000036,-0.4147,0.0781,0.188
2023-11-15,4.9,4.52,4.53,-0.39000000000000146,-0.4151,0.0776,0.323
2023-11-16,4.83,4.43,4.45,-0.4200000000000008,-0.4156,0.0773,-0.057
2023-11-17,4.88,4.45,4.44,-0.41999999999999993,-0.4158,0.0772,-0.054
2023-11-20,4.89,4.44,4.42,-0.4299999999999988,-0.4162,0.0771,-0.179
2023-11-21,4.86,4.41,4.41,-0.4500000000000002,-0.4165,0.077,-0.435
2023-11-22,4.89,4.44,4.42,-0.4299999999999988,-0.4168,0.077,-0.171
2023-11-24,4.92,4.49,4.47,-0.40999999999999925,-0.4169,0.0769,0.09
2023-11-27,4.84,4.38,4.39,-0.46999999999999975,-0.4172,0.077,-0.686
2023-11-28,4.73,4.29,4.34,-0.4900000000000002,-0.4175,0.0771,-0.94
2023-11-29,4.64,4.22,4.27,-0.46999999999999975,-0.4179,0.0772,-0.675
2023-11-30,4.73,4.31,4.37,-0.4800000000000013,-0.4182,0.0772,-0.801
2023-12-01,4.56,4.14,4.22,-0.5,-0.4185,0.0774,-1.053
2023-12-04,4.64,4.23,4.28,-0.4599999999999991,-0.4187,0.0775,-0.533
2023-12-05,4.57,4.14,4.18,-0.47000000000000064,-0.4188,0.0775,-0.661
2023-12-06,4.6,4.12,4.12,-0.47999999999999954,-0.419,0.0776,-0.786
2023-12-07,4.58,4.11,4.14,-0.4999999999999991,-0.4195,0.0777,-1.036
2023-12-08,4.71,4.24,4.23,-0.45999999999999996,-0.4196,0.0778,-0.519
2023-12-11,4.71,4.25,4.23,-0.4400000000000004,-0.4198,0.0777,-0.26
2023-12-12,4.73,4.23,4.2,-0.46999999999999975,-0.4201,0.0778,-0.641
2023-12-13,4.46,4.0,4.04,-0.5,-0.4205,0.0779,-1.021
2023-12-14,4.37,3.9,3.92,-0.4900000000000002,-0.4208,0.078,-0.887
2023-12-15,4.44,3.91,3.91,-0.5300000000000002,-0.4212,0.0783,-1.39
2023-12-18,4.43,3.94,3.95,-0.5,-0.4215,0.0785,-1.0
2023-12-19,4.41,3.94,3.93,-0.4600000000000004,-0.4216,0.0785,-0.489
2023-12-20,4.34,3.86,3.86,-0.48,-0.4218,0.0786,-0.74
2023-12-21,4.33,3.87,3.89,-0.48,-0.4223,0.0786,-0.734
2023-12-22,4.31,3.87,3.9,-0.4699999999999993,-0.4229,0.0784,-0.601
2023-12-26,4.26,3.89,3.89,-0.36999999999999966,-0.423,0.0783,0.677
2023-12-27,4.2,3.78,3.79,-0.4300000000000006,-0.4234,0.0781,-0.085
2023-12-28,4.26,3.83,3.84,-0.4399999999999995,-0.424,0.0776,-0.206
2023-12-29,4.23,3.84,3.88,-0.4300000000000006,-0.4247,0.0768,-0.069
2024-01-02,4.33,3.93,3.95,-0.41999999999999993,-0.4252,0.0763,0.068
2024-01-03,4.33,3.9,3.91,-0.4400000000000004,-0.4258,0.076,-0.187
2024-01-04,4.38,3.97,3.99,-0.4299999999999997,-0.4262,0.0756,-0.05
2024-01-05,4.4,4.02,4.05,-0.41000000000000103,-0.4265,0.0755,0.219
2024-01-08,4.36,3.97,4.01,-0.4299999999999997,-0.4267,0.0754,-0.044
2024-01-09,4.36,3.97,4.02,-0.4399999999999995,-0.4269,0.0754,-0.174
2024-01-10,4.37,3.99,4.04,-0.4299999999999997,-0.427,0.0754,-0.04
2024-01-11,4.26,3.9,3.98,-0.43999999999999995,-0.4271,0.0754,-0.171
2024-01-12,4.14,3.84,3.96,-0.41999999999999993,-0.4271,0.0754,0.094
2024-01-16,4.22,3.95,4.07,-0.3899999999999997,-0.4267,0.0753,0.487
2024-01-17,4.34,4.02,4.1,-0.40000000000000036,-0.4263,0.0751,0.35
2024-01-18,4.34,4.04,4.14,-0.39999999999999947,-0.4258,0.0749,0.344
2024-01-19,4.39,4.08,4.15,-0.3799999999999999,-0.4251,0.0744,0.606
2024-01-22,4.37,4.03,4.11,-0.41999999999999993,-0.4247,0.0742,0.063
2024-01-23,4.31,4.06,4.14,-0.33000000000000007,-0.424,0.0743,1.265
2024-01-24,4.34,4.06,4.18,-0.40000000000000036,-0.4236,0.0741,0.318
2024-01-25,4.28,4.01,4.14,-0.40000000000000036,-0.4235,0.0741,0.317
2024-01-26,4.34,4.04,4.15,-0.41000000000000014,-0.4232,0.074,0.178
2024-01-29,4.29,3.97,4.08,-0.4299999999999997,-0.4229,0.0738,-0.096
2024-01-30,4.36,4.0,4.06,-0.41999999999999993,-0.4227,0.0738,0.037
2024-01-31,4.27,3.91,3.99,-0.4399999999999995,-0.4227,0.0738,-0.234
2024-02-01,4.2,3.8,3.87,-0.47000000000000064,-0.4227,0.0738,-0.641
2024-02-02,4.36,3.99,4.03,-0.41000000000000014,-0.4223,0.0735,0.167
2024-02-05,4.46,4.13,4.17,-0.3700000000000001,-0.4217,0.0734,0.704
2024-02-06,4.39,4.03,4.09,-0.41999999999999904,-0.4214,0.0733,0.019
2024-02-07,4.41,4.06,4.09,-0.3800000000000008,-0.4212,0.0733,0.562
2024-02-08,4.46,4.12,4.15,-0.3700000000000001,-0.4209,0.0734,0.693
2024-02-09,4.48,4.14,4.17,-0.370000000000001,-0.4206,0.0734,0.689
2024-02-12,4.46,4.13,4.17,-0.3700000000000001,-0.4204,0.0735,0.686
2024-02-13,4.64,4.31,4.31,-0.33000000000000007,-0.4202,0.0737,1.224
2024-02-14,4.56,4.25,4.27,-0.3299999999999992,-0.42,0.0738,1.22
2024-02-15,4.56,4.22,4.24,-0.3600000000000003,-0.42,0.0739,0.812
2024-02-16,4.64,4.29,4.3,-0.35999999999999943,-0.42,0.0738,0.813
2024-02-20,4.59,4.25,4.27,-0.35999999999999943,-0.42,0.0738,0.813
2024-02-21,4.64,4.3,4.32,-0.3600000000000003,-0.42,0.0738,0.813
2024-02-22,4.69,4.33,4.33,-0.3600000000000003,-0.4203,0.0735,0.82
2024-02-23,4.67,4.28,4.26,-0.3699999999999992,-0.4204,0.0734,0.687
2024-02-26,4.69,4.29,4.28,-0.39000000000000057,-0.4206,0.0733,0.417
2024-02-27,4.7,4.32,4.31,-0.3699999999999992,-0.4206,0.0732,0.691
2024-02-28,4.64,4.26,4.27,-0.3899999999999997,-0.4208,0.0732,0.421
2024-02-29,4.64,4.26,4.25,-0.3700000000000001,-0.4208,0.0732,0.694
2024-03-01,4.54,4.17,4.19,-0.39000000000000057,-0.4209,0.0731,0.423
2024-03-04,4.61,4.21,4.22,-0.41000000000000014,-0.4212,0.0729,0.154
2024-03-05,4.54,4.13,4.13,-0.41000000000000014,-0.4216,0.0725,0.16
2024-03-06,4.55,4.12,4.11,-0.41999999999999993,-0.4219,0.0723,0.026
2024-03-07,4.5,4.07,4.09,-0.4499999999999993,-0.4223,0.0722,-0.384
2024-03-08,4.48,4.06,4.09,-0.45000000000000107,-0.4227,0.0721,-0.379
2024-03-11,4.51,4.08,4.1,-0.4499999999999993,-0.423,0.072,-0.375
2024-03-12,4.58,4.15,4.16,-0.4399999999999995,-0.4232,0.072,-0.233
2024-03-13,4.61,4.19,4.19,-0.41999999999999993,-0.424,0.0708,0.056
2024-03-14,4.68,4.29,4.29,-0.3899999999999997,-0.4244,0.0703,0.489
2024-03-15,4.72,4.33,4.31,-0.3699999999999992,-0.4249,0.0696,0.789
2024-03-18,4.73,4.36,4.34,-0.34999999999999964,-0.4252,0.069,1.09
2024-03-19,4.68,4.31,4.3,-0.3600000000000003,-0.4254,0.0688,0.951
2024-03-20,4.59,4.25,4.27,-0.35999999999999943,-0.4258,0.0682,0.965
2024-03-21,4.62,4.26,4.27,-0.3700000000000001,-0.426,0.0678,0.826
2024-03-22,4.59,4.2,4.22,-0.40999999999999925,-0.4262,0.0677,0.239
2024-03-25,4.54,4.23,4.25,-0.3299999999999992,-0.4261,0.0679,1.415
2024-03-26,4.56,4.22,4.24,-0.3600000000000003,-0.4263,0.0677,0.979
2024-03-27,4.54,4.18,4.2,-0.3800000000000008,-0.4266,0.0672,0.693
2024-03-28,4.59,4.21,4.2,-0.3700000000000001,-0.4269,0.0669,0.851
2024-04-01,4.72,4.34,4.33,-0.3700000000000001,-0.4271,0.0665,0.859
2024-04-02,4.7,4.35,4.36,-0.3600000000000012,-0.4272,0.0664,1.012
2024-04-03,4.68,4.34,4.36,-0.3600000000000003,-0.4273,0.0663,1.015
2024-04-04,4.65,4.3,4.31,-0.3600000000000003,-0.4273,0.0663,1.015
2024-04-05,4.73,4.38,4.39,-0.3600000000000003,-0.4271,0.0664,1.011
2024-04-08,4.78,4.43,4.42,-0.34000000000000075,-0.427,0.0666,1.306
2024-04-09,4.74,4.37,4.36,-0.3600000000000003,-0.4269,0.0666,1.005
2024-04-10,4.97,4.61,4.55,-0.29999999999999893,-0.4266,0.067,1.89
2024-04-11,4.93,4.61,4.56,-0.2699999999999987,-0.4262,0.0677,2.307
2024-04-12,4.88,4.54,4.5,-0.2999999999999998,-0.4259,0.0681,1.849
2024-04-15,4.93,4.65,4.63,-0.2599999999999989,-0.4252,0.0689,2.398
2024-04-16,4.97,4.69,4.67,-0.2599999999999989,-0.4246,0.0696,2.365
2024-04-17,4.93,4.62,4.59,-0.27999999999999936,-0.4242,0.0702,2.054
2024-04-18,4.98,4.68,4.64,-0.2600000000000007,-0.4236,0.0709,2.307
2024-04-19,4.97,4.66,4.62,-0.2699999999999996,-0.4231,0.0716,2.138
2024-04-22,4.97,4.66,4.62,-0.2699999999999996,-0.4225,0.0722,2.112
2024-04-23,4.86,4.63,4.61,-0.21000000000000085,-0.4217,0.0734,2.884
2024-04-24,4.89,4.64,4.65,-0.2600000000000007,-0.4211,0.0741,2.174
2024-04-25,4.96,4.7,4.7,-0.2599999999999998,-0.4204,0.0748,2.144
2024-04-26,4.96,4.68,4.67,-0.27000000000000046,-0.4198,0.0754,1.987
2024-04-29,4.97,4.65,4.63,-0.29999999999999893,-0.4194,0.0758,1.575
2024-04-30,5.04,4.72,4.69,-0.2900000000000009,-0.419,0.0762,1.693
2024-05-01,4.96,4.64,4.63,-0.3100000000000005,-0.4184,0.0765,1.417
2024-05-02,4.87,4.57,4.58,-0.3099999999999996,-0.4178,0.0768,1.404
2024-05-03,4.81,4.48,4.5,-0.34999999999999876,-0.4173,0.0767,0.877
2024-05-06,4.82,4.48,4.49,-0.34999999999999964,-0.4165,0.0765,0.869
2024-05-07,4.82,4.48,4.47,-0.3299999999999992,-0.4157,0.0763,1.123
2024-05-08,4.84,4.5,4.48,-0.3200000000000003,-0.4148,0.0761,1.246
2024-05-09,4.8,4.47,4.45,-0.3100000000000005,-0.4139,0.076,1.367
2024-05-10,4.87,4.52,4.5,-0.33000000000000096,-0.4132,0.0759,1.096
2024-05-13,4.85,4.5,4.48,-0.33000000000000007,-0.4121,0.0753,1.09
2024-05-14,4.81,4.46,4.45,-0.33999999999999986,-0.4113,0.0748,0.953
2024-05-15,4.73,4.35,4.36,-0.39000000000000146,-0.4107,0.0744,0.278
2024-05-16,4.78,4.4,4.38,-0.35999999999999943,-0.4098,0.0738,0.675
2024-05-17,4.83,4.44,4.42,-0.3699999999999992,-0.4091,0.0732,0.534
2024-05-20,4.82,4.46,4.44,-0.34000000000000075,-0.4083,0.0729,0.937
2024-05-21,4.82,4.43,4.41,-0.370000000000001,-0.4078,0.0727,0.52
2024-05-22,4.86,4.47,4.43,-0.35000000000000053,-0.4073,0.0727,0.788
2024-05-23,4.91,4.52,4.47,-0.34000000000000075,-0.4068,0.0727,0.919
2024-05-24,4.93,4.53,4.46,-0.3299999999999992,-0.4064,0.0728,1.049
2024-05-28,4.94,4.56,4.54,-0.3600000000000012,-0.4057,0.0724,0.631
2024-05-29,4.96,4.63,4.61,-0.3100000000000005,-0.4048,0.0722,1.313
2024-05-30,4.92,4.57,4.55,-0.3299999999999992,-0.4041,0.0721,1.028
2024-05-31,4.89,4.52,4.51,-0.3600000000000003,-0.4035,0.0717,0.607
2024-06-03,4.82,4.42,4.41,-0.39000000000000057,-0.4028,0.071,0.18
2024-06-04,4.77,4.35,4.33,-0.40000000000000036,-0.4022,0.0705,0.031
2024-06-05,4.72,4.31,4.29,-0.39000000000000057,-0.4017,0.0702,0.167
2024-06-06,4.72,4.29,4.28,-0.41999999999999993,-0.4014,0.0699,-0.266
2024-06-07,4.87,4.46,4.43,-0.3799999999999999,-0.4009,0.0695,0.301
2024-06-10,4.87,4.48,4.47,-0.379999999999999,-0.4004,0.0693,0.294
2024-06-11,4.81,4.41,4.39,-0.379999999999999,-0.3999,0.069,0.288
2024-06-12,4.75,4.32,4.31,-0.41999999999999904,-0.3996,0.0687,-0.297
2024-06-13,4.68,4.24,4.24,-0.4399999999999995,-0.3994,0.0685,-0.593
2024-06-14,4.67,4.22,4.2,-0.4300000000000006,-0.3991,0.0682,-0.453
2024-06-17,4.75,4.3,4.28,-0.4300000000000006,-0.399,0.0682,-0.455
2024-06-18,4.69,4.24,4.22,-0.4299999999999997,-0.3987,0.0678,-0.462
2024-06-20,4.7,4.26,4.25,-0.4300000000000006,-0.3985,0.0676,-0.466
2024-06-21,4.7,4.26,4.25,-0.4300000000000006,-0.3982,0.0673,-0.473
2024-06-24,4.71,4.27,4.25,-0.4200000000000008,-0.3979,0.067,-0.33
2024-06-25,4.65,4.25,4.23,-0.3800000000000008,-0.3973,0.0666,0.26
2024-06-26,4.71,4.32,4.32,-0.3899999999999997,-0.397,0.0665,0.105
2024-06-27,4.7,4.29,4.29,-0.41000000000000014,-0.3969,0.0664,-0.197
2024-06-28,4.71,4.33,4.36,-0.41000000000000014,-0.3966,0.0662,-0.202
2024-07-01,4.77,4.44,4.48,-0.3699999999999992,-0.3962,0.0661,0.396
2024-07-02,4.74,4.39,4.43,-0.39000000000000057,-0.396,0.066,0.091
2024-07-03,4.71,4.33,4.36,-0.41000000000000014,-0.396,0.066,-0.212
2024-07-05,4.6,4.22,4.28,-0.4400000000000004,-0.396,0.066,-0.667
2024-07-08,4.62,4.23,4.28,-0.4399999999999995,-0.3962,0.0661,-0.663
2024-07-09,4.62,4.24,4.3,-0.4399999999999995,-0.3968,0.0659,-0.656
2024-07-10,4.62,4.24,4.28,-0.41999999999999993,-0.3973,0.0656,-0.346
2024-07-11,4.5,4.13,4.2,-0.4400000000000004,-0.3976,0.0656,-0.646
2024-07-12,4.45,4.1,4.18,-0.4300000000000006,-0.3977,0.0656,-0.492
2024-07-15,4.44,4.13,4.23,-0.41000000000000103,-0.3976,0.0656,-0.189
2024-07-16,4.43,4.09,4.17,-0.41999999999999993,-0.3973,0.0653,-0.348
2024-07-17,4.42,4.07,4.16,-0.4399999999999995,-0.3971,0.0651,-0.659
2024-07-18,4.46,4.11,4.2,-0.4399999999999995,-0.3969,0.0648,-0.665
2024-07-19,4.49,4.16,4.25,-0.41999999999999993,-0.3964,0.0642,-0.368
2024-07-22,4.5,4.17,4.26,-0.41999999999999993,-0.396,0.0636,-0.377
2024-07-23,4.4,4.15,4.25,-0.34999999999999964,-0.3954,0.0634,0.716
2024-07-24,4.37,4.12,4.28,-0.41000000000000014,-0.3951,0.0632,-0.236
2024-07-25,4.41,4.13,4.27,-0.41999999999999993,-0.3952,0.0632,-0.392
2024-07-26,4.36,4.06,4.2,-0.4400000000000013,-0.3951,0.0632,-0.71
2024-07-29,4.36,4.05,4.17,-0.4300000000000006,-0.3948,0.0628,-0.561
2024-07-30,4.35,4.03,4.15,-0.4399999999999995,-0.3948,0.0628,-0.72
2024-07-31,4.29,3.97,4.09,-0.4399999999999995,-0.3947,0.0627,-0.722
2024-08-01,4.16,3.84,3.99,-0.47000000000000064,-0.3946,0.0626,-1.204
2024-08-02,3.88,3.62,3.8,-0.4399999999999995,-0.3944,0.0624,-0.731
2024-08-05,3.89,3.62,3.78,-0.4299999999999997,-0.3942,0.0622,-0.576
2024-08-06,3.99,3.73,3.9,-0.43000000000000016,-0.3939,0.0619,-0.583
2024-08-07,4.0,3.79,3.96,-0.3799999999999999,-0.3933,0.0613,0.217
2024-08-08,4.04,3.83,3.99,-0.3700000000000001,-0.3927,0.0607,0.374
2024-08-09,4.05,3.8,3.94,-0.3900000000000001,-0.392,0.0598,0.033
2024-08-12,4.01,3.75,3.9,-0.4099999999999997,-0.3915,0.0589,-0.314
2024-08-13,3.93,3.68,3.85,-0.41999999999999993,-0.3912,0.0586,-0.491
2024-08-14,3.94,3.67,3.83,-0.43000000000000016,-0.3912,0.0586,-0.662
2024-08-15,4.08,3.79,3.92,-0.41999999999999993,-0.3912,0.0586,-0.491
2024-08-16,4.06,3.77,3.89,-0.4099999999999997,-0.3912,0.0586,-0.321
2024-08-19,4.06,3.75,3.86,-0.4199999999999995,-0.3912,0.0586,-0.491
2024-08-20,3.99,3.7,3.82,-0.4099999999999997,-0.3912,0.0586,-0.321
2024-08-21,3.92,3.64,3.79,-0.4299999999999997,-0.3913,0.0587,-0.659
2024-08-22,3.99,3.72,3.86,-0.4099999999999997,-0.3913,0.0587,-0.319
2024-08-23,3.9,3.65,3.81,-0.41000000000000014,-0.3915,0.0587,-0.315
2024-08-26,3.91,3.66,3.82,-0.4099999999999997,-0.3914,0.0587,-0.317
2024-08-27,3.83,3.66,3.83,-0.33999999999999986,-0.3911,0.0587,0.871
2024-08-28,3.83,3.63,3.84,-0.41000000000000014,-0.3911,0.0587,-0.322
2024-08-29,3.87,3.66,3.87,-0.41999999999999993,-0.3911,0.0587,-0.492
2024-08-30,3.91,3.71,3.91,-0.40000000000000036,-0.3908,0.0585,-0.157
2024-09-03,3.88,3.65,3.84,-0.41999999999999993,-0.3906,0.0583,-0.504
2024-09-04,3.76,3.56,3.77,-0.4099999999999997,-0.3903,0.058,-0.34
2024-09-05,3.75,3.54,3.73,-0.3999999999999999,-0.39,0.0578,-0.173
2024-09-06,3.66,3.5,3.72,-0.38000000000000034,-0.3897,0.0576,0.168
2024-09-09,3.68,3.49,3.7,-0.3999999999999999,-0.3896,0.0575,-0.181
2024-09-10,3.59,3.43,3.65,-0.37999999999999945,-0.3893,0.0574,0.162
2024-09-11,3.62,3.45,3.65,-0.36999999999999966,-0.3889,0.0572,0.33
2024-09-12,3.64,3.47,3.68,-0.3799999999999999,-0.3886,0.057,0.151
2024-09-13,3.57,3.43,3.66,-0.36999999999999966,-0.3884,0.057,0.323
2024-09-16,3.56,3.41,3.63,-0.36999999999999966,-0.3881,0.0569,0.318
2024-09-17,3.59,3.44,3.65,-0.3599999999999999,-0.3878,0.0568,0.489
2024-09-18,3.61,3.47,3.7,-0.36999999999999966,-0.3875,0.0567,0.309
2024-09-19,3.59,3.49,3.73,-0.3399999999999994,-0.387,0.0567,0.829
2024-09-20,3.55,3.48,3.73,-0.31999999999999984,-0.3866,0.0567,1.175
2024-09-23,3.57,3.51,3.75,-0.30000000000000027,-0.3861,0.0569,1.513
2024-09-24,3.49,3.47,3.74,-0.29000000000000004,-0.3857,0.0573,1.67
2024-09-25,3.53,3.52,3.79,-0.2799999999999998,-0.3852,0.0576,1.826
2024-09-26,3.6,3.55,3.79,-0.2900000000000005,-0.3848,0.0579,1.637
2024-09-27,3.55,3.5,3.75,-0.2999999999999998,-0.3845,0.0582,1.452
2024-09-30,3.66,3.58,3.81,-0.31000000000000005,-0.3843,0.0583,1.274
2024-10-01,3.61,3.51,3.74,-0.3300000000000005,-0.384,0.0584,0.925
2024-10-02,3.63,3.55,3.79,-0.3200000000000003,-0.3837,0.0585,1.089
2024-10-03,3.7,3.62,3.85,-0.31000000000000005,-0.3834,0.0587,1.25
2024-10-04,3.93,3.81,3.98,-0.29000000000000004,-0.3831,0.059,1.578
2024-10-07,3.99,3.86,4.03,-0.3000000000000007,-0.383,0.0592,1.402
2024-10-08,3.98,3.86,4.04,-0.30000000000000027,-0.3826,0.0594,1.391
2024-10-09,3.99,3.91,4.06,-0.22999999999999954,-0.3821,0.0602,2.527
2024-10-10,3.98,3.91,4.09,-0.24999999999999956,-0.3816,0.0607,2.168
2024-10-11,3.95,3.88,4.08,-0.27000000000000046,-0.3811,0.0611,1.818
2024-10-15,3.95,3.86,4.03,-0.2600000000000007,-0.3806,0.0616,1.958
2024-10-16,3.93,3.84,4.02,-0.27,-0.3802,0.062,1.777
2024-10-17,3.96,3.9,4.09,-0.25,-0.3798,0.0625,2.077
2024-10-18,3.95,3.88,4.08,-0.27000000000000046,-0.3797,0.0627,1.75
2024-10-21,4.02,3.98,4.19,-0.25,-0.3796,0.0628,2.064
2024-10-22,4.03,4.0,4.2,-0.23000000000000043,-0.3797,0.0627,2.388
2024-10-23,4.07,4.05,4.24,-0.21000000000000085,-0.3794,0.0633,2.676
2024-10-24,4.07,4.03,4.21,-0.21999999999999975,-0.3791,0.0638,2.494
2024-10-25,4.11,4.07,4.25,-0.21999999999999975,-0.3792,0.0637,2.499
2024-10-28,4.12,4.11,4.28,-0.17999999999999972,-0.3789,0.0644,3.089
2024-10-29,4.11,4.11,4.28,-0.16999999999999993,-0.3784,0.0656,3.177
2024-10-30,4.15,4.14,4.29,-0.16000000000000103,-0.3778,0.0669,3.256
2024-10-31,4.16,4.15,4.28,-0.13999999999999968,-0.3771,0.0684,3.466
2024-11-01,4.21,4.22,4.37,-0.14000000000000057,-0.3764,0.0699,3.382
2024-11-04,4.17,4.17,4.31,-0.13999999999999968,-0.3755,0.0715,3.294
2024-11-05,4.19,4.16,4.26,-0.1299999999999999,-0.3746,0.0731,3.346
2024-11-06,4.27,4.27,4.42,-0.15000000000000036,-0.3735,0.0744,3.004
2024-11-07,4.21,4.17,4.31,-0.17999999999999972,-0.3727,0.0754,2.556
2024-11-08,4.26,4.2,4.3,-0.15999999999999925,-0.3716,0.0765,2.766
2024-11-12,4.34,4.32,4.43,-0.129999999999999,-0.3705,0.0779,3.087
2024-11-13,4.27,4.3,4.44,-0.11000000000000032,-0.3696,0.0796,3.261
2024-11-14,4.34,4.32,4.43,-0.129999999999999,-0.3687,0.081,2.947
2024-11-15,4.31,4.3,4.43,-0.13999999999999968,-0.3679,0.0823,2.769
2024-11-18,4.29,4.28,4.42,-0.14999999999999947,-0.3669,0.0834,2.601
2024-11-19,4.27,4.25,4.39,-0.15999999999999925,-0.366,0.0844,2.441
2024-11-20,4.31,4.28,4.41,-0.15999999999999925,-0.365,0.0853,2.403
2024-11-21,4.34,4.3,4.43,-0.16999999999999993,-0.364,0.0861,2.253
2024-11-22,4.37,4.3,4.41,-0.1800000000000006,-0.363,0.0868,2.108
2024-11-25,4.21,4.17,4.27,-0.13999999999999968,-0.3618,0.0877,2.529
2024-11-26,4.21,4.17,4.3,-0.16999999999999993,-0.3608,0.0885,2.156
2024-11-27,4.19,4.11,4.25,-0.21999999999999975,-0.36,0.0889,1.575
2024-11-29,4.13,4.05,4.18,-0.20999999999999996,-0.359,0.0891,1.672
2024-12-02,4.17,4.08,4.19,-0.20000000000000018,-0.3578,0.0893,1.767
2024-12-03,4.17,4.11,4.23,-0.17999999999999972,-0.3567,0.0897,1.97
2024-12-04,4.13,4.07,4.19,-0.17999999999999972,-0.3555,0.09,1.95
2024-12-05,4.15,4.07,4.17,-0.17999999999999972,-0.3542,0.0902,1.931
2024-12-06,4.1,4.03,4.15,-0.1899999999999995,-0.3531,0.0906,1.8
2024-12-09,4.13,4.07,4.2,-0.1899999999999995,-0.352,0.0908,1.784
2024-12-10,4.15,4.09,4.22,-0.1900000000000004,-0.3509,0.0911,1.766
2024-12-11,4.15,4.13,4.26,-0.15000000000000036,-0.3495,0.0914,2.183
2024-12-12,4.18,4.18,4.32,-0.14000000000000057,-0.3482,0.0921,2.261
2024-12-13,4.25,4.25,4.4,-0.15000000000000036,-0.3471,0.0928,2.124
2024-12-16,4.25,4.25,4.39,-0.13999999999999968,-0.3458,0.0934,2.203
2024-12-17,4.25,4.26,4.4,-0.13000000000000078,-0.3443,0.0938,2.285
2024-12-18,4.35,4.4,4.5,-0.049999999999998934,-0.3425,0.0952,3.072
2024-12-19,4.32,4.43,4.57,-0.030000000000001137,-0.3406,0.0965,3.219
2024-12-20,4.3,4.37,4.52,-0.07999999999999918,-0.3389,0.0973,2.661
2024-12-23,4.3,4.44,4.59,-0.009999999999998899,-0.3371,0.0992,3.297
2024-12-24,4.29,4.43,4.59,-0.020000000000000462,-0.3353,0.1008,3.128
2024-12-26,4.3,4.42,4.58,-0.040000000000000036,-0.3335,0.1021,2.875
2024-12-27,4.31,4.45,4.62,-0.02999999999999936,-0.3318,0.1035,2.916
2024-12-30,4.24,4.37,4.55,-0.04999999999999982,-0.3305,0.105,2.671
2024-12-31,4.25,4.38,4.58,-0.07000000000000028,-0.3291,0.1061,2.442
2025-01-02,4.25,4.38,4.57,-0.0600000000000005,-0.3276,0.1072,2.496
2025-01-03,4.28,4.41,4.6,-0.05999999999999961,-0.3261,0.1083,2.457
2025-01-06,4.28,4.42,4.62,-0.0600000000000005,-0.3247,0.1094,2.42
2025-01-07,4.3,4.46,4.67,-0.04999999999999982,-0.3231,0.1105,2.471
2025-01-08,4.28,4.45,4.67,-0.04999999999999982,-0.3216,0.1116,2.434
2025-01-09,4.27,4.46,4.68,-0.02999999999999936,-0.3201,0.113,2.567
2025-01-10,4.4,4.59,4.77,0.009999999999999787,-0.3184,0.1147,2.863
2025-01-13,4.4,4.61,4.79,0.03000000000000025,-0.3165,0.1165,2.974
2025-01-14,4.37,4.59,4.78,0.02999999999999936,-0.3147,0.1183,2.914
2025-01-15,4.27,4.45,4.66,-0.02999999999999936,-0.3131,0.1194,2.371
2025-01-16,4.23,4.39,4.61,-0.060000000000001386,-0.3116,0.1203,2.091
2025-01-17,4.27,4.42,4.61,-0.040000000000000036,-0.3102,0.1214,2.226
2025-01-21,4.29,4.4,4.57,-0.05999999999999961,-0.3089,0.1223,2.035
2025-01-22,4.29,4.43,4.6,-0.03000000000000025,-0.3074,0.1234,2.248
2025-01-23,4.29,4.45,4.65,-0.040000000000000036,-0.3061,0.1244,2.139
2025-01-24,4.27,4.43,4.63,-0.040000000000000036,-0.3046,0.1253,2.112
2025-01-27,4.17,4.32,4.53,-0.05999999999999961,-0.3035,0.1263,1.928
2025-01-28,4.19,4.33,4.55,-0.08000000000000007,-0.3022,0.1269,1.751
2025-01-29,4.21,4.35,4.55,-0.0600000000000005,-0.3009,0.1277,1.886
2025-01-30,4.18,4.31,4.52,-0.08000000000000007,-0.2996,0.1282,1.713
2025-01-31,4.22,4.36,4.58,-0.07999999999999918,-0.2982,0.1287,1.695
2025-02-03,4.26,4.35,4.54,-0.10000000000000053,-0.2969,0.1291,1.525
2025-02-04,4.21,4.31,4.52,-0.11000000000000032,-0.2956,0.1293,1.435
2025-02-05,4.17,4.24,4.43,-0.11999999999999922,-0.2942,0.1293,1.347
2025-02-06,4.21,4.28,4.45,-0.09999999999999964,-0.293,0.1297,1.488
2025-02-07,4.29,4.34,4.49,-0.10000000000000053,-0.2919,0.1301,1.475
2025-02-10,4.28,4.34,4.51,-0.11000000000000032,-0.2907,0.1304,1.386
2025-02-11,4.29,4.37,4.54,-0.08999999999999986,-0.2895,0.1309,1.524
2025-02-12,4.36,4.48,4.62,-0.019999999999999574,-0.2881,0.1319,2.033
2025-02-13,4.31,4.39,4.52,-0.04999999999999982,-0.2869,0.1326,1.787
2025-02-14,4.26,4.33,4.47,-0.0699999999999994,-0.2857,0.1332,1.619
2025-02-18,4.29,4.4,4.55,-0.03999999999999915,-0.2845,0.1341,1.823
2025-02-19,4.28,4.37,4.53,-0.07000000000000028,-0.2835,0.1347,1.585
2025-02-20,4.28,4.34,4.5,-0.10000000000000053,-0.2825,0.1351,1.351
2025-02-21,4.19,4.26,4.42,-0.09000000000000075,-0.2814,0.1356,1.412
2025-02-24,4.13,4.23,4.4,-0.0699999999999994,-0.2802,0.1362,1.543
2025-02-25,4.07,4.12,4.3,-0.1299999999999999,-0.2793,0.1364,1.095
2025-02-26,4.05,4.06,4.25,-0.1800000000000006,-0.2786,0.1364,0.723
2025-02-27,4.07,4.09,4.29,-0.1800000000000006,-0.2779,0.1365,0.717
2025-02-28,3.99,4.03,4.24,-0.16999999999999993,-0.277,0.1364,0.784
2025-03-03,3.96,3.97,4.16,-0.17999999999999972,-0.2762,0.1364,0.705
2025-03-04,3.96,4.01,4.22,-0.16000000000000014,-0.2753,0.1365,0.845
2025-03-05,3.99,4.08,4.28,-0.11000000000000032,-0.2743,0.1367,1.202
2025-03-06,3.96,4.06,4.29,-0.13000000000000078,-0.2733,0.1368,1.048
2025-03-07,3.99,4.09,4.32,-0.13000000000000078,-0.2721,0.1368,1.039
2025-03-10,3.89,3.98,4.22,-0.14999999999999947,-0.2711,0.1368,0.885
2025-03-11,3.94,4.03,4.28,-0.15999999999999925,-0.2701,0.1366,0.806
2025-03-12,4.01,4.09,4.32,-0.15000000000000036,-0.2689,0.1364,0.872
2025-03-13,3.94,4.02,4.27,-0.16999999999999993,-0.2678,0.136,0.719
2025-03-14,4.02,4.09,4.31,-0.14999999999999947,-0.2666,0.1357,0.859
2025-03-17,4.06,4.11,4.31,-0.14999999999999858,-0.2654,0.1355,0.852
2025-03-18,4.04,4.07,4.29,-0.1899999999999995,-0.2645,0.1352,0.551
2025-03-19,3.99,4.03,4.25,-0.17999999999999972,-0.2637,0.1351,0.62
2025-03-20,3.95,4.01,4.24,-0.17000000000000082,-0.2629,0.135,0.688
2025-03-21,3.94,4.0,4.25,-0.1899999999999995,-0.2623,0.135,0.536
2025-03-24,4.04,4.09,4.34,-0.20000000000000018,-0.2616,0.1349,0.457
2025-03-25,3.96,4.07,4.31,-0.129999999999999,-0.2607,0.135,0.968
2025-03-26,3.98,4.08,4.35,-0.16999999999999993,-0.2599,0.135,0.666
2025-03-27,3.97,4.09,4.38,-0.17000000000000082,-0.259,0.1348,0.66
2025-03-28,3.89,3.98,4.27,-0.1999999999999993,-0.2585,0.1347,0.434
2025-03-31,3.89,3.96,4.23,-0.20000000000000107,-0.2578,0.1346,0.429
2025-04-01,3.87,3.91,4.17,-0.21999999999999975,-0.2572,0.1344,0.277
2025-04-02,3.91,3.95,4.2,-0.20999999999999996,-0.2565,0.1343,0.346
2025-04-03,3.71,3.75,4.06,-0.2699999999999996,-0.2562,0.1341,-0.103
2025-04-04,3.68,3.72,4.01,-0.24999999999999956,-0.2557,0.1339,0.043
2025-04-07,3.73,3.82,4.15,-0.24000000000000066,-0.2552,0.1338,0.114
2025-04-08,3.71,3.88,4.26,-0.20999999999999996,-0.2546,0.1336,0.334
2025-04-09,3.91,4.06,4.34,-0.13000000000000078,-0.2537,0.1337,0.925
2025-04-10,3.84,4.04,4.4,-0.16000000000000014,-0.253,0.1337,0.696
2025-04-11,3.96,4.15,4.48,-0.13999999999999968,-0.2521,0.1337,0.838
2025-04-14,3.84,4.02,4.38,-0.1800000000000006,-0.2517,0.1338,0.536
2025-04-15,3.84,3.98,4.35,-0.22999999999999954,-0.2515,0.1338,0.161
2025-04-16,3.77,3.91,4.29,-0.23999999999999932,-0.2513,0.1337,0.085
2025-04-17,3.81,3.95,4.34,-0.25,-0.2512,0.1337,0.009
2025-04-21,3.75,3.97,4.42,-0.22999999999999954,-0.2511,0.1337,0.158
2025-04-22,3.76,3.98,4.41,-0.20999999999999996,-0.2508,0.1338,0.305
2025-04-23,3.81,4.0,4.4,-0.21000000000000085,-0.2506,0.1338,0.303
2025-04-24,3.77,3.91,4.32,-0.2699999999999996,-0.2506,0.1338,-0.145
2025-04-25,3.74,3.88,4.29,-0.27000000000000046,-0.2506,0.1338,-0.145
2025-04-28,3.67,3.81,4.23,-0.28000000000000025,-0.2509,0.1338,-0.217
2025-04-29,3.65,3.77,4.19,-0.30000000000000027,-0.2511,0.1338,-0.365
2025-04-30,3.6,3.72,4.17,-0.3299999999999996,-0.2513,0.1339,-0.588
2025-05-01,3.7,3.81,4.25,-0.33000000000000007,-0.2516,0.134,-0.585
2025-05-02,3.83,3.92,4.33,-0.3200000000000003,-0.2517,0.134,-0.51
2025-05-05,3.83,3.95,4.36,-0.29000000000000004,-0.2517,0.134,-0.286
2025-05-06,3.78,3.9,4.3,-0.28000000000000025,-0.2515,0.134,-0.213
2025-05-07,3.78,3.87,4.26,-0.2999999999999994,-0.2515,0.134,-0.362
2025-05-08,3.9,4.0,4.37,-0.27000000000000046,-0.2512,0.1338,-0.141
2025-05-09,3.88,4.0,4.37,-0.25,-0.2508,0.1337,0.006
2025-05-12,3.98,4.09,4.45,-0.2500000000000009,-0.2505,0.1336,0.004
2025-05-13,4.02,4.12,4.49,-0.2699999999999996,-0.2503,0.1335,-0.148
2025-05-14,4.05,4.17,4.53,-0.2400000000000002,-0.25,0.1335,0.075
2025-05-15,3.96,4.07,4.45,-0.2699999999999996,-0.2498,0.1334,-0.151
2025-05-16,3.98,4.06,4.43,-0.2900000000000009,-0.2496,0.1333,-0.303
2025-05-19,3.97,4.07,4.46,-0.29000000000000004,-0.2494,0.1332,-0.305
2025-05-20,3.97,4.07,4.48,-0.3100000000000005,-0.2491,0.133,-0.458
2025-05-21,4.0,4.15,4.58,-0.27999999999999936,-0.2488,0.1328,-0.235
2025-05-22,4.0,4.11,4.54,-0.3199999999999994,-0.2486,0.1326,-0.538
2025-05-23,4.0,4.08,4.51,-0.34999999999999964,-0.2486,0.1327,-0.764
2025-05-27,3.92,4.04,4.43,-0.2699999999999996,-0.2482,0.1325,-0.165
2025-05-28,3.96,4.05,4.47,-0.33000000000000007,-0.2481,0.1324,-0.619
2025-05-29,3.92,4.0,4.43,-0.34999999999999964,-0.2482,0.1324,-0.769
2025-05-30,3.89,3.96,4.41,-0.3800000000000008,-0.2484,0.1326,-0.992
2025-06-02,3.94,4.01,4.46,-0.3799999999999999,-0.2485,0.1327,-0.991
2025-06-03,3.96,4.04,4.46,-0.33999999999999986,-0.2486,0.1327,-0.689
2025-06-04,3.87,3.93,4.37,-0.3799999999999999,-0.2488,0.1329,-0.987
2025-06-05,3.92,3.99,4.4,-0.33999999999999986,-0.2487,0.1328,-0.687
2025-06-06,4.04,4.13,4.51,-0.29000000000000004,-0.2483,0.1326,-0.314
2025-06-09,4.01,4.09,4.49,-0.3200000000000003,-0.248,0.1323,-0.544
2025-06-10,4.01,4.08,4.47,-0.3199999999999994,-0.2477,0.1321,-0.547
2025-06-11,3.94,4.02,4.41,-0.3100000000000005,-0.2473,0.1317,-0.476
2025-06-12,3.9,3.97,4.36,-0.3199999999999994,-0.247,0.1315,-0.555
2025-06-13,3.96,4.02,4.41,-0.33000000000000096,-0.2468,0.1313,-0.634
2025-06-16,3.97,4.04,4.46,-0.35000000000000053,-0.2467,0.1312,-0.787
2025-06-17,3.94,3.99,4.39,-0.34999999999999876,-0.2464,0.1309,-0.791
2025-06-18,3.94,3.98,4.38,-0.3600000000000003,-0.2461,0.1305,-0.873
2025-06-20,3.9,3.96,4.38,-0.3600000000000003,-0.2458,0.1302,-0.877
2025-06-23,3.84,3.91,4.34,-0.35999999999999943,-0.2456,0.1299,-0.881
2025-06-24,3.75,3.86,4.3,-0.33000000000000007,-0.2452,0.1295,-0.655
2025-06-25,3.74,3.83,4.29,-0.3700000000000001,-0.2449,0.1292,-0.968
2025-06-26,3.7,3.79,4.26,-0.3799999999999999,-0.2447,0.129,-1.049
2025-06-27,3.73,3.83,4.29,-0.3599999999999999,-0.2445,0.1287,-0.897
2025-06-30,3.72,3.79,4.24,-0.38000000000000034,-0.2445,0.1287,-1.053
2025-07-01,3.78,3.84,4.26,-0.3599999999999999,-0.2444,0.1286,-0.899
2025-07-02,3.78,3.87,4.3,-0.3399999999999994,-0.2441,0.1283,-0.747
2025-07-03,3.88,3.94,4.35,-0.34999999999999964,-0.2438,0.128,-0.83
2025-07-07,3.9,3.96,4.4,-0.3800000000000008,-0.2439,0.1281,-1.062
2025-07-08,3.9,3.99,4.42,-0.33999999999999986,-0.2437,0.1279,-0.753
2025-07-09,3.86,3.92,4.34,-0.3599999999999999,-0.2435,0.1277,-0.912
2025-07-10,3.86,3.93,4.35,-0.34999999999999964,-0.2431,0.1272,-0.84
2025-07-11,3.9,3.99,4.43,-0.34999999999999964,-0.2428,0.1268,-0.845
2025-07-14,3.9,3.98,4.43,-0.3699999999999992,-0.2425,0.1265,-1.008
2025-07-15,3.95,4.05,4.5,-0.35000000000000053,-0.2422,0.1261,-0.855
2025-07-16,3.88,3.99,4.46,-0.35999999999999943,-0.2419,0.1257,-0.94
2025-07-17,3.91,4.01,4.47,-0.3600000000000003,-0.2416,0.1254,-0.944
2025-07-18,3.88,3.96,4.44,-0.40000000000000036,-0.2416,0.1253,-1.264
2025-07-21,3.85,3.91,4.38,-0.4099999999999997,-0.2415,0.1253,-1.345
2025-07-22,3.83,3.88,4.35,-0.41999999999999993,-0.2415,0.1252,-1.426
2025-07-23,3.88,3.94,4.4,-0.40000000000000036,-0.2413,0.1249,-1.271
2025-07-24,3.91,3.98,4.43,-0.3799999999999999,-0.2412,0.1247,-1.113
2025-07-25,3.91,3.95,4.4,-0.41000000000000014,-0.2411,0.1247,-1.354
2025-07-28,3.91,3.96,4.42,-0.41000000000000014,-0.2413,0.125,-1.35
2025-07-29,3.86,3.9,4.34,-0.3999999999999999,-0.2413,0.1249,-1.271
2025-07-30,3.94,3.96,4.38,-0.3999999999999999,-0.2412,0.1248,-1.272
2025-07-31,3.94,3.96,4.37,-0.3900000000000001,-0.241,0.1245,-1.197
2025-08-01,3.69,3.77,4.23,-0.38000000000000034,-0.2408,0.1242,-1.121
2025-08-04,3.69,3.75,4.22,-0.4099999999999997,-0.2407,0.1241,-1.364
2025-08-05,3.72,3.77,4.22,-0.3999999999999999,-0.2406,0.1238,-1.288
2025-08-06,3.69,3.77,4.22,-0.36999999999999966,-0.2402,0.1233,-1.053
2025-08-07,3.72,3.79,4.23,-0.37000000000000055,-0.2399,0.1229,-1.059
2025-08-08,3.76,3.84,4.27,-0.34999999999999964,-0.2396,0.1225,-0.901
2025-08-11,3.76,3.83,4.27,-0.3699999999999992,-0.2393,0.1222,-1.07
2025-08-12,3.72,3.83,4.29,-0.3500000000000001,-0.2392,0.1221,-0.907
2025-08-13,3.67,3.77,4.24,-0.3700000000000001,-0.2392,0.1221,-1.071
2025-08-14,3.74,3.82,4.29,-0.39000000000000057,-0.2392,0.1221,-1.235
2025-08-15,3.75,3.85,4.33,-0.3799999999999999,-0.2391,0.1219,-1.156
2025-08-18,3.77,3.86,4.34,-0.3900000000000001,-0.239,0.1217,-1.241
2025-08-19,3.75,3.82,4.3,-0.41000000000000014,-0.2389,0.1216,-1.407
2025-08-20,3.74,3.81,4.29,-0.41000000000000014,-0.2388,0.1216,-1.408
2025-08-21,3.79,3.86,4.33,-0.40000000000000036,-0.2388,0.1215,-1.327
2025-08-22,3.68,3.76,4.26,-0.4200000000000004,-0.2388,0.1215,-1.491
2025-08-25,3.73,3.8,4.28,-0.4100000000000006,-0.2388,0.1215,-1.409
2025-08-26,3.61,3.75,4.26,-0.36999999999999966,-0.2386,0.1212,-1.084
2025-08-27,3.59,3.69,4.24,-0.4500000000000002,-0.2387,0.1214,-1.741
2025-08-28,3.62,3.69,4.22,-0.45999999999999996,-0.2389,0.1218,-1.815
2025-08-29,3.59,3.68,4.23,-0.45999999999999996,-0.2391,0.1221,-1.809
2025-09-02,3.66,3.74,4.28,-0.45999999999999996,-0.2396,0.1227,-1.796
2025-09-03,3.61,3.69,4.22,-0.44999999999999973,-0.2398,0.123,-1.709
2025-09-04,3.59,3.65,4.17,-0.45999999999999996,-0.2399,0.1232,-1.787
2025-09-05,3.51,3.59,4.1,-0.4299999999999997,-0.24,0.1234,-1.54
2025-09-08,3.49,3.57,4.05,-0.40000000000000036,-0.24,0.1233,-1.298
2025-09-09,3.54,3.61,4.08,-0.40000000000000036,-0.2399,0.1232,-1.3
2025-09-10,3.54,3.59,4.04,-0.40000000000000036,-0.2399,0.1232,-1.3
2025-09-11,3.52,3.59,4.01,-0.3500000000000001,-0.2398,0.1231,-0.895
2025-09-12,3.56,3.63,4.06,-0.3599999999999999,-0.2396,0.1229,-0.98
2025-09-15,3.54,3.61,4.05,-0.3700000000000001,-0.2396,0.1229,-1.061
2025-09-16,3.51,3.59,4.04,-0.3700000000000001,-0.2396,0.1229,-1.061
2025-09-17,3.52,3.62,4.06,-0.3399999999999994,-0.2394,0.1227,-0.82
2025-09-18,3.57,3.67,4.11,-0.3400000000000003,-0.2393,0.1226,-0.821
2025-09-19,3.57,3.68,4.14,-0.3499999999999992,-0.2392,0.1225,-0.904
2025-09-22,3.61,3.71,4.15,-0.3400000000000003,-0.2392,0.1225,-0.823
2025-09-23,3.53,3.68,4.12,-0.2899999999999996,-0.2388,0.1222,-0.419
2025-09-24,3.57,3.7,4.16,-0.3299999999999996,-0.2388,0.1222,-0.746
2025-09-25,3.64,3.75,4.18,-0.31999999999999984,-0.2388,0.1222,-0.664
2025-09-26,3.63,3.76,4.2,-0.3100000000000005,-0.2388,0.1222,-0.583
2025-09-29,3.63,3.74,4.15,-0.2999999999999998,-0.2389,0.1222,-0.5
2025-09-30,3.6,3.74,4.16,-0.2799999999999998,-0.2389,0.1222,-0.336
2025-10-01,3.55,3.68,4.12,-0.3099999999999996,-0.239,0.1223,-0.581
2025-10-02,3.55,3.67,4.1,-0.3099999999999996,-0.239,0.1223,-0.581
2025-10-03,3.58,3.72,4.13,-0.2699999999999996,-0.2388,0.1222,-0.255
2025-10-06,3.6,3.75,4.18,-0.2799999999999998,-0.2387,0.1221,-0.338
2025-10-07,3.57,3.71,4.14,-0.2899999999999996,-0.2385,0.1221,-0.422
2025-10-08,3.58,3.72,4.13,-0.2699999999999996,-0.2384,0.122,-0.259
2025-10-09,3.6,3.74,4.14,-0.25999999999999934,-0.2383,0.122,-0.178
2025-10-10,3.52,3.65,4.05,-0.27,-0.2381,0.1219,-0.262
2025-10-14,3.48,3.6,4.03,-0.31000000000000005,-0.2382,0.1219,-0.589
2025-10-15,3.5,3.63,4.05,-0.29000000000000004,-0.2384,0.122,-0.423
2025-10-16,3.41,3.55,3.99,-0.3000000000000007,-0.2386,0.122,-0.503
2025-10-17,3.46,3.59,4.02,-0.2999999999999998,-0.2387,0.1221,-0.502
2025-10-20,3.46,3.58,4.0,-0.2999999999999998,-0.2389,0.1221,-0.5
2025-10-21,3.45,3.56,3.98,-0.31000000000000005,-0.239,0.1222,-0.581
2025-10-22,3.45,3.56,3.97,-0.30000000000000027,-0.2392,0.1223,-0.497
2025-10-23,3.48,3.61,4.01,-0.27,-0.2392,0.1223,-0.252
2025-10-24,3.48,3.61,4.02,-0.2799999999999998,-0.2394,0.1223,-0.332
2025-10-27,3.48,3.61,4.01,-0.27,-0.2395,0.1223,-0.249
2025-10-28,3.47,3.6,3.99,-0.26000000000000023,-0.2397,0.1223,-0.166
2025-10-29,3.59,3.7,4.08,-0.2699999999999996,-0.2399,0.1223,-0.246
2025-10-30,3.61,3.72,4.11,-0.2799999999999998,-0.2402,0.1223,-0.325
2025-10-31,3.6,3.71,4.11,-0.2900000000000005,-0.2406,0.1223,-0.404
2025-11-03,3.6,3.72,4.13,-0.2899999999999996,-0.2411,0.1223,-0.4
2025-11-04,3.58,3.69,4.1,-0.2999999999999998,-0.2416,0.1222,-0.478
2025-11-05,3.63,3.76,4.17,-0.28000000000000025,-0.2422,0.1221,-0.31
2025-11-06,3.57,3.69,4.11,-0.30000000000000027,-0.2428,0.1219,-0.469
2025-11-07,3.55,3.67,4.11,-0.3200000000000003,-0.2435,0.1219,-0.628
2025-11-10,3.58,3.72,4.13,-0.2699999999999996,-0.2441,0.1217,-0.213
2025-11-12,3.56,3.68,4.08,-0.2799999999999998,-0.2446,0.1215,-0.291
2025-11-13,3.58,3.71,4.11,-0.27000000000000046,-0.245,0.1215,-0.206
2025-11-14,3.62,3.74,4.14,-0.27999999999999936,-0.2454,0.1214,-0.285
2025-11-17,3.6,3.72,4.13,-0.2899999999999996,-0.2461,0.1212,-0.362
2025-11-18,3.58,3.7,4.12,-0.2999999999999998,-0.2468,0.1209,-0.44
2025-11-19,3.58,3.71,4.13,-0.29000000000000004,-0.2475,0.1207,-0.352
2025-11-20,3.55,3.68,4.1,-0.28999999999999915,-0.2481,0.1206,-0.347
2025-11-21,3.51,3.62,4.06,-0.3299999999999992,-0.2488,0.1205,-0.674
2025-11-24,3.46,3.61,4.04,-0.28000000000000025,-0.2492,0.1204,-0.256
2025-11-25,3.43,3.55,4.01,-0.3400000000000003,-0.25,0.1204,-0.748
2025-11-26,3.45,3.56,4.0,-0.33000000000000007,-0.2506,0.1204,-0.659
2025-11-28,3.47,3.59,4.02,-0.31000000000000005,-0.2511,0.1204,-0.489
2025-12-01,3.54,3.67,4.09,-0.29000000000000004,-0.2517,0.1202,-0.319
2025-12-02,3.51,3.66,4.09,-0.27999999999999936,-0.2521,0.1201,-0.232
2025-12-03,3.49,3.62,4.06,-0.3099999999999996,-0.2525,0.1201,-0.479
2025-12-04,3.52,3.68,4.11,-0.27,-0.2527,0.1201,-0.144
2025-12-05,3.56,3.72,4.14,-0.25999999999999934,-0.253,0.1201,-0.058
2025-12-08,3.57,3.75,4.17,-0.23999999999999977,-0.2532,0.12,0.11
2025-12-09,3.61,3.78,4.18,-0.22999999999999998,-0.2534,0.1199,0.195
2025-12-10,3.54,3.72,4.13,-0.22999999999999954,-0.2536,0.1198,0.197
2025-12-11,3.52,3.72,4.14,-0.2199999999999993,-0.2537,0.1198,0.281
2025-12-12,3.52,3.75,4.19,-0.2100000000000004,-0.2538,0.1197,0.366
2025-12-15,3.51,3.73,4.18,-0.22999999999999954,-0.254,0.1197,0.201
2025-12-16,3.48,3.69,4.15,-0.25000000000000044,-0.2544,0.1195,0.037
2025-12-17,3.49,3.7,4.16,-0.25,-0.2548,0.1193,0.04
2025-12-18,3.46,3.66,4.12,-0.2599999999999998,-0.2552,0.1191,-0.04
2025-12-19,3.48,3.7,4.16,-0.23999999999999977,-0.2556,0.1189,0.131
2025-12-22,3.44,3.71,4.17,-0.18999999999999995,-0.2559,0.1187,0.555
2025-12-23,3.48,3.72,4.18,-0.2199999999999993,-0.2565,0.118,0.309
2025-12-24,3.47,3.7,4.15,-0.2200000000000002,-0.2573,0.1171,0.319
2025-12-26,3.46,3.68,4.14,-0.23999999999999932,-0.2579,0.1166,0.154
2025-12-29,3.45,3.67,4.12,-0.23000000000000043,-0.2588,0.1156,0.249
2025-12-30,3.45,3.68,4.14,-0.22999999999999954,-0.2596,0.1146,0.258
2025-12-31,3.47,3.73,4.18,-0.18999999999999995,-0.2602,0.1138,0.617
2026-01-02,3.47,3.74,4.19,-0.1800000000000006,-0.2608,0.113,0.715
2026-01-05,3.46,3.71,4.17,-0.20999999999999996,-0.2615,0.1123,0.459
2026-01-06,3.47,3.72,4.18,-0.20999999999999952,-0.262,0.1117,0.466
2026-01-07,3.47,3.7,4.15,-0.2200000000000002,-0.2627,0.111,0.385
2026-01-08,3.49,3.74,4.19,-0.20000000000000018,-0.2632,0.1103,0.573
2026-01-09,3.54,3.75,4.18,-0.21999999999999975,-0.2638,0.1096,0.4
2026-01-12,3.54,3.77,4.19,-0.1900000000000004,-0.2644,0.1088,0.684
2026-01-13,3.53,3.75,4.18,-0.20999999999999952,-0.265,0.108,0.509
2026-01-14,3.51,3.72,4.15,-0.21999999999999975,-0.2658,0.1071,0.428
2026-01-15,3.56,3.77,4.17,-0.18999999999999995,-0.2666,0.1057,0.725
2026-01-16,3.59,3.82,4.24,-0.1900000000000004,-0.2675,0.1042,0.744
2026-01-20,3.6,3.86,4.3,-0.1800000000000006,-0.2683,0.1026,0.861
2026-01-21,3.6,3.83,4.26,-0.1999999999999993,-0.269,0.1016,0.679
2026-01-22,3.61,3.85,4.26,-0.16999999999999993,-0.2694,0.1009,0.985
2026-01-23,3.6,3.84,4.24,-0.16000000000000014,-0.2699,0.1001,1.098
2026-01-26,3.56,3.82,4.22,-0.13999999999999968,-0.2702,0.0996,1.307
2026-01-27,3.53,3.81,4.24,-0.15000000000000036,-0.2707,0.0987,1.223
2026-01-28,3.56,3.83,4.26,-0.16000000000000014,-0.2712,0.0979,1.136
2026-01-29,3.53,3.8,4.24,-0.16999999999999993,-0.2717,0.097,1.048
2026-01-30,3.52,3.79,4.26,-0.1999999999999993,-0.2722,0.0962,0.751
2026-02-02,3.57,3.83,4.29,-0.20000000000000018,-0.2727,0.0955,0.761
2026-02-03,3.57,3.83,4.28,-0.1900000000000004,-0.2732,0.0947,0.879
2026-02-04,3.57,3.83,4.29,-0.20000000000000018,-0.2737,0.094,0.784
2026-02-05,3.47,3.74,4.21,-0.20000000000000018,-0.2742,0.0934,0.794
2026-02-06,3.5,3.76,4.22,-0.20000000000000018,-0.2746,0.0928,0.804
2026-02-09,3.48,3.75,4.22,-0.20000000000000018,-0.2749,0.0924,0.811
2026-02-10,3.45,3.7,4.16,-0.20999999999999996,-0.2753,0.0919,0.711
2026-02-11,3.52,3.75,4.18,-0.19999999999999973,-0.2757,0.0914,0.828
2026-02-12,3.47,3.67,4.09,-0.2200000000000002,-0.2762,0.0908,0.619
2026-02-13,3.4,3.61,4.04,-0.2200000000000002,-0.2766,0.0902,0.627
2026-02-17,3.43,3.63,4.05,-0.2200000000000002,-0.2771,0.0895,0.638
2026-02-18,3.47,3.66,4.09,-0.23999999999999977,-0.278,0.0881,0.431
2026-02-19,3.47,3.65,4.08,-0.25000000000000044,-0.2788,0.0869,0.331
2026-02-20,3.48,3.65,4.08,-0.26000000000000023,-0.2795,0.0859,0.227
2026-02-23,3.43,3.59,4.03,-0.2800000000000007,-0.2805,0.0846,0.006
2026-02-24,3.43,3.61,4.04,-0.25000000000000044,-0.2812,0.0835,0.374
2026-02-25,3.45,3.61,4.05,-0.28000000000000025,-0.2819,0.0827,0.023
2026-02-26,3.42,3.57,4.02,-0.2999999999999998,-0.2827,0.0819,-0.211
2026-02-27,3.38,3.51,3.97,-0.3300000000000005,-0.2838,0.0808,-0.572
2026-03-02,3.47,3.62,4.05,-0.2799999999999998,-0.2844,0.0802,0.055
2026-03-03,3.51,3.63,4.06,-0.3099999999999996,-0.2849,0.0799,-0.314
2026-03-04,3.54,3.67,4.09,-0.29000000000000004,-0.2853,0.0797,-0.059
2026-03-05,3.57,3.72,4.13,-0.25999999999999934,-0.2857,0.0794,0.324
2026-03-06,3.56,3.72,4.15,-0.27,-0.286,0.0791,0.202
2026-03-09,3.56,3.71,4.12,-0.26000000000000023,-0.2864,0.0787,0.335
2026-03-10,3.57,3.73,4.15,-0.26000000000000023,-0.287,0.0779,0.347
2026-03-11,3.64,3.79,4.21,-0.27,-0.2876,0.0773,0.228
2026-03-12,3.76,3.88,4.27,-0.2699999999999996,-0.2881,0.0767,0.236
2026-03-13,3.73,3.87,4.28,-0.27000000000000046,-0.2886,0.0762,0.244
2026-03-16,3.68,3.8,4.23,-0.31000000000000094,-0.2892,0.0757,-0.275
2026-03-17,3.68,3.79,4.2,-0.30000000000000027,-0.2898,0.0752,-0.136
2026-03-18,3.76,3.87,4.26,-0.27999999999999936,-0.2902,0.0748,0.136
2026-03-19,3.79,3.88,4.25,-0.28000000000000025,-0.2908,0.0743,0.145
2026-03-20,3.88,4.01,4.39,-0.25,-0.2912,0.0738,0.558
2026-03-23,3.83,3.95,4.34,-0.2699999999999996,-0.2915,0.0736,0.292
2026-03-24,3.9,4.03,4.39,-0.22999999999999954,-0.2917,0.0733,0.842
2026-03-25,3.84,3.96,4.33,-0.25,-0.292,0.073,0.575
2026-03-26,3.96,4.08,4.42,-0.21999999999999975,-0.2921,0.0728,0.99
2026-03-27,3.88,4.06,4.44,-0.20000000000000107,-0.2921,0.0728,1.265
2026-03-30,3.82,3.97,4.35,-0.22999999999999865,-0.2925,0.0722,0.866
2026-03-31,3.79,3.92,4.3,-0.25,-0.2928,0.0719,0.595
2026-04-01,3.81,3.97,4.33,-0.1999999999999993,-0.2929,0.0717,1.296
2026-04-02,3.79,3.94,4.31,-0.21999999999999975,-0.293,0.0716,1.02
2026-04-03,3.84,3.99,4.35,-0.20999999999999908,-0.2931,0.0715,1.162
2026-04-06,3.84,3.98,4.34,-0.21999999999999975,-0.2931,0.0715,1.022
2026-04-07,3.81,3.95,4.33,-0.2400000000000002,-0.2932,0.0714,0.745
2026-04-08,3.79,3.92,4.29,-0.2400000000000002,-0.2931,0.0715,0.743
2026-04-09,3.78,3.91,4.29,-0.2499999999999991,-0.2931,0.0715,0.603
2026-04-10,3.81,3.94,4.31,-0.23999999999999932,-0.2931,0.0715,0.743
2026-04-13,3.78,3.92,4.3,-0.23999999999999932,-0.2932,0.0714,0.745
2026-04-14,3.76,3.87,4.26,-0.27999999999999936,-0.2938,0.0706,0.195
2026-04-15,3.76,3.9,4.29,-0.25,-0.2941,0.0702,0.628
2026-04-16,3.78,3.91,4.32,-0.27999999999999936,-0.2947,0.0695,0.212
2026-04-17,3.71,3.84,4.26,-0.29000000000000004,-0.2951,0.0691,0.074
2026-04-20,3.72,3.86,4.26,-0.26000000000000023,-0.2952,0.069,0.51
2026-04-21,3.78,3.91,4.3,-0.2599999999999989,-0.2953,0.069,0.512
2026-04-22,3.79,3.91,4.3,-0.2699999999999996,-0.2954,0.0689,0.369
2026-04-23,3.83,3.96,4.34,-0.25,-0.2955,0.0689,0.66
2026-04-24,3.78,3.92,4.31,-0.2499999999999991,-0.2956,0.0687,0.664
2026-04-27,3.78,3.94,4.35,-0.25,-0.2958,0.0686,0.668
2026-04-28,3.84,3.97,4.36,-0.2599999999999998,-0.2958,0.0686,0.522
2026-04-29,3.92,4.05,4.42,-0.2400000000000002,-0.2956,0.0687,0.809
2026-04-30,3.88,4.02,4.4,-0.2400000000000011,-0.2955,0.0687,0.808
2026-05-01,3.88,4.02,4.39,-0.23000000000000043,-0.2952,0.0689,0.946
2026-05-04,3.95,4.08,4.45,-0.2400000000000002,-0.2948,0.0689,0.795
2026-05-05,3.93,4.08,4.43,-0.1999999999999993,-0.2943,0.0691,1.365
2026-05-06,3.87,3.99,4.36,-0.25,-0.294,0.0692,0.636
2026-05-07,3.92,4.04,4.41,-0.25,-0.2939,0.0692,0.634
2026-05-08,3.9,4.02,4.38,-0.2400000000000011,-0.2937,0.0693,0.775
2026-05-11,3.95,4.07,4.42,-0.22999999999999954,-0.2935,0.0694,0.915
2026-05-12,4.0,4.12,4.46,-0.21999999999999975,-0.2933,0.0696,1.053
2026-05-13,3.98,4.12,4.46,-0.20000000000000018,-0.2931,0.0698,1.334
2026-05-14,4.0,4.13,4.47,-0.20999999999999996,-0.2929,0.0699,1.186
2026-05-15,4.09,4.26,4.59,-0.16000000000000014,-0.2925,0.0704,1.882
2026-05-18,4.07,4.27,4.61,-0.14000000000000146,-0.2921,0.071,2.142
2026-05-19,4.13,4.32,4.67,-0.15999999999999925,-0.2916,0.0714,1.843
2026-05-20,4.04,4.22,4.57,-0.17000000000000082,-0.2912,0.0718,1.688
2026-05-21,4.08,4.25,4.57,-0.15000000000000036,-0.2906,0.0724,1.942
2026-05-22,4.13,4.27,4.56,-0.15000000000000036,-0.29,0.0729,1.92
2026-05-26,4.01,4.19,4.5,-0.129999999999999,-0.2894,0.0736,2.166
2026-05-27,4.0,4.17,4.48,-0.14000000000000057,-0.2887,0.0742,2.004
2026-05-28,3.99,4.15,4.45,-0.13999999999999968,-0.2878,0.0747,1.979
2026-05-29,3.98,4.13,4.45,-0.17000000000000082,-0.2874,0.075,1.565
2026-06-01,4.05,4.18,4.47,-0.16000000000000014,-0.2867,0.0754,1.68
2026-06-02,4.05,4.17,4.46,-0.16999999999999993,-0.286,0.0757,1.532
2026-06-03,4.08,4.21,4.49,-0.15000000000000036,-0.2851,0.0759,1.78
2026-06-04,4.05,4.18,4.47,-0.16000000000000014,-0.2842,0.0761,1.632
2026-06-05,4.17,4.29,4.55,-0.13999999999999968,-0.2835,0.0765,1.876
2026-06-08,4.15,4.29,4.56,-0.1299999999999999,-0.2825,0.0769,1.983
2026-06-09,4.13,4.26,4.53,-0.14000000000000057,-0.2817,0.0773,1.833
2026-06-10,4.13,4.27,4.55,-0.14000000000000057,-0.2811,0.0778,1.814
2026-06-11,4.05,4.18,4.45,-0.14000000000000057,-0.2804,0.0783,1.793
2026-06-12,4.09,4.21,4.48,-0.15000000000000036,-0.2797,0.0787,1.648
2026-06-15,4.07,4.18,4.47,-0.1800000000000006,-0.2792,0.0789,1.257
2026-06-16,4.05,4.16,4.43,-0.15999999999999925,-0.2785,0.0792,1.496
2026-06-17,4.2,4.27,4.49,-0.15000000000000124,-0.2778,0.0796,1.606
